# Blender v3.0.1 OBJ File: ''
# www.blender.org
mtllib worker_baked.mtl
o Worker_Feet
v 0.099736 0.056516 -0.003067
v 0.127069 0.089074 -0.003439
v 0.123460 0.047058 -0.003169
v 0.102583 0.094726 -0.003409
v 0.102583 0.094726 -0.003409
v 0.129118 0.122108 -0.003249
v 0.127069 0.089074 -0.003439
v 0.105009 0.133704 -0.003233
v 0.133915 0.185882 -0.002754
v 0.105009 0.133704 -0.003233
v 0.109887 0.197674 -0.002751
v 0.129118 0.122108 -0.003249
v 0.145590 0.286688 0.027410
v 0.168781 0.276360 -0.000713
v 0.145759 0.284407 -0.000923
v 0.170223 0.277964 0.027420
v 0.133915 0.185882 -0.002754
v 0.168781 0.276360 -0.000713
v 0.159873 0.187176 -0.002751
v 0.145759 0.284407 -0.000923
v 0.149326 0.053437 -0.003026
v 0.127069 0.089074 -0.003439
v 0.152273 0.091602 -0.003545
v 0.123460 0.047058 -0.003169
v 0.147150 0.021856 -0.000099
v 0.116246 0.008228 0.000840
v 0.123460 0.047058 -0.003169
v 0.149326 0.053437 -0.003026
v 0.109887 0.197674 -0.002751
v 0.145759 0.284407 -0.000923
v 0.133915 0.185882 -0.002754
v 0.118264 0.281706 -0.001201
v 0.118264 0.281706 -0.001201
v 0.145590 0.286688 0.027410
v 0.145759 0.284407 -0.000923
v 0.111100 0.282265 0.027398
v 0.168781 0.276360 -0.000713
v 0.191556 0.234520 0.026304
v 0.188538 0.234480 -0.001168
v 0.170223 0.277964 0.027420
v 0.091747 0.261108 -0.001039
v 0.111100 0.282265 0.027398
v 0.118264 0.281706 -0.001201
v 0.088947 0.260902 0.025963
v 0.080204 0.075342 -0.002141
v 0.099736 0.056516 -0.003067
v 0.077748 0.045481 -0.000979
v 0.092315 0.026149 0.000127
v 0.102583 0.094726 -0.003409
v 0.099736 0.056516 -0.003067
v 0.080204 0.075342 -0.002141
v 0.085276 0.106319 -0.002250
v 0.105009 0.133704 -0.003233
v 0.102583 0.094726 -0.003409
v 0.085276 0.106319 -0.002250
v 0.085574 0.146929 -0.001977
v 0.109887 0.197674 -0.002751
v 0.105009 0.133704 -0.003233
v 0.085574 0.146929 -0.001977
v 0.087210 0.216296 -0.001405
v 0.091747 0.261108 -0.001039
v 0.109887 0.197674 -0.002751
v 0.087210 0.216296 -0.001405
v 0.118264 0.281706 -0.001201
v 0.076689 0.076508 0.026983
v 0.081557 0.106919 0.026956
v 0.085276 0.106319 -0.002250
v 0.080204 0.075342 -0.002141
v 0.092315 0.026149 0.000127
v 0.074406 0.047431 0.028225
v 0.077748 0.045481 -0.000979
v 0.090874 0.025685 0.029541
v 0.074406 0.047431 0.028225
v 0.080204 0.075342 -0.002141
v 0.077748 0.045481 -0.000979
v 0.076689 0.076508 0.026983
v 0.081557 0.106919 0.026956
v 0.085574 0.146929 -0.001977
v 0.085276 0.106319 -0.002250
v 0.081796 0.147083 0.027281
v 0.081796 0.147083 0.027281
v 0.083447 0.216546 0.027372
v 0.087210 0.216296 -0.001405
v 0.085574 0.146929 -0.001977
v 0.087210 0.216296 -0.001405
v 0.088947 0.260902 0.025963
v 0.091747 0.261108 -0.001039
v 0.083447 0.216546 0.027372
v 0.152273 0.091602 -0.003545
v 0.168364 0.058975 -0.001991
v 0.149326 0.053437 -0.003026
v 0.173184 0.095307 -0.002428
v 0.168364 0.058975 -0.001991
v 0.177267 0.095044 0.026536
v 0.172073 0.059051 0.027222
v 0.173184 0.095307 -0.002428
v 0.146922 0.020576 0.029899
v 0.147150 0.021856 -0.000099
v 0.163444 0.036698 -0.000730
v 0.166293 0.036679 0.028620
v 0.163444 0.036698 -0.000730
v 0.172073 0.059051 0.027222
v 0.166293 0.036679 0.028620
v 0.168364 0.058975 -0.001991
v 0.173184 0.095307 -0.002428
v 0.180061 0.140434 0.026786
v 0.177267 0.095044 0.026536
v 0.175975 0.140774 -0.002333
v 0.175975 0.140774 -0.002333
v 0.186360 0.199676 0.027141
v 0.180061 0.140434 0.026786
v 0.182424 0.199901 -0.001468
v 0.182424 0.199901 -0.001468
v 0.191556 0.234520 0.026304
v 0.186360 0.199676 0.027141
v 0.188538 0.234480 -0.001168
v 0.154729 0.131246 -0.003385
v 0.173184 0.095307 -0.002428
v 0.152273 0.091602 -0.003545
v 0.175975 0.140774 -0.002333
v 0.154729 0.131246 -0.003385
v 0.159873 0.187176 -0.002751
v 0.175975 0.140774 -0.002333
v 0.182424 0.199901 -0.001468
v 0.159873 0.187176 -0.002751
v 0.188538 0.234480 -0.001168
v 0.182424 0.199901 -0.001468
v 0.168781 0.276360 -0.000713
v 0.147150 0.021856 -0.000099
v 0.149326 0.053437 -0.003026
v 0.163444 0.036698 -0.000730
v 0.168364 0.058975 -0.001991
v 0.123460 0.047058 -0.003169
v 0.116246 0.008228 0.000840
v 0.092315 0.026149 0.000127
v 0.099736 0.056516 -0.003067
v 0.154729 0.131246 -0.003385
v 0.133915 0.185882 -0.002754
v 0.159873 0.187176 -0.002751
v 0.129118 0.122108 -0.003249
v 0.152273 0.091602 -0.003545
v 0.129118 0.122108 -0.003249
v 0.154729 0.131246 -0.003385
v 0.127069 0.089074 -0.003439
v 0.115285 0.008687 0.031047
v 0.116246 0.008228 0.000840
v 0.147150 0.021856 -0.000099
v 0.146922 0.020576 0.029899
v 0.092315 0.026149 0.000127
v 0.115285 0.008687 0.031047
v 0.090874 0.025685 0.029541
v 0.116246 0.008228 0.000840
v -0.099746 0.056500 -0.003066
v -0.127066 0.089076 -0.003438
v -0.102579 0.094725 -0.003408
v -0.123482 0.047065 -0.003173
v -0.129118 0.122108 -0.003249
v -0.102579 0.094725 -0.003408
v -0.127066 0.089076 -0.003438
v -0.105009 0.133704 -0.003233
v -0.133915 0.185882 -0.002754
v -0.105009 0.133704 -0.003233
v -0.129118 0.122108 -0.003249
v -0.109887 0.197674 -0.002751
v -0.168781 0.276360 -0.000713
v -0.145590 0.286688 0.027410
v -0.145759 0.284407 -0.000923
v -0.170223 0.277964 0.027420
v -0.133915 0.185882 -0.002754
v -0.168781 0.276360 -0.000713
v -0.145759 0.284407 -0.000923
v -0.159873 0.187176 -0.002751
v -0.149341 0.053471 -0.003031
v -0.127066 0.089076 -0.003438
v -0.123482 0.047065 -0.003173
v -0.152267 0.091613 -0.003544
v -0.123482 0.047065 -0.003173
v -0.147209 0.021893 -0.000113
v -0.149341 0.053471 -0.003031
v -0.116324 0.008225 0.000825
v -0.109887 0.197674 -0.002751
v -0.145759 0.284407 -0.000923
v -0.118264 0.281706 -0.001201
v -0.133915 0.185882 -0.002754
v -0.118264 0.281706 -0.001201
v -0.145590 0.286688 0.027410
v -0.111100 0.282265 0.027398
v -0.145759 0.284407 -0.000923
v -0.168781 0.276360 -0.000713
v -0.191556 0.234520 0.026304
v -0.170223 0.277964 0.027420
v -0.188538 0.234480 -0.001168
v -0.091747 0.261108 -0.001039
v -0.118264 0.281706 -0.001201
v -0.111100 0.282265 0.027398
v -0.088947 0.260902 0.025963
v -0.099746 0.056500 -0.003066
v -0.080200 0.075326 -0.002138
v -0.077771 0.045437 -0.000980
v -0.092366 0.026117 0.000120
v -0.099746 0.056500 -0.003066
v -0.102579 0.094725 -0.003408
v -0.080200 0.075326 -0.002138
v -0.085271 0.106315 -0.002248
v -0.102579 0.094725 -0.003408
v -0.105009 0.133704 -0.003233
v -0.085271 0.106315 -0.002248
v -0.085574 0.146929 -0.001977
v -0.105009 0.133704 -0.003233
v -0.109887 0.197674 -0.002751
v -0.085574 0.146929 -0.001977
v -0.087210 0.216296 -0.001405
v -0.109887 0.197674 -0.002751
v -0.091747 0.261108 -0.001039
v -0.087210 0.216296 -0.001405
v -0.118264 0.281706 -0.001201
v -0.085271 0.106315 -0.002248
v -0.076683 0.076479 0.026987
v -0.080200 0.075326 -0.002138
v -0.081547 0.106910 0.026960
v -0.092366 0.026117 0.000120
v -0.074439 0.047353 0.028226
v -0.090952 0.025626 0.029531
v -0.077771 0.045437 -0.000980
v -0.080200 0.075326 -0.002138
v -0.074439 0.047353 0.028226
v -0.077771 0.045437 -0.000980
v -0.076683 0.076479 0.026987
v -0.085574 0.146929 -0.001977
v -0.081547 0.106910 0.026960
v -0.085271 0.106315 -0.002248
v -0.081794 0.147082 0.027281
v -0.087210 0.216296 -0.001405
v -0.081794 0.147082 0.027281
v -0.085574 0.146929 -0.001977
v -0.083447 0.216546 0.027372
v -0.087210 0.216296 -0.001405
v -0.088947 0.260902 0.025963
v -0.083447 0.216546 0.027372
v -0.091747 0.261108 -0.001039
v -0.152267 0.091613 -0.003544
v -0.149341 0.053471 -0.003031
v -0.168375 0.059031 -0.001996
v -0.173175 0.095329 -0.002427
v -0.168375 0.059031 -0.001996
v -0.177251 0.095081 0.026537
v -0.173175 0.095329 -0.002427
v -0.172090 0.059129 0.027215
v -0.147012 0.020620 0.029878
v -0.163484 0.036755 -0.000741
v -0.147209 0.021893 -0.000113
v -0.166351 0.036756 0.028604
v -0.163484 0.036755 -0.000741
v -0.172090 0.059129 0.027215
v -0.168375 0.059031 -0.001996
v -0.166351 0.036756 0.028604
v -0.173175 0.095329 -0.002427
v -0.180046 0.140447 0.026788
v -0.175967 0.140781 -0.002332
v -0.177251 0.095081 0.026537
v -0.175967 0.140781 -0.002332
v -0.186360 0.199676 0.027141
v -0.182424 0.199901 -0.001468
v -0.180046 0.140447 0.026788
v -0.182424 0.199901 -0.001468
v -0.191556 0.234520 0.026304
v -0.188538 0.234480 -0.001168
v -0.186360 0.199676 0.027141
v -0.154725 0.131248 -0.003385
v -0.152267 0.091613 -0.003544
v -0.173175 0.095329 -0.002427
v -0.175967 0.140781 -0.002332
v -0.159873 0.187176 -0.002751
v -0.154725 0.131248 -0.003385
v -0.175967 0.140781 -0.002332
v -0.182424 0.199901 -0.001468
v -0.188538 0.234480 -0.001168
v -0.159873 0.187176 -0.002751
v -0.182424 0.199901 -0.001468
v -0.168781 0.276360 -0.000713
v -0.149341 0.053471 -0.003031
v -0.147209 0.021893 -0.000113
v -0.163484 0.036755 -0.000741
v -0.168375 0.059031 -0.001996
v -0.092366 0.026117 0.000120
v -0.123482 0.047065 -0.003173
v -0.099746 0.056500 -0.003066
v -0.116324 0.008225 0.000825
v -0.154725 0.131248 -0.003385
v -0.133915 0.185882 -0.002754
v -0.129118 0.122108 -0.003249
v -0.159873 0.187176 -0.002751
v -0.152267 0.091613 -0.003544
v -0.129118 0.122108 -0.003249
v -0.127066 0.089076 -0.003438
v -0.154725 0.131248 -0.003385
v -0.115397 0.008671 0.031027
v -0.147209 0.021893 -0.000113
v -0.116324 0.008225 0.000825
v -0.147012 0.020620 0.029878
v -0.092366 0.026117 0.000120
v -0.115397 0.008671 0.031027
v -0.116324 0.008225 0.000825
v -0.090952 0.025626 0.029531
v 0.162745 0.070428 0.170730
v 0.159056 0.109631 0.269790
v 0.160193 0.078384 0.272248
v 0.161523 0.104021 0.168088
v 0.129749 0.110761 0.167756
v 0.159056 0.109631 0.269790
v 0.161523 0.104021 0.168088
v 0.129502 0.115900 0.269482
v 0.118864 0.033815 0.173895
v 0.096482 0.053139 0.274641
v 0.094250 0.043286 0.173302
v 0.119378 0.044329 0.275192
v 0.129749 0.110761 0.167756
v 0.103204 0.109097 0.270184
v 0.129502 0.115900 0.269482
v 0.101476 0.103447 0.168511
v 0.118864 0.033815 0.173895
v 0.145724 0.049557 0.274613
v 0.119378 0.044329 0.275192
v 0.147189 0.039436 0.173273
v 0.087147 0.056005 0.172343
v 0.096482 0.053139 0.274641
v 0.089876 0.064969 0.273749
v 0.094250 0.043286 0.173302
v 0.155765 0.057989 0.273885
v 0.147189 0.039436 0.173273
v 0.157985 0.048501 0.172490
v 0.145724 0.049557 0.274613
v 0.162745 0.070428 0.170730
v 0.155765 0.057989 0.273885
v 0.157985 0.048501 0.172490
v 0.160193 0.078384 0.272248
v 0.091068 0.082004 0.170268
v 0.089876 0.064969 0.273749
v 0.093523 0.089152 0.271818
v 0.087147 0.056005 0.172343
v 0.091068 0.082004 0.170268
v 0.103204 0.109097 0.270184
v 0.101476 0.103447 0.168511
v 0.093523 0.089152 0.271818
v 0.160943 0.045130 0.095440
v 0.161603 0.070154 0.121608
v 0.156195 0.048905 0.126534
v 0.167742 0.069849 0.087531
v 0.116216 0.022712 0.121332
v 0.143182 0.038621 0.136202
v 0.118042 0.031527 0.140924
v 0.143957 0.032140 0.112951
v 0.100844 0.113081 0.090819
v 0.091463 0.082637 0.115637
v 0.103787 0.105665 0.122270
v 0.085238 0.084572 0.076863
v 0.143957 0.032140 0.112951
v 0.156195 0.048905 0.126534
v 0.143182 0.038621 0.136202
v 0.160943 0.045130 0.095440
v 0.131230 0.126427 0.099406
v 0.103787 0.105665 0.122270
v 0.130402 0.115297 0.126506
v 0.100844 0.113081 0.090819
v 0.079926 0.053932 0.086051
v 0.091463 0.082637 0.115637
v 0.085238 0.084572 0.076863
v 0.087074 0.056499 0.121452
v 0.131230 0.126427 0.099406
v 0.159744 0.107665 0.124495
v 0.164696 0.117252 0.095193
v 0.130402 0.115297 0.126506
v 0.095743 0.042002 0.134003
v 0.116216 0.022712 0.121332
v 0.118042 0.031527 0.140924
v 0.091265 0.035844 0.108834
v 0.087074 0.056499 0.121452
v 0.079926 0.053932 0.086051
v 0.091265 0.035844 0.108834
v 0.095743 0.042002 0.134003
v 0.159744 0.107665 0.124495
v 0.167742 0.069849 0.087531
v 0.164696 0.117252 0.095193
v 0.161603 0.070154 0.121608
v 0.159744 0.107665 0.124495
v 0.163726 0.070344 0.154551
v 0.161603 0.070154 0.121608
v 0.162300 0.106717 0.153731
v 0.085739 0.055669 0.155583
v 0.087074 0.056499 0.121452
v 0.095743 0.042002 0.134003
v 0.093670 0.041840 0.160774
v 0.118042 0.031527 0.140924
v 0.093670 0.041840 0.160774
v 0.095743 0.042002 0.134003
v 0.118350 0.031657 0.163680
v 0.130402 0.115297 0.126506
v 0.162300 0.106717 0.153731
v 0.159744 0.107665 0.124495
v 0.130247 0.114068 0.154230
v 0.087074 0.056499 0.121452
v 0.089974 0.082674 0.152076
v 0.091463 0.082637 0.115637
v 0.085739 0.055669 0.155583
v 0.130402 0.115297 0.126506
v 0.101498 0.105604 0.153249
v 0.130247 0.114068 0.154230
v 0.103787 0.105665 0.122270
v 0.143182 0.038621 0.136202
v 0.158556 0.047858 0.157522
v 0.146561 0.038018 0.161551
v 0.156195 0.048905 0.126534
v 0.103787 0.105665 0.122270
v 0.089974 0.082674 0.152076
v 0.101498 0.105604 0.153249
v 0.091463 0.082637 0.115637
v 0.118042 0.031527 0.140924
v 0.146561 0.038018 0.161551
v 0.118350 0.031657 0.163680
v 0.143182 0.038621 0.136202
v 0.156195 0.048905 0.126534
v 0.163726 0.070344 0.154551
v 0.158556 0.047858 0.157522
v 0.161603 0.070154 0.121608
v 0.158556 0.047858 0.157522
v 0.162745 0.070428 0.170730
v 0.157985 0.048501 0.172490
v 0.163726 0.070344 0.154551
v 0.146561 0.038018 0.161551
v 0.118864 0.033815 0.173895
v 0.118350 0.031657 0.163680
v 0.147189 0.039436 0.173273
v 0.089974 0.082674 0.152076
v 0.101476 0.103447 0.168511
v 0.101498 0.105604 0.153249
v 0.091068 0.082004 0.170268
v 0.146561 0.038018 0.161551
v 0.157985 0.048501 0.172490
v 0.147189 0.039436 0.173273
v 0.158556 0.047858 0.157522
v 0.130247 0.114068 0.154230
v 0.101476 0.103447 0.168511
v 0.129749 0.110761 0.167756
v 0.101498 0.105604 0.153249
v 0.085739 0.055669 0.155583
v 0.091068 0.082004 0.170268
v 0.089974 0.082674 0.152076
v 0.087147 0.056005 0.172343
v 0.130247 0.114068 0.154230
v 0.161523 0.104021 0.168088
v 0.162300 0.106717 0.153731
v 0.129749 0.110761 0.167756
v 0.118350 0.031657 0.163680
v 0.094250 0.043286 0.173302
v 0.093670 0.041840 0.160774
v 0.118864 0.033815 0.173895
v 0.093670 0.041840 0.160774
v 0.087147 0.056005 0.172343
v 0.085739 0.055669 0.155583
v 0.094250 0.043286 0.173302
v 0.161523 0.104021 0.168088
v 0.163726 0.070344 0.154551
v 0.162300 0.106717 0.153731
v 0.162745 0.070428 0.170730
v 0.090946 0.028308 0.062598
v 0.091265 0.035844 0.108834
v 0.079926 0.053932 0.086051
v 0.076073 0.049903 0.058865
v 0.170272 0.064786 0.064238
v 0.160943 0.045130 0.095440
v 0.166332 0.038993 0.063324
v 0.167742 0.069849 0.087531
v 0.115093 0.011093 0.065259
v 0.143957 0.032140 0.112951
v 0.116216 0.022712 0.121332
v 0.146803 0.022686 0.063226
v 0.080604 0.080760 0.058904
v 0.079926 0.053932 0.086051
v 0.085238 0.084572 0.076863
v 0.076073 0.049903 0.058865
v 0.088709 0.110164 0.055300
v 0.085238 0.084572 0.076863
v 0.100844 0.113081 0.090819
v 0.080604 0.080760 0.058904
v 0.146803 0.022686 0.063226
v 0.160943 0.045130 0.095440
v 0.143957 0.032140 0.112951
v 0.166332 0.038993 0.063324
v 0.115093 0.011093 0.065259
v 0.091265 0.035844 0.108834
v 0.090946 0.028308 0.062598
v 0.116216 0.022712 0.121332
v 0.115583 0.270516 0.055366
v 0.134522 0.213874 0.064882
v 0.142181 0.270367 0.058629
v 0.108718 0.219180 0.061820
v 0.115583 0.270516 0.055366
v 0.145590 0.286688 0.027410
v 0.111100 0.282265 0.027398
v 0.142181 0.270367 0.058629
v 0.108718 0.219180 0.061820
v 0.132264 0.165101 0.081617
v 0.134522 0.213874 0.064882
v 0.104624 0.163742 0.076059
v 0.104624 0.163742 0.076059
v 0.131230 0.126427 0.099406
v 0.132264 0.165101 0.081617
v 0.100844 0.113081 0.090819
v 0.160413 0.207139 0.062937
v 0.132264 0.165101 0.081617
v 0.158018 0.160371 0.075778
v 0.134522 0.213874 0.064882
v 0.131230 0.126427 0.099406
v 0.164696 0.117252 0.095193
v 0.158018 0.160371 0.075778
v 0.132264 0.165101 0.081617
v 0.088947 0.260902 0.025963
v 0.115583 0.270516 0.055366
v 0.111100 0.282265 0.027398
v 0.094518 0.252207 0.044160
v 0.145590 0.286688 0.027410
v 0.165504 0.255895 0.056453
v 0.170223 0.277964 0.027420
v 0.142181 0.270367 0.058629
v 0.165504 0.255895 0.056453
v 0.191556 0.234520 0.026304
v 0.170223 0.277964 0.027420
v 0.181060 0.225908 0.043710
v 0.080604 0.080760 0.058904
v 0.081557 0.106919 0.026956
v 0.076689 0.076508 0.026983
v 0.088709 0.110164 0.055300
v 0.172073 0.059051 0.027222
v 0.166332 0.038993 0.063324
v 0.166293 0.036679 0.028620
v 0.170272 0.064786 0.064238
v 0.090874 0.025685 0.029541
v 0.076073 0.049903 0.058865
v 0.074406 0.047431 0.028225
v 0.090946 0.028308 0.062598
v 0.108718 0.219180 0.061820
v 0.115583 0.270516 0.055366
v 0.094518 0.252207 0.044160
v 0.085646 0.216663 0.049616
v 0.085646 0.216663 0.049616
v 0.104624 0.163742 0.076059
v 0.108718 0.219180 0.061820
v 0.084389 0.152807 0.051342
v 0.088709 0.110164 0.055300
v 0.104624 0.163742 0.076059
v 0.084389 0.152807 0.051342
v 0.100844 0.113081 0.090819
v 0.166293 0.036679 0.028620
v 0.146803 0.022686 0.063226
v 0.146922 0.020576 0.029899
v 0.166332 0.038993 0.063324
v 0.083447 0.216546 0.027372
v 0.094518 0.252207 0.044160
v 0.088947 0.260902 0.025963
v 0.085646 0.216663 0.049616
v 0.083447 0.216546 0.027372
v 0.081796 0.147083 0.027281
v 0.084389 0.152807 0.051342
v 0.085646 0.216663 0.049616
v 0.088709 0.110164 0.055300
v 0.084389 0.152807 0.051342
v 0.081796 0.147083 0.027281
v 0.081557 0.106919 0.026956
v 0.076073 0.049903 0.058865
v 0.080604 0.080760 0.058904
v 0.076689 0.076508 0.026983
v 0.074406 0.047431 0.028225
v 0.177267 0.095044 0.026536
v 0.170272 0.064786 0.064238
v 0.172073 0.059051 0.027222
v 0.168517 0.102003 0.065666
v 0.168517 0.102003 0.065666
v 0.167742 0.069849 0.087531
v 0.170272 0.064786 0.064238
v 0.164696 0.117252 0.095193
v 0.181060 0.225908 0.043710
v 0.160413 0.207139 0.062937
v 0.178434 0.200581 0.048784
v 0.165504 0.255895 0.056453
v 0.178434 0.200581 0.048784
v 0.158018 0.160371 0.075778
v 0.172389 0.150179 0.057560
v 0.160413 0.207139 0.062937
v 0.172389 0.150179 0.057560
v 0.164696 0.117252 0.095193
v 0.168517 0.102003 0.065666
v 0.158018 0.160371 0.075778
v 0.181060 0.225908 0.043710
v 0.186360 0.199676 0.027141
v 0.191556 0.234520 0.026304
v 0.178434 0.200581 0.048784
v 0.186360 0.199676 0.027141
v 0.172389 0.150179 0.057560
v 0.180061 0.140434 0.026786
v 0.178434 0.200581 0.048784
v 0.180061 0.140434 0.026786
v 0.168517 0.102003 0.065666
v 0.177267 0.095044 0.026536
v 0.172389 0.150179 0.057560
v 0.142181 0.270367 0.058629
v 0.134522 0.213874 0.064882
v 0.165504 0.255895 0.056453
v 0.160413 0.207139 0.062937
v 0.090946 0.028308 0.062598
v 0.090874 0.025685 0.029541
v 0.115285 0.008687 0.031047
v 0.115093 0.011093 0.065259
v 0.115285 0.008687 0.031047
v 0.146803 0.022686 0.063226
v 0.115093 0.011093 0.065259
v 0.146922 0.020576 0.029899
v -0.162765 0.070448 0.170727
v -0.159006 0.109597 0.269806
v -0.161468 0.104040 0.168101
v -0.160211 0.078352 0.272249
v -0.159006 0.109597 0.269806
v -0.129680 0.110711 0.167777
v -0.161468 0.104040 0.168101
v -0.129438 0.115802 0.269505
v -0.096556 0.052966 0.274640
v -0.118964 0.033739 0.173881
v -0.094329 0.043156 0.173297
v -0.119471 0.044207 0.275183
v -0.129680 0.110711 0.167777
v -0.103155 0.108942 0.270208
v -0.101423 0.103335 0.168533
v -0.129438 0.115802 0.269505
v -0.118964 0.033739 0.173881
v -0.145805 0.049493 0.274603
v -0.147276 0.039422 0.173258
v -0.119471 0.044207 0.275183
v -0.087198 0.055860 0.172346
v -0.096556 0.052966 0.274640
v -0.094329 0.043156 0.173297
v -0.089923 0.064783 0.273755
v -0.147276 0.039422 0.173258
v -0.155828 0.057946 0.273877
v -0.158052 0.048511 0.172477
v -0.145805 0.049493 0.274603
v -0.155828 0.057946 0.273877
v -0.162765 0.070448 0.170727
v -0.158052 0.048511 0.172477
v -0.160211 0.078352 0.272249
v -0.091062 0.081869 0.170281
v -0.089923 0.064783 0.273755
v -0.087198 0.055860 0.172346
v -0.093518 0.088975 0.271835
v -0.103155 0.108942 0.270208
v -0.091062 0.081869 0.170281
v -0.101423 0.103335 0.168533
v -0.093518 0.088975 0.271835
v -0.161004 0.045181 0.095426
v -0.161615 0.070195 0.121605
v -0.167749 0.069915 0.087528
v -0.156254 0.048933 0.126522
v -0.116331 0.022654 0.121314
v -0.143265 0.038615 0.136187
v -0.144051 0.032147 0.112933
v -0.118142 0.031464 0.140910
v -0.100774 0.113022 0.090841
v -0.091448 0.082528 0.115651
v -0.085214 0.084482 0.076877
v -0.103724 0.105584 0.122292
v -0.144051 0.032147 0.112933
v -0.156254 0.048933 0.126522
v -0.161004 0.045181 0.095426
v -0.143265 0.038615 0.136187
v -0.131141 0.126419 0.099427
v -0.103724 0.105584 0.122292
v -0.100774 0.113022 0.090841
v -0.130320 0.115270 0.126528
v -0.079966 0.053817 0.086053
v -0.085214 0.084482 0.076877
v -0.091448 0.082528 0.115651
v -0.087116 0.056378 0.121455
v -0.131141 0.126419 0.099427
v -0.164621 0.117301 0.095208
v -0.159679 0.107699 0.124509
v -0.130320 0.115270 0.126528
v -0.116331 0.022654 0.121314
v -0.091350 0.035738 0.108826
v -0.095819 0.041894 0.133997
v -0.118142 0.031464 0.140910
v -0.091350 0.035738 0.108826
v -0.087116 0.056378 0.121455
v -0.095819 0.041894 0.133997
v -0.079966 0.053817 0.086053
v -0.167749 0.069915 0.087528
v -0.159679 0.107699 0.124509
v -0.164621 0.117301 0.095208
v -0.161615 0.070195 0.121605
v -0.163743 0.070374 0.154547
v -0.162238 0.106745 0.153745
v -0.159679 0.107699 0.124509
v -0.161615 0.070195 0.121605
v -0.095819 0.041894 0.133997
v -0.087116 0.056378 0.121455
v -0.085788 0.055529 0.155585
v -0.093750 0.041715 0.160769
v -0.093750 0.041715 0.160769
v -0.118142 0.031464 0.140910
v -0.095819 0.041894 0.133997
v -0.118452 0.031585 0.163666
v -0.162238 0.106745 0.153745
v -0.130169 0.114025 0.154252
v -0.130320 0.115270 0.126528
v -0.159679 0.107699 0.124509
v -0.089963 0.082545 0.152090
v -0.087116 0.056378 0.121455
v -0.091448 0.082528 0.115651
v -0.085788 0.055529 0.155585
v -0.130320 0.115270 0.126528
v -0.101438 0.105499 0.153272
v -0.103724 0.105584 0.122292
v -0.130169 0.114025 0.154252
v -0.143265 0.038615 0.136187
v -0.158622 0.047875 0.157509
v -0.156254 0.048933 0.126522
v -0.146650 0.038008 0.161535
v -0.103724 0.105584 0.122292
v -0.089963 0.082545 0.152090
v -0.091448 0.082528 0.115651
v -0.101438 0.105499 0.153272
v -0.118142 0.031464 0.140910
v -0.146650 0.038008 0.161535
v -0.143265 0.038615 0.136187
v -0.118452 0.031585 0.163666
v -0.156254 0.048933 0.126522
v -0.163743 0.070374 0.154547
v -0.161615 0.070195 0.121605
v -0.158622 0.047875 0.157509
v -0.158622 0.047875 0.157509
v -0.162765 0.070448 0.170727
v -0.163743 0.070374 0.154547
v -0.158052 0.048511 0.172477
v -0.118964 0.033739 0.173881
v -0.147276 0.039422 0.173258
v -0.146650 0.038008 0.161535
v -0.118452 0.031585 0.163666
v -0.089963 0.082545 0.152090
v -0.101438 0.105499 0.153272
v -0.101423 0.103335 0.168533
v -0.091062 0.081869 0.170281
v -0.146650 0.038008 0.161535
v -0.158052 0.048511 0.172477
v -0.158622 0.047875 0.157509
v -0.147276 0.039422 0.173258
v -0.130169 0.114025 0.154252
v -0.101423 0.103335 0.168533
v -0.101438 0.105499 0.153272
v -0.129680 0.110711 0.167777
v -0.091062 0.081869 0.170281
v -0.085788 0.055529 0.155585
v -0.089963 0.082545 0.152090
v -0.087198 0.055860 0.172346
v -0.161468 0.104040 0.168101
v -0.130169 0.114025 0.154252
v -0.162238 0.106745 0.153745
v -0.129680 0.110711 0.167777
v -0.094329 0.043156 0.173297
v -0.118452 0.031585 0.163666
v -0.093750 0.041715 0.160769
v -0.118964 0.033739 0.173881
v -0.087198 0.055860 0.172346
v -0.093750 0.041715 0.160769
v -0.085788 0.055529 0.155585
v -0.094329 0.043156 0.173297
v -0.163743 0.070374 0.154547
v -0.161468 0.104040 0.168101
v -0.162238 0.106745 0.153745
v -0.162765 0.070448 0.170727
v -0.079966 0.053817 0.086053
v -0.091034 0.028228 0.062587
v -0.076113 0.049801 0.058866
v -0.091350 0.035738 0.108826
v -0.161004 0.045181 0.095426
v -0.170284 0.064863 0.064232
v -0.166397 0.039066 0.063307
v -0.167749 0.069915 0.087528
v -0.115219 0.011061 0.065237
v -0.144051 0.032147 0.112933
v -0.146903 0.022721 0.063204
v -0.116331 0.022654 0.121314
v -0.080586 0.080682 0.058916
v -0.079966 0.053817 0.086053
v -0.076113 0.049801 0.058866
v -0.085214 0.084482 0.076877
v -0.088682 0.110141 0.055308
v -0.085214 0.084482 0.076877
v -0.080586 0.080682 0.058916
v -0.100774 0.113022 0.090841
v -0.161004 0.045181 0.095426
v -0.146903 0.022721 0.063204
v -0.144051 0.032147 0.112933
v -0.166397 0.039066 0.063307
v -0.091350 0.035738 0.108826
v -0.115219 0.011061 0.065237
v -0.091034 0.028228 0.062587
v -0.116331 0.022654 0.121314
v -0.134522 0.213874 0.064882
v -0.115583 0.270516 0.055366
v -0.142181 0.270367 0.058629
v -0.108718 0.219180 0.061820
v -0.145590 0.286688 0.027410
v -0.115583 0.270516 0.055366
v -0.111100 0.282265 0.027398
v -0.142181 0.270367 0.058629
v -0.132230 0.165103 0.081624
v -0.108718 0.219180 0.061820
v -0.134522 0.213874 0.064882
v -0.104598 0.163737 0.076065
v -0.104598 0.163737 0.076065
v -0.131141 0.126419 0.099427
v -0.100774 0.113022 0.090841
v -0.132230 0.165103 0.081624
v -0.160407 0.207141 0.062938
v -0.132230 0.165103 0.081624
v -0.134522 0.213874 0.064882
v -0.157985 0.160383 0.075785
v -0.157985 0.160383 0.075785
v -0.131141 0.126419 0.099427
v -0.132230 0.165103 0.081624
v -0.164621 0.117301 0.095208
v -0.088947 0.260902 0.025963
v -0.111100 0.282265 0.027398
v -0.115583 0.270516 0.055366
v -0.094518 0.252207 0.044160
v -0.145590 0.286688 0.027410
v -0.170223 0.277964 0.027420
v -0.165504 0.255895 0.056453
v -0.142181 0.270367 0.058629
v -0.191556 0.234520 0.026304
v -0.165504 0.255895 0.056453
v -0.170223 0.277964 0.027420
v -0.181060 0.225908 0.043710
v -0.081547 0.106910 0.026960
v -0.080586 0.080682 0.058916
v -0.076683 0.076479 0.026987
v -0.088682 0.110141 0.055308
v -0.166397 0.039066 0.063307
v -0.172090 0.059129 0.027215
v -0.166351 0.036756 0.028604
v -0.170284 0.064863 0.064232
v -0.090952 0.025626 0.029531
v -0.076113 0.049801 0.058866
v -0.091034 0.028228 0.062587
v -0.074439 0.047353 0.028226
v -0.094518 0.252207 0.044160
v -0.115583 0.270516 0.055366
v -0.108718 0.219180 0.061820
v -0.085646 0.216663 0.049616
v -0.085646 0.216663 0.049616
v -0.108718 0.219180 0.061820
v -0.104598 0.163737 0.076065
v -0.084378 0.152803 0.051345
v -0.088682 0.110141 0.055308
v -0.104598 0.163737 0.076065
v -0.100774 0.113022 0.090841
v -0.084378 0.152803 0.051345
v -0.146903 0.022721 0.063204
v -0.166351 0.036756 0.028604
v -0.147012 0.020620 0.029878
v -0.166397 0.039066 0.063307
v -0.094518 0.252207 0.044160
v -0.083447 0.216546 0.027372
v -0.088947 0.260902 0.025963
v -0.085646 0.216663 0.049616
v -0.083447 0.216546 0.027372
v -0.084378 0.152803 0.051345
v -0.081794 0.147082 0.027281
v -0.085646 0.216663 0.049616
v -0.081794 0.147082 0.027281
v -0.088682 0.110141 0.055308
v -0.081547 0.106910 0.026960
v -0.084378 0.152803 0.051345
v -0.076683 0.076479 0.026987
v -0.076113 0.049801 0.058866
v -0.074439 0.047353 0.028226
v -0.080586 0.080682 0.058916
v -0.170284 0.064863 0.064232
v -0.168470 0.102063 0.065674
v -0.177251 0.095081 0.026537
v -0.172090 0.059129 0.027215
v -0.167749 0.069915 0.087528
v -0.168470 0.102063 0.065674
v -0.170284 0.064863 0.064232
v -0.164621 0.117301 0.095208
v -0.160407 0.207141 0.062938
v -0.181060 0.225908 0.043710
v -0.178428 0.200584 0.048785
v -0.165504 0.255895 0.056453
v -0.178428 0.200584 0.048785
v -0.172361 0.150197 0.057565
v -0.157985 0.160383 0.075785
v -0.160407 0.207141 0.062938
v -0.172361 0.150197 0.057565
v -0.168470 0.102063 0.065674
v -0.164621 0.117301 0.095208
v -0.157985 0.160383 0.075785
v -0.186360 0.199676 0.027141
v -0.181060 0.225908 0.043710
v -0.191556 0.234520 0.026304
v -0.178428 0.200584 0.048785
v -0.186360 0.199676 0.027141
v -0.180046 0.140447 0.026788
v -0.172361 0.150197 0.057565
v -0.178428 0.200584 0.048785
v -0.168470 0.102063 0.065674
v -0.172361 0.150197 0.057565
v -0.180046 0.140447 0.026788
v -0.177251 0.095081 0.026537
v -0.134522 0.213874 0.064882
v -0.142181 0.270367 0.058629
v -0.165504 0.255895 0.056453
v -0.160407 0.207141 0.062938
v -0.091034 0.028228 0.062587
v -0.115397 0.008671 0.031027
v -0.090952 0.025626 0.029531
v -0.115219 0.011061 0.065237
v -0.115397 0.008671 0.031027
v -0.146903 0.022721 0.063204
v -0.147012 0.020620 0.029878
v -0.115219 0.011061 0.065237
vt 0.000000 0.000000
vt 0.000000 0.000000
vt 0.000000 0.000000
vt 0.000000 0.000000
vt 0.000000 0.000000
vt 0.000000 0.000000
vt 0.000000 0.000000
vt 0.000000 0.000000
vt 0.000000 0.000000
vt 0.000000 0.000000
vt 0.000000 0.000000
vt 0.000000 0.000000
vt 0.000000 0.000000
vt 0.000000 0.000000
vt 0.000000 0.000000
vt 0.000000 0.000000
vt 0.000000 0.000000
vt 0.000000 0.000000
vt 0.000000 0.000000
vt 0.000000 0.000000
vt 0.000000 0.000000
vt 0.000000 0.000000
vt 0.000000 0.000000
vt 0.000000 0.000000
vt 0.000000 0.000000
vt 0.000000 0.000000
vt 0.000000 0.000000
vt 0.000000 0.000000
vt 0.000000 0.000000
vt 0.000000 0.000000
vt 0.000000 0.000000
vt 0.000000 0.000000
vt 0.000000 0.000000
vt 0.000000 0.000000
vt 0.000000 0.000000
vt 0.000000 0.000000
vt 0.000000 0.000000
vt 0.000000 0.000000
vt 0.000000 0.000000
vt 0.000000 0.000000
vt 0.000000 0.000000
vt 0.000000 0.000000
vt 0.000000 0.000000
vt 0.000000 0.000000
vt 0.000000 0.000000
vt 0.000000 0.000000
vt 0.000000 0.000000
vt 0.000000 0.000000
vt 0.000000 0.000000
vt 0.000000 0.000000
vt 0.000000 0.000000
vt 0.000000 0.000000
vt 0.000000 0.000000
vt 0.000000 0.000000
vt 0.000000 0.000000
vt 0.000000 0.000000
vt 0.000000 0.000000
vt 0.000000 0.000000
vt 0.000000 0.000000
vt 0.000000 0.000000
vt 0.000000 0.000000
vt 0.000000 0.000000
vt 0.000000 0.000000
vt 0.000000 0.000000
vt 0.000000 0.000000
vt 0.000000 0.000000
vt 0.000000 0.000000
vt 0.000000 0.000000
vt 0.000000 0.000000
vt 0.000000 0.000000
vt 0.000000 0.000000
vt 0.000000 0.000000
vt 0.000000 0.000000
vt 0.000000 0.000000
vt 0.000000 0.000000
vt 0.000000 0.000000
vt 0.000000 0.000000
vt 0.000000 0.000000
vt 0.000000 0.000000
vt 0.000000 0.000000
vt 0.000000 0.000000
vt 0.000000 0.000000
vt 0.000000 0.000000
vt 0.000000 0.000000
vt 0.000000 0.000000
vt 0.000000 0.000000
vt 0.000000 0.000000
vt 0.000000 0.000000
vt 0.000000 0.000000
vt 0.000000 0.000000
vt 0.000000 0.000000
vt 0.000000 0.000000
vt 0.000000 0.000000
vt 0.000000 0.000000
vt 0.000000 0.000000
vt 0.000000 0.000000
vt 0.000000 0.000000
vt 0.000000 0.000000
vt 0.000000 0.000000
vt 0.000000 0.000000
vt 0.000000 0.000000
vt 0.000000 0.000000
vt 0.000000 0.000000
vt 0.000000 0.000000
vt 0.000000 0.000000
vt 0.000000 0.000000
vt 0.000000 0.000000
vt 0.000000 0.000000
vt 0.000000 0.000000
vt 0.000000 0.000000
vt 0.000000 0.000000
vt 0.000000 0.000000
vt 0.000000 0.000000
vt 0.000000 0.000000
vt 0.000000 0.000000
vt 0.000000 0.000000
vt 0.000000 0.000000
vt 0.000000 0.000000
vt 0.000000 0.000000
vt 0.000000 0.000000
vt 0.000000 0.000000
vt 0.000000 0.000000
vt 0.000000 0.000000
vt 0.000000 0.000000
vt 0.000000 0.000000
vt 0.000000 0.000000
vt 0.000000 0.000000
vt 0.000000 0.000000
vt 0.000000 0.000000
vt 0.000000 0.000000
vt 0.000000 0.000000
vt 0.000000 0.000000
vt 0.000000 0.000000
vt 0.000000 0.000000
vt 0.000000 0.000000
vt 0.000000 0.000000
vt 0.000000 0.000000
vt 0.000000 0.000000
vt 0.000000 0.000000
vt 0.000000 0.000000
vt 0.000000 0.000000
vt 0.000000 0.000000
vt 0.000000 0.000000
vt 0.000000 0.000000
vt 0.000000 0.000000
vt 0.000000 0.000000
vt 0.000000 0.000000
vt 0.000000 0.000000
vt 0.000000 0.000000
vt 0.000000 0.000000
vt 0.000000 0.000000
vt 0.000000 0.000000
vt 0.000000 0.000000
vt 0.000000 0.000000
vt 0.000000 0.000000
vt 0.000000 0.000000
vt 0.000000 0.000000
vt 0.000000 0.000000
vt 0.000000 0.000000
vt 0.000000 0.000000
vt 0.000000 0.000000
vt 0.000000 0.000000
vt 0.000000 0.000000
vt 0.000000 0.000000
vt 0.000000 0.000000
vt 0.000000 0.000000
vt 0.000000 0.000000
vt 0.000000 0.000000
vt 0.000000 0.000000
vt 0.000000 0.000000
vt 0.000000 0.000000
vt 0.000000 0.000000
vt 0.000000 0.000000
vt 0.000000 0.000000
vt 0.000000 0.000000
vt 0.000000 0.000000
vt 0.000000 0.000000
vt 0.000000 0.000000
vt 0.000000 0.000000
vt 0.000000 0.000000
vt 0.000000 0.000000
vt 0.000000 0.000000
vt 0.000000 0.000000
vt 0.000000 0.000000
vt 0.000000 0.000000
vt 0.000000 0.000000
vt 0.000000 0.000000
vt 0.000000 0.000000
vt 0.000000 0.000000
vt 0.000000 0.000000
vt 0.000000 0.000000
vt 0.000000 0.000000
vt 0.000000 0.000000
vt 0.000000 0.000000
vt 0.000000 0.000000
vt 0.000000 0.000000
vt 0.000000 0.000000
vt 0.000000 0.000000
vt 0.000000 0.000000
vt 0.000000 0.000000
vt 0.000000 0.000000
vt 0.000000 0.000000
vt 0.000000 0.000000
vt 0.000000 0.000000
vt 0.000000 0.000000
vt 0.000000 0.000000
vt 0.000000 0.000000
vt 0.000000 0.000000
vt 0.000000 0.000000
vt 0.000000 0.000000
vt 0.000000 0.000000
vt 0.000000 0.000000
vt 0.000000 0.000000
vt 0.000000 0.000000
vt 0.000000 0.000000
vt 0.000000 0.000000
vt 0.000000 0.000000
vt 0.000000 0.000000
vt 0.000000 0.000000
vt 0.000000 0.000000
vt 0.000000 0.000000
vt 0.000000 0.000000
vt 0.000000 0.000000
vt 0.000000 0.000000
vt 0.000000 0.000000
vt 0.000000 0.000000
vt 0.000000 0.000000
vt 0.000000 0.000000
vt 0.000000 0.000000
vt 0.000000 0.000000
vt 0.000000 0.000000
vt 0.000000 0.000000
vt 0.000000 0.000000
vt 0.000000 0.000000
vt 0.000000 0.000000
vt 0.000000 0.000000
vt 0.000000 0.000000
vt 0.000000 0.000000
vt 0.000000 0.000000
vt 0.000000 0.000000
vt 0.000000 0.000000
vt 0.000000 0.000000
vt 0.000000 0.000000
vt 0.000000 0.000000
vt 0.000000 0.000000
vt 0.000000 0.000000
vt 0.000000 0.000000
vt 0.000000 0.000000
vt 0.000000 0.000000
vt 0.000000 0.000000
vt 0.000000 0.000000
vt 0.000000 0.000000
vt 0.000000 0.000000
vt 0.000000 0.000000
vt 0.000000 0.000000
vt 0.000000 0.000000
vt 0.000000 0.000000
vt 0.000000 0.000000
vt 0.000000 0.000000
vt 0.000000 0.000000
vt 0.000000 0.000000
vt 0.000000 0.000000
vt 0.000000 0.000000
vt 0.000000 0.000000
vt 0.000000 0.000000
vt 0.000000 0.000000
vt 0.000000 0.000000
vt 0.000000 0.000000
vt 0.000000 0.000000
vt 0.000000 0.000000
vt 0.000000 0.000000
vt 0.000000 0.000000
vt 0.000000 0.000000
vt 0.000000 0.000000
vt 0.000000 0.000000
vt 0.000000 0.000000
vt 0.000000 0.000000
vt 0.000000 0.000000
vt 0.000000 0.000000
vt 0.000000 0.000000
vt 0.000000 0.000000
vt 0.000000 0.000000
vt 0.000000 0.000000
vt 0.000000 0.000000
vt 0.000000 0.000000
vt 0.000000 0.000000
vt 0.000000 0.000000
vt 0.000000 0.000000
vt 0.000000 0.000000
vt 0.000000 0.000000
vt 0.000000 0.000000
vt 0.000000 0.000000
vt 0.000000 0.000000
vt 0.000000 0.000000
vt 0.000000 0.000000
vt 0.000000 0.000000
vt 0.000000 0.000000
vt 0.000000 0.000000
vt 0.000000 0.000000
vt 0.000000 0.000000
vt 0.000000 0.000000
vt 0.000000 0.000000
vt 0.000000 0.000000
vt 0.000000 0.000000
vt 0.000000 0.000000
vt 0.000000 0.000000
vt 0.000000 0.000000
vt 0.000000 0.000000
vt 0.000000 0.000000
vt 0.000000 0.000000
vt 0.000000 0.000000
vt 0.000000 0.000000
vt 0.000000 0.000000
vt 0.000000 0.000000
vt 0.000000 0.000000
vt 0.000000 0.000000
vt 0.000000 0.000000
vt 0.000000 0.000000
vt 0.000000 0.000000
vt 0.000000 0.000000
vt 0.000000 0.000000
vt 0.000000 0.000000
vt 0.000000 0.000000
vt 0.000000 0.000000
vt 0.000000 0.000000
vt 0.000000 0.000000
vt 0.000000 0.000000
vt 0.000000 0.000000
vt 0.000000 0.000000
vt 0.000000 0.000000
vt 0.000000 0.000000
vt 0.000000 0.000000
vt 0.000000 0.000000
vt 0.000000 0.000000
vt 0.000000 0.000000
vt 0.000000 0.000000
vt 0.000000 0.000000
vt 0.000000 0.000000
vt 0.000000 0.000000
vt 0.000000 0.000000
vt 0.000000 0.000000
vt 0.000000 0.000000
vt 0.000000 0.000000
vt 0.000000 0.000000
vt 0.000000 0.000000
vt 0.000000 0.000000
vt 0.000000 0.000000
vt 0.000000 0.000000
vt 0.000000 0.000000
vt 0.000000 0.000000
vt 0.000000 0.000000
vt 0.000000 0.000000
vt 0.000000 0.000000
vt 0.000000 0.000000
vt 0.000000 0.000000
vt 0.000000 0.000000
vt 0.000000 0.000000
vt 0.000000 0.000000
vt 0.000000 0.000000
vt 0.000000 0.000000
vt 0.000000 0.000000
vt 0.000000 0.000000
vt 0.000000 0.000000
vt 0.000000 0.000000
vt 0.000000 0.000000
vt 0.000000 0.000000
vt 0.000000 0.000000
vt 0.000000 0.000000
vt 0.000000 0.000000
vt 0.000000 0.000000
vt 0.000000 0.000000
vt 0.000000 0.000000
vt 0.000000 0.000000
vt 0.000000 0.000000
vt 0.000000 0.000000
vt 0.000000 0.000000
vt 0.000000 0.000000
vt 0.000000 0.000000
vt 0.000000 0.000000
vt 0.000000 0.000000
vt 0.000000 0.000000
vt 0.000000 0.000000
vt 0.000000 0.000000
vt 0.000000 0.000000
vt 0.000000 0.000000
vt 0.000000 0.000000
vt 0.000000 0.000000
vt 0.000000 0.000000
vt 0.000000 0.000000
vt 0.000000 0.000000
vt 0.000000 0.000000
vt 0.000000 0.000000
vt 0.000000 0.000000
vt 0.000000 0.000000
vt 0.000000 0.000000
vt 0.000000 0.000000
vt 0.000000 0.000000
vt 0.000000 0.000000
vt 0.000000 0.000000
vt 0.000000 0.000000
vt 0.000000 0.000000
vt 0.000000 0.000000
vt 0.000000 0.000000
vt 0.000000 0.000000
vt 0.000000 0.000000
vt 0.000000 0.000000
vt 0.000000 0.000000
vt 0.000000 0.000000
vt 0.000000 0.000000
vt 0.000000 0.000000
vt 0.000000 0.000000
vt 0.000000 0.000000
vt 0.000000 0.000000
vt 0.000000 0.000000
vt 0.000000 0.000000
vt 0.000000 0.000000
vt 0.000000 0.000000
vt 0.000000 0.000000
vt 0.000000 0.000000
vt 0.000000 0.000000
vt 0.000000 0.000000
vt 0.000000 0.000000
vt 0.000000 0.000000
vt 0.000000 0.000000
vt 0.000000 0.000000
vt 0.000000 0.000000
vt 0.000000 0.000000
vt 0.000000 0.000000
vt 0.000000 0.000000
vt 0.000000 0.000000
vt 0.000000 0.000000
vt 0.000000 0.000000
vt 0.000000 0.000000
vt 0.000000 0.000000
vt 0.000000 0.000000
vt 0.000000 0.000000
vt 0.000000 0.000000
vt 0.000000 0.000000
vt 0.000000 0.000000
vt 0.000000 0.000000
vt 0.000000 0.000000
vt 0.000000 0.000000
vt 0.000000 0.000000
vt 0.000000 0.000000
vt 0.000000 0.000000
vt 0.000000 0.000000
vt 0.000000 0.000000
vt 0.000000 0.000000
vt 0.000000 0.000000
vt 0.000000 0.000000
vt 0.000000 0.000000
vt 0.000000 0.000000
vt 0.000000 0.000000
vt 0.000000 0.000000
vt 0.000000 0.000000
vt 0.000000 0.000000
vt 0.000000 0.000000
vt 0.000000 0.000000
vt 0.000000 0.000000
vt 0.000000 0.000000
vt 0.000000 0.000000
vt 0.000000 0.000000
vt 0.000000 0.000000
vt 0.000000 0.000000
vt 0.000000 0.000000
vt 0.000000 0.000000
vt 0.000000 0.000000
vt 0.000000 0.000000
vt 0.000000 0.000000
vt 0.000000 0.000000
vt 0.000000 0.000000
vt 0.000000 0.000000
vt 0.000000 0.000000
vt 0.000000 0.000000
vt 0.000000 0.000000
vt 0.000000 0.000000
vt 0.000000 0.000000
vt 0.000000 0.000000
vt 0.000000 0.000000
vt 0.000000 0.000000
vt 0.000000 0.000000
vt 0.000000 0.000000
vt 0.000000 0.000000
vt 0.000000 0.000000
vt 0.000000 0.000000
vt 0.000000 0.000000
vt 0.000000 0.000000
vt 0.000000 0.000000
vt 0.000000 0.000000
vt 0.000000 0.000000
vt 0.000000 0.000000
vt 0.000000 0.000000
vt 0.000000 0.000000
vt 0.000000 0.000000
vt 0.000000 0.000000
vt 0.000000 0.000000
vt 0.000000 0.000000
vt 0.000000 0.000000
vt 0.000000 0.000000
vt 0.000000 0.000000
vt 0.000000 0.000000
vt 0.000000 0.000000
vt 0.000000 0.000000
vt 0.000000 0.000000
vt 0.000000 0.000000
vt 0.000000 0.000000
vt 0.000000 0.000000
vt 0.000000 0.000000
vt 0.000000 0.000000
vt 0.000000 0.000000
vt 0.000000 0.000000
vt 0.000000 0.000000
vt 0.000000 0.000000
vt 0.000000 0.000000
vt 0.000000 0.000000
vt 0.000000 0.000000
vt 0.000000 0.000000
vt 0.000000 0.000000
vt 0.000000 0.000000
vt 0.000000 0.000000
vt 0.000000 0.000000
vt 0.000000 0.000000
vt 0.000000 0.000000
vt 0.000000 0.000000
vt 0.000000 0.000000
vt 0.000000 0.000000
vt 0.000000 0.000000
vt 0.000000 0.000000
vt 0.000000 0.000000
vt 0.000000 0.000000
vt 0.000000 0.000000
vt 0.000000 0.000000
vt 0.000000 0.000000
vt 0.000000 0.000000
vt 0.000000 0.000000
vt 0.000000 0.000000
vt 0.000000 0.000000
vt 0.000000 0.000000
vt 0.000000 0.000000
vt 0.000000 0.000000
vt 0.000000 0.000000
vt 0.000000 0.000000
vt 0.000000 0.000000
vt 0.000000 0.000000
vt 0.000000 0.000000
vt 0.000000 0.000000
vt 0.000000 0.000000
vt 0.000000 0.000000
vt 0.000000 0.000000
vt 0.000000 0.000000
vt 0.000000 0.000000
vt 0.000000 0.000000
vt 0.000000 0.000000
vt 0.000000 0.000000
vt 0.000000 0.000000
vt 0.000000 0.000000
vt 0.000000 0.000000
vt 0.000000 0.000000
vt 0.000000 0.000000
vt 0.000000 0.000000
vt 0.000000 0.000000
vt 0.000000 0.000000
vt 0.000000 0.000000
vt 0.000000 0.000000
vt 0.000000 0.000000
vt 0.000000 0.000000
vt 0.000000 0.000000
vt 0.000000 0.000000
vt 0.000000 0.000000
vt 0.000000 0.000000
vt 0.000000 0.000000
vt 0.000000 0.000000
vt 0.000000 0.000000
vt 0.000000 0.000000
vt 0.000000 0.000000
vt 0.000000 0.000000
vt 0.000000 0.000000
vt 0.000000 0.000000
vt 0.000000 0.000000
vt 0.000000 0.000000
vt 0.000000 0.000000
vt 0.000000 0.000000
vt 0.000000 0.000000
vt 0.000000 0.000000
vt 0.000000 0.000000
vt 0.000000 0.000000
vt 0.000000 0.000000
vt 0.000000 0.000000
vt 0.000000 0.000000
vt 0.000000 0.000000
vt 0.000000 0.000000
vt 0.000000 0.000000
vt 0.000000 0.000000
vt 0.000000 0.000000
vt 0.000000 0.000000
vt 0.000000 0.000000
vt 0.000000 0.000000
vt 0.000000 0.000000
vt 0.000000 0.000000
vt 0.000000 0.000000
vt 0.000000 0.000000
vt 0.000000 0.000000
vt 0.000000 0.000000
vt 0.000000 0.000000
vt 0.000000 0.000000
vt 0.000000 0.000000
vt 0.000000 0.000000
vt 0.000000 0.000000
vt 0.000000 0.000000
vt 0.000000 0.000000
vt 0.000000 0.000000
vt 0.000000 0.000000
vt 0.000000 0.000000
vt 0.000000 0.000000
vt 0.000000 0.000000
vt 0.000000 0.000000
vt 0.000000 0.000000
vt 0.000000 0.000000
vt 0.000000 0.000000
vt 0.000000 0.000000
vt 0.000000 0.000000
vt 0.000000 0.000000
vt 0.000000 0.000000
vt 0.000000 0.000000
vt 0.000000 0.000000
vt 0.000000 0.000000
vt 0.000000 0.000000
vt 0.000000 0.000000
vt 0.000000 0.000000
vt 0.000000 0.000000
vt 0.000000 0.000000
vt 0.000000 0.000000
vt 0.000000 0.000000
vt 0.000000 0.000000
vt 0.000000 0.000000
vt 0.000000 0.000000
vt 0.000000 0.000000
vt 0.000000 0.000000
vt 0.000000 0.000000
vt 0.000000 0.000000
vt 0.000000 0.000000
vt 0.000000 0.000000
vt 0.000000 0.000000
vt 0.000000 0.000000
vt 0.000000 0.000000
vt 0.000000 0.000000
vt 0.000000 0.000000
vt 0.000000 0.000000
vt 0.000000 0.000000
vt 0.000000 0.000000
vt 0.000000 0.000000
vt 0.000000 0.000000
vt 0.000000 0.000000
vt 0.000000 0.000000
vt 0.000000 0.000000
vt 0.000000 0.000000
vt 0.000000 0.000000
vt 0.000000 0.000000
vt 0.000000 0.000000
vt 0.000000 0.000000
vt 0.000000 0.000000
vt 0.000000 0.000000
vt 0.000000 0.000000
vt 0.000000 0.000000
vt 0.000000 0.000000
vt 0.000000 0.000000
vt 0.000000 0.000000
vt 0.000000 0.000000
vt 0.000000 0.000000
vt 0.000000 0.000000
vt 0.000000 0.000000
vt 0.000000 0.000000
vt 0.000000 0.000000
vt 0.000000 0.000000
vt 0.000000 0.000000
vt 0.000000 0.000000
vt 0.000000 0.000000
vt 0.000000 0.000000
vt 0.000000 0.000000
vt 0.000000 0.000000
vt 0.000000 0.000000
vt 0.000000 0.000000
vt 0.000000 0.000000
vt 0.000000 0.000000
vt 0.000000 0.000000
vt 0.000000 0.000000
vt 0.000000 0.000000
vt 0.000000 0.000000
vt 0.000000 0.000000
vt 0.000000 0.000000
vt 0.000000 0.000000
vt 0.000000 0.000000
vt 0.000000 0.000000
vt 0.000000 0.000000
vt 0.000000 0.000000
vt 0.000000 0.000000
vt 0.000000 0.000000
vt 0.000000 0.000000
vt 0.000000 0.000000
vt 0.000000 0.000000
vt 0.000000 0.000000
vt 0.000000 0.000000
vt 0.000000 0.000000
vt 0.000000 0.000000
vt 0.000000 0.000000
vt 0.000000 0.000000
vt 0.000000 0.000000
vt 0.000000 0.000000
vt 0.000000 0.000000
vt 0.000000 0.000000
vt 0.000000 0.000000
vt 0.000000 0.000000
vt 0.000000 0.000000
vt 0.000000 0.000000
vt 0.000000 0.000000
vt 0.000000 0.000000
vt 0.000000 0.000000
vt 0.000000 0.000000
vt 0.000000 0.000000
vt 0.000000 0.000000
vt 0.000000 0.000000
vt 0.000000 0.000000
vt 0.000000 0.000000
vt 0.000000 0.000000
vt 0.000000 0.000000
vt 0.000000 0.000000
vt 0.000000 0.000000
vt 0.000000 0.000000
vt 0.000000 0.000000
vt 0.000000 0.000000
vt 0.000000 0.000000
vt 0.000000 0.000000
vt 0.000000 0.000000
vt 0.000000 0.000000
vt 0.000000 0.000000
vt 0.000000 0.000000
vt 0.000000 0.000000
vt 0.000000 0.000000
vt 0.000000 0.000000
vt 0.000000 0.000000
vt 0.000000 0.000000
vt 0.000000 0.000000
vt 0.000000 0.000000
vt 0.000000 0.000000
vt 0.000000 0.000000
vt 0.000000 0.000000
vt 0.000000 0.000000
vt 0.000000 0.000000
vt 0.000000 0.000000
vt 0.000000 0.000000
vt 0.000000 0.000000
vt 0.000000 0.000000
vt 0.000000 0.000000
vt 0.000000 0.000000
vt 0.000000 0.000000
vt 0.000000 0.000000
vt 0.000000 0.000000
vt 0.000000 0.000000
vt 0.000000 0.000000
vt 0.000000 0.000000
vt 0.000000 0.000000
vt 0.000000 0.000000
vt 0.000000 0.000000
vt 0.000000 0.000000
vt 0.000000 0.000000
vt 0.000000 0.000000
vt 0.000000 0.000000
vt 0.000000 0.000000
vt 0.000000 0.000000
vt 0.000000 0.000000
vt 0.000000 0.000000
vt 0.000000 0.000000
vt 0.000000 0.000000
vt 0.000000 0.000000
vt 0.000000 0.000000
vt 0.000000 0.000000
vt 0.000000 0.000000
vt 0.000000 0.000000
vt 0.000000 0.000000
vt 0.000000 0.000000
vt 0.000000 0.000000
vt 0.000000 0.000000
vt 0.000000 0.000000
vt 0.000000 0.000000
vt 0.000000 0.000000
vt 0.000000 0.000000
vt 0.000000 0.000000
vt 0.000000 0.000000
vt 0.000000 0.000000
vt 0.000000 0.000000
vt 0.000000 0.000000
vt 0.000000 0.000000
vt 0.000000 0.000000
vt 0.000000 0.000000
vt 0.000000 0.000000
vt 0.000000 0.000000
vt 0.000000 0.000000
vt 0.000000 0.000000
vt 0.000000 0.000000
vt 0.000000 0.000000
vt 0.000000 0.000000
vt 0.000000 0.000000
vt 0.000000 0.000000
vt 0.000000 0.000000
vt 0.000000 0.000000
vt 0.000000 0.000000
vt 0.000000 0.000000
vt 0.000000 0.000000
vt 0.000000 0.000000
vt 0.000000 0.000000
vt 0.000000 0.000000
vt 0.000000 0.000000
vt 0.000000 0.000000
vt 0.000000 0.000000
vt 0.000000 0.000000
vt 0.000000 0.000000
vt 0.000000 0.000000
vt 0.000000 0.000000
vt 0.000000 0.000000
vt 0.000000 0.000000
vt 0.000000 0.000000
vt 0.000000 0.000000
vt 0.000000 0.000000
vt 0.000000 0.000000
vt 0.000000 0.000000
vt 0.000000 0.000000
vt 0.000000 0.000000
vt 0.000000 0.000000
vt 0.000000 0.000000
vt 0.000000 0.000000
vt 0.000000 0.000000
vt 0.000000 0.000000
vt 0.000000 0.000000
vt 0.000000 0.000000
vt 0.000000 0.000000
vt 0.000000 0.000000
vt 0.000000 0.000000
vt 0.000000 0.000000
vt 0.000000 0.000000
vt 0.000000 0.000000
vt 0.000000 0.000000
vt 0.000000 0.000000
vt 0.000000 0.000000
vt 0.000000 0.000000
vt 0.000000 0.000000
vt 0.000000 0.000000
vt 0.000000 0.000000
vt 0.000000 0.000000
vt 0.000000 0.000000
vt 0.000000 0.000000
vt 0.000000 0.000000
vt 0.000000 0.000000
vt 0.000000 0.000000
vt 0.000000 0.000000
vt 0.000000 0.000000
vt 0.000000 0.000000
vt 0.000000 0.000000
vt 0.000000 0.000000
vt 0.000000 0.000000
vt 0.000000 0.000000
vt 0.000000 0.000000
vt 0.000000 0.000000
vt 0.000000 0.000000
vt 0.000000 0.000000
vt 0.000000 0.000000
vt 0.000000 0.000000
vt 0.000000 0.000000
vt 0.000000 0.000000
vt 0.000000 0.000000
vt 0.000000 0.000000
vt 0.000000 0.000000
vt 0.000000 0.000000
vt 0.000000 0.000000
vt 0.000000 0.000000
vt 0.000000 0.000000
vt 0.000000 0.000000
vt 0.000000 0.000000
vt 0.000000 0.000000
vt 0.000000 0.000000
vt 0.000000 0.000000
vt 0.000000 0.000000
vt 0.000000 0.000000
vt 0.000000 0.000000
vt 0.000000 0.000000
vt 0.000000 0.000000
vt 0.000000 0.000000
vt 0.000000 0.000000
vt 0.000000 0.000000
vt 0.000000 0.000000
vt 0.000000 0.000000
vt 0.000000 0.000000
vt 0.000000 0.000000
vt 0.000000 0.000000
vt 0.000000 0.000000
vt 0.000000 0.000000
vt 0.000000 0.000000
vt 0.000000 0.000000
vt 0.000000 0.000000
vt 0.000000 0.000000
vt 0.000000 0.000000
vt 0.000000 0.000000
vt 0.000000 0.000000
vt 0.000000 0.000000
vt 0.000000 0.000000
vt 0.000000 0.000000
vt 0.000000 0.000000
vt 0.000000 0.000000
vt 0.000000 0.000000
vt 0.000000 0.000000
vt 0.000000 0.000000
vt 0.000000 0.000000
vt 0.000000 0.000000
vt 0.000000 0.000000
vt 0.000000 0.000000
vt 0.000000 0.000000
vt 0.000000 0.000000
vt 0.000000 0.000000
vt 0.000000 0.000000
vt 0.000000 0.000000
vt 0.000000 0.000000
vt 0.000000 0.000000
vt 0.000000 0.000000
vt 0.000000 0.000000
vt 0.000000 0.000000
vt 0.000000 0.000000
vt 0.000000 0.000000
vt 0.000000 0.000000
vt 0.000000 0.000000
vn 0.0035 0.0073 -1.0000
vn 0.0033 0.0074 -1.0000
vn 0.0085 0.0176 -0.9998
vn 0.0084 0.0176 -0.9998
vn -0.9913 0.0237 -0.1298
vn -0.9915 0.0244 -0.1282
vn -0.0033 0.0074 -1.0000
vn -0.0084 0.0176 -0.9998
vn -0.0085 0.0176 -0.9998
vn 0.9914 0.0244 -0.1282
vn 0.9913 0.0238 -0.1298
vn -0.0037 -0.0084 -1.0000
vn -0.0065 -0.0060 -1.0000
vn -0.0006 -0.0111 -0.9999
vn -0.0098 -0.0032 -0.9999
vn 0.0006 0.0052 -1.0000
vn 0.0010 0.0049 -1.0000
vn 0.0005 0.0053 -1.0000
vn 0.0010 0.0048 -1.0000
vn 0.3315 0.9407 -0.0721
vn 0.3312 0.9408 -0.0723
vn 0.3314 0.9407 -0.0722
vn 0.0071 0.0198 -0.9998
vn 0.0070 0.0198 -0.9998
vn 0.0022 -0.0102 -0.9999
vn 0.0029 -0.0097 -0.9999
vn 0.0041 -0.0088 -1.0000
vn 0.0011 -0.0110 -0.9999
vn 0.0213 -0.1011 -0.9946
vn 0.0200 -0.1023 -0.9945
vn 0.0220 -0.1005 -0.9947
vn 0.0238 -0.0989 -0.9948
vn -0.1137 0.9915 -0.0641
vn -0.1136 0.9915 -0.0641
vn 0.8971 0.4336 -0.0848
vn -0.6464 0.7534 -0.1206
vn -0.0674 -0.0535 -0.9963
vn -0.0642 -0.0605 -0.9961
vn -0.0629 -0.0631 -0.9960
vn -0.0592 -0.0700 -0.9958
vn -0.0581 0.0017 -0.9983
vn -0.0531 -0.0040 -0.9986
vn -0.0558 -0.0009 -0.9984
vn -0.0611 0.0053 -0.9981
vn -0.0606 0.0078 -0.9981
vn -0.0598 0.0072 -0.9982
vn -0.0602 0.0075 -0.9982
vn -0.0610 0.0081 -0.9981
vn -0.0537 0.0105 -0.9985
vn -0.0313 0.0180 -0.9993
vn -0.0314 0.0180 -0.9993
vn -0.9793 0.1581 -0.1264
vn -0.9792 0.1600 -0.1245
vn -0.9793 0.1582 -0.1263
vn -0.9793 0.1565 -0.1280
vn -0.7952 -0.6043 -0.0491
vn -0.7956 -0.6037 -0.0499
vn -0.7924 -0.6084 -0.0442
vn -0.7981 -0.6000 -0.0545
vn -0.9899 0.0744 -0.1206
vn -0.9899 0.0747 -0.1204
vn -0.9897 0.0694 -0.1253
vn -0.9901 0.0796 -0.1155
vn -0.9919 0.0076 -0.1271
vn -0.9918 0.0074 -0.1274
vn -0.9920 0.0086 -0.1259
vn -0.9917 0.0065 -0.1287
vn -0.9871 0.1098 -0.1162
vn -0.9871 0.1097 -0.1162
vn 0.0586 -0.0186 -0.9981
vn 0.0576 -0.0191 -0.9982
vn 0.0566 -0.0197 -0.9982
vn 0.0596 -0.0181 -0.9981
vn 0.9816 -0.1385 -0.1312
vn 0.9816 -0.1371 -0.1330
vn 0.9817 -0.1423 -0.1263
vn 0.9815 -0.1336 -0.1375
vn 0.6522 -0.7566 -0.0465
vn 0.6617 -0.7489 -0.0374
vn 0.6547 -0.7546 -0.0440
vn 0.6457 -0.7618 -0.0526
vn 0.9655 -0.2364 -0.1091
vn 0.9651 -0.2391 -0.1067
vn 0.9639 -0.2467 -0.1004
vn 0.9666 -0.2287 -0.1156
vn 0.9883 -0.0599 -0.1401
vn 0.9884 -0.0605 -0.1393
vn 0.9883 -0.0596 -0.1406
vn 0.9884 -0.0607 -0.1389
vn 0.9847 -0.1036 -0.1399
vn 0.9851 -0.1058 -0.1358
vn 0.9845 -0.1021 -0.1428
vn 0.9853 -0.1072 -0.1329
vn 0.9795 -0.1605 -0.1220
vn 0.0512 -0.0003 -0.9987
vn 0.0517 -0.0000 -0.9987
vn 0.0520 0.0001 -0.9986
vn 0.0509 -0.0005 -0.9987
vn 0.0457 0.0069 -0.9989
vn 0.0511 0.0088 -0.9987
vn 0.0470 0.0073 -0.9989
vn 0.0524 0.0092 -0.9986
vn 0.0300 0.0152 -0.9994
vn 0.0301 0.0152 -0.9994
vn 0.0588 -0.0866 -0.9945
vn 0.0613 -0.0848 -0.9945
vn 0.0601 -0.0857 -0.9945
vn 0.0627 -0.0838 -0.9945
vn -0.0421 -0.0942 -0.9947
vn -0.0404 -0.0966 -0.9945
vn -0.0415 -0.0950 -0.9946
vn -0.0434 -0.0923 -0.9948
vn -0.0060 0.0093 -0.9999
vn -0.0030 0.0104 -0.9999
vn -0.0015 0.0110 -0.9999
vn -0.0073 0.0088 -0.9999
vn -0.0060 0.0051 -1.0000
vn -0.0061 0.0050 -1.0000
vn -0.0065 0.0048 -1.0000
vn -0.0052 0.0057 -1.0000
vn 0.3779 -0.9258 -0.0049
vn 0.3866 -0.9222 0.0049
vn 0.3772 -0.9261 -0.0056
vn 0.3684 -0.9295 -0.0155
vn -0.5851 -0.8106 -0.0231
vn -0.5842 -0.8112 -0.0242
vn -0.5908 -0.8066 -0.0160
vn -0.5786 -0.8150 -0.0314
vn 0.0039 -0.0083 -1.0000
vn 0.0065 -0.0059 -1.0000
vn 0.0098 -0.0032 -0.9999
vn 0.0007 -0.0110 -0.9999
vn -0.0009 0.0049 -1.0000
vn -0.0006 0.0052 -1.0000
vn -0.0004 0.0054 -1.0000
vn -0.0010 0.0048 -1.0000
vn -0.0030 0.0075 -1.0000
vn -0.3315 0.9407 -0.0721
vn -0.3314 0.9407 -0.0722
vn -0.0071 0.0198 -0.9998
vn -0.0070 0.0198 -0.9998
vn -0.0021 -0.0101 -0.9999
vn -0.0028 -0.0096 -0.9999
vn -0.0010 -0.0109 -0.9999
vn -0.0041 -0.0087 -1.0000
vn -0.0220 -0.1002 -0.9947
vn -0.0214 -0.1008 -0.9947
vn -0.0238 -0.0986 -0.9948
vn -0.0200 -0.1020 -0.9946
vn 0.1137 0.9915 -0.0641
vn 0.1136 0.9915 -0.0641
vn -0.8971 0.4336 -0.0848
vn 0.6464 0.7534 -0.1206
vn 0.0642 -0.0603 -0.9961
vn 0.0674 -0.0534 -0.9963
vn 0.0629 -0.0629 -0.9960
vn 0.0592 -0.0698 -0.9958
vn 0.0532 -0.0040 -0.9986
vn 0.0582 0.0018 -0.9983
vn 0.0558 -0.0009 -0.9984
vn 0.0612 0.0052 -0.9981
vn 0.0598 0.0072 -0.9982
vn 0.0607 0.0078 -0.9981
vn 0.0603 0.0076 -0.9982
vn 0.0610 0.0081 -0.9981
vn 0.0537 0.0105 -0.9985
vn 0.0313 0.0180 -0.9993
vn 0.0314 0.0180 -0.9993
vn 0.9793 0.1581 -0.1264
vn 0.9793 0.1579 -0.1265
vn 0.9794 0.1564 -0.1280
vn 0.9793 0.1598 -0.1245
vn 0.7944 -0.6054 -0.0492
vn 0.7947 -0.6050 -0.0498
vn 0.7971 -0.6013 -0.0543
vn 0.7917 -0.6093 -0.0445
vn 0.9900 0.0735 -0.1201
vn 0.9900 0.0733 -0.1203
vn 0.9898 0.0685 -0.1249
vn 0.9902 0.0782 -0.1155
vn 0.9918 0.0076 -0.1275
vn 0.9918 0.0078 -0.1272
vn 0.9920 0.0087 -0.1260
vn 0.9917 0.0067 -0.1288
vn 0.9871 0.1098 -0.1162
vn 0.9871 0.1097 -0.1162
vn -0.0586 -0.0184 -0.9981
vn -0.0566 -0.0195 -0.9982
vn -0.0575 -0.0190 -0.9982
vn -0.0596 -0.0179 -0.9981
vn -0.9817 -0.1379 -0.1312
vn -0.9817 -0.1366 -0.1329
vn -0.9815 -0.1331 -0.1373
vn -0.9818 -0.1416 -0.1264
vn -0.6534 -0.7556 -0.0467
vn -0.6558 -0.7536 -0.0443
vn -0.6626 -0.7480 -0.0379
vn -0.6471 -0.7606 -0.0526
vn -0.9658 -0.2349 -0.1094
vn -0.9654 -0.2376 -0.1070
vn -0.9669 -0.2275 -0.1157
vn -0.9643 -0.2450 -0.1009
vn -0.9884 -0.0602 -0.1394
vn -0.9884 -0.0605 -0.1390
vn -0.9885 -0.0608 -0.1387
vn -0.9883 -0.0597 -0.1402
vn -0.9847 -0.1039 -0.1397
vn -0.9851 -0.1059 -0.1357
vn -0.9853 -0.1074 -0.1329
vn -0.9845 -0.1024 -0.1425
vn -0.9795 -0.1605 -0.1221
vn -0.9795 -0.1605 -0.1220
vn -0.0512 -0.0003 -0.9987
vn -0.0520 0.0001 -0.9986
vn -0.0517 -0.0000 -0.9987
vn -0.0509 -0.0004 -0.9987
vn -0.0511 0.0087 -0.9987
vn -0.0456 0.0068 -0.9989
vn -0.0468 0.0072 -0.9989
vn -0.0523 0.0091 -0.9986
vn -0.0300 0.0152 -0.9994
vn -0.0301 0.0152 -0.9994
vn -0.0613 -0.0844 -0.9945
vn -0.0588 -0.0862 -0.9945
vn -0.0601 -0.0853 -0.9945
vn -0.0627 -0.0835 -0.9945
vn 0.0415 -0.0948 -0.9946
vn 0.0420 -0.0939 -0.9947
vn 0.0433 -0.0920 -0.9948
vn 0.0404 -0.0963 -0.9945
vn 0.0060 0.0093 -0.9999
vn 0.0030 0.0104 -0.9999
vn 0.0074 0.0087 -0.9999
vn 0.0015 0.0110 -0.9999
vn 0.0060 0.0051 -1.0000
vn 0.0061 0.0050 -1.0000
vn 0.0052 0.0057 -1.0000
vn 0.0065 0.0047 -1.0000
vn -0.3794 -0.9252 -0.0054
vn -0.3787 -0.9255 -0.0060
vn -0.3878 -0.9218 0.0040
vn -0.3701 -0.9288 -0.0156
vn 0.5839 -0.8115 -0.0229
vn 0.5830 -0.8122 -0.0241
vn 0.5775 -0.8158 -0.0310
vn 0.5893 -0.8077 -0.0161
vn 0.9990 0.0381 0.0221
vn 0.2077 0.9770 -0.0489
vn 0.2078 0.9770 -0.0489
vn -0.3594 -0.9280 0.0981
vn -0.2514 0.9666 -0.0494
vn 0.1958 -0.9755 0.1003
vn -0.8733 -0.4827 0.0662
vn 0.6443 -0.7600 0.0852
vn 0.9771 -0.2089 0.0409
vn -0.9886 0.1502 0.0133
vn -0.8999 0.4360 -0.0089
vn 0.6444 -0.7625 0.0577
vn 0.6446 -0.7623 0.0574
vn 0.3466 -0.9356 0.0675
vn -0.9989 0.0403 0.0220
vn -0.2056 0.9774 -0.0484
vn 0.3574 -0.9288 0.0978
vn 0.2535 0.9661 -0.0490
vn -0.1979 -0.9751 0.0998
vn 0.8722 -0.4846 0.0661
vn -0.6460 -0.7586 0.0848
vn -0.9775 -0.2067 0.0407
vn 0.9889 0.1480 0.0136
vn 0.9008 0.4341 -0.0086
vn -0.6463 -0.7610 0.0569
vn -0.6461 -0.7611 0.0572
vn 0.9627 -0.2072 0.1738
vn 0.9628 -0.2071 0.1738
vn 0.9625 -0.2077 0.1743
vn 0.9629 -0.2068 0.1734
vn 0.3523 -0.8841 0.3070
vn -0.8933 0.4153 0.1718
vn -0.8928 0.4160 0.1729
vn -0.8902 0.4194 0.1780
vn -0.8953 0.4126 0.1678
vn 0.7072 -0.6782 0.2000
vn 0.7074 -0.6781 0.1996
vn 0.7078 -0.6778 0.1989
vn 0.7069 -0.6783 0.2005
vn -0.4120 0.8638 0.2899
vn -0.4136 0.8637 0.2880
vn -0.4087 0.8635 0.2956
vn -0.4165 0.8639 0.2832
vn -0.9625 0.2098 0.1718
vn -0.9625 0.2102 0.1713
vn -0.9626 0.2084 0.1733
vn -0.9624 0.2119 0.1697
vn 0.2743 0.8932 0.3563
vn 0.2745 0.8933 0.3560
vn 0.2678 0.8927 0.3623
vn 0.2818 0.8936 0.3493
vn -0.5277 -0.7804 0.3354
vn -0.5278 -0.7804 0.3354
vn -0.9199 -0.3228 0.2228
vn -0.9195 -0.3231 0.2239
vn -0.9198 -0.3229 0.2230
vn -0.9203 -0.3222 0.2217
vn 0.9837 0.0355 0.1765
vn 0.9834 0.0338 0.1782
vn 0.9842 0.0395 0.1726
vn 0.9827 0.0294 0.1827
vn 0.9961 0.0459 -0.0750
vn 0.9962 0.0466 -0.0740
vn 0.9963 0.0493 -0.0708
vn 0.9960 0.0430 -0.0786
vn -0.8457 -0.5306 -0.0560
vn -0.8457 -0.5307 -0.0560
vn -0.3999 -0.9165 -0.0148
vn 0.2381 0.9709 0.0270
vn 0.2380 0.9709 0.0272
vn 0.2360 0.9713 0.0295
vn 0.2401 0.9704 0.0248
vn -0.9874 0.1536 -0.0378
vn -0.9874 0.1535 -0.0377
vn -0.3111 0.9503 0.0082
vn -0.3115 0.9502 0.0078
vn -0.3133 0.9496 0.0060
vn -0.3097 0.9508 0.0100
vn 0.5963 -0.7983 -0.0842
vn 0.5963 -0.7983 -0.0841
vn -0.8830 0.4668 -0.0491
vn -0.8832 0.4664 -0.0495
vn -0.8836 0.4654 -0.0505
vn -0.8825 0.4678 -0.0483
vn 0.2410 -0.9701 -0.0280
vn 0.2411 -0.9701 -0.0280
vn 0.9665 -0.2466 -0.0711
vn 0.9757 -0.2124 0.0536
vn 0.9757 -0.2124 0.0535
vn 0.9757 -0.2125 0.0536
vn 0.2119 -0.9663 0.1465
vn 0.2119 -0.9663 0.1464
vn -0.8942 0.4428 0.0661
vn -0.8942 0.4428 0.0660
vn -0.2632 0.9487 0.1753
vn -0.9846 0.1591 0.0720
vn -0.9846 0.1591 0.0719
vn 0.2111 0.9536 0.2149
vn 0.2111 0.9535 0.2149
vn -0.3753 -0.9125 0.1627
vn -0.3754 -0.9125 0.1627
vn -0.8754 -0.4753 0.0884
vn -0.8753 -0.4754 0.0885
vn -0.8754 -0.4752 0.0883
vn 0.9973 0.0406 0.0613
vn 0.9973 0.0409 0.0606
vn 0.9973 0.0407 0.0612
vn 0.9973 0.0409 0.0607
vn -0.8638 -0.4876 0.1267
vn -0.8652 -0.4856 0.1249
vn -0.8648 -0.4863 0.1251
vn -0.8630 -0.4888 0.1274
vn 0.9677 -0.1816 0.1749
vn 0.9677 -0.1818 0.1748
vn 0.9678 -0.1803 0.1757
vn 0.9676 -0.1834 0.1738
vn 0.3568 -0.9151 0.1879
vn 0.3562 -0.9152 0.1883
vn 0.3556 -0.9154 0.1888
vn 0.3575 -0.9149 0.1873
vn -0.9721 0.1788 0.1520
vn -0.9722 0.1782 0.1520
vn -0.9710 0.1814 0.1555
vn -0.9731 0.1751 0.1496
vn -0.9126 0.3287 0.2432
vn -0.9138 0.3267 0.2413
vn -0.9070 0.3363 0.2535
vn -0.9207 0.3168 0.2280
vn 0.6703 -0.7138 0.2030
vn 0.6697 -0.7141 0.2037
vn 0.6690 -0.7146 0.2045
vn 0.6713 -0.7131 0.2021
vn -0.5538 -0.8169 0.1612
vn -0.5548 -0.8164 0.1602
vn -0.5525 -0.8176 0.1623
vn -0.5560 -0.8158 0.1593
vn -0.1054 0.1304 0.9858
vn -0.0859 0.8996 0.4282
vn -0.1362 0.2882 0.9478
vn -0.1269 0.2916 0.9481
vn -0.1408 0.2873 0.9474
vn -0.1224 0.2925 0.9484
vn -0.3154 0.3348 0.8879
vn -0.2937 0.3457 0.8912
vn -0.3207 0.3373 0.8851
vn -0.2887 0.3414 0.8945
vn 0.2043 0.2803 0.9379
vn 0.2030 0.2807 0.9381
vn 0.2035 0.2813 0.9378
vn 0.2039 0.2804 0.9380
vn 0.2481 0.4137 0.8760
vn 0.2508 0.4124 0.8758
vn 0.2435 0.4171 0.8756
vn 0.2400 0.4184 0.8760
vn -0.6780 0.6060 0.4160
vn 0.3881 0.7526 0.5319
vn 0.3881 0.7527 0.5319
vn 0.8172 0.3201 0.4792
vn -0.9635 0.2205 0.1518
vn -0.9645 0.2177 0.1493
vn -0.9663 0.2121 0.1458
vn -0.9607 0.2296 0.1561
vn 0.9795 -0.1956 0.0471
vn 0.9791 -0.1980 0.0458
vn 0.9802 -0.1921 0.0489
vn 0.9786 -0.2008 0.0445
vn -0.8118 -0.5798 0.0691
vn -0.8126 -0.5789 0.0680
vn -0.8102 -0.5818 0.0712
vn -0.8140 -0.5770 0.0661
vn -0.5334 0.2090 0.8197
vn -0.5333 0.2090 0.8197
vn -0.6712 0.1253 0.7306
vn -0.6625 0.1307 0.7376
vn -0.6758 0.1236 0.7267
vn -0.6593 0.1348 0.7397
vn -0.8831 0.0877 0.4608
vn -0.8906 0.0909 0.4457
vn -0.8921 0.0905 0.4427
vn -0.8842 0.0963 0.4571
vn 0.6408 -0.7660 0.0511
vn 0.6397 -0.7669 0.0502
vn 0.6434 -0.7636 0.0536
vn 0.6371 -0.7693 0.0477
vn -0.9556 0.1911 0.2242
vn -0.9556 0.1911 0.2241
vn -0.9952 0.0212 0.0954
vn -0.9940 0.0256 0.1068
vn -0.9943 0.0244 0.1041
vn -0.9956 0.0199 0.0920
vn -0.9809 -0.0397 0.1906
vn -0.9818 -0.0435 0.1851
vn -0.9814 -0.0410 0.1878
vn -0.9805 -0.0380 0.1930
vn -0.9905 0.1144 0.0763
vn -0.9889 0.1230 0.0832
vn -0.9907 0.1131 0.0752
vn -0.9922 0.1038 0.0686
vn 0.9880 -0.0432 0.1485
vn 0.9884 -0.0495 0.1439
vn 0.9876 -0.0324 0.1538
vn 0.9882 -0.0565 0.1423
vn 0.9938 0.0453 0.1018
vn 0.9937 0.0459 0.1027
vn 0.9935 0.0469 0.1040
vn 0.9939 0.0445 0.1007
vn 0.6564 0.0491 0.7528
vn 0.6566 0.0487 0.7527
vn 0.6571 0.0478 0.7522
vn 0.6562 0.0496 0.7530
vn 0.7268 0.0882 0.6812
vn 0.7267 0.0884 0.6812
vn 0.7277 0.0912 0.6799
vn 0.7267 0.0868 0.6815
vn 0.9470 0.1216 0.2975
vn 0.9469 0.1194 0.2986
vn 0.9495 0.1217 0.2893
vn 0.9440 0.1238 0.3059
vn 0.9072 -0.0778 0.4133
vn 0.9080 -0.0767 0.4119
vn 0.9067 -0.0786 0.4145
vn 0.9090 -0.0760 0.4099
vn 0.9499 -0.0832 0.3014
vn 0.9505 -0.0845 0.2989
vn 0.9509 -0.0843 0.2979
vn 0.9495 -0.0830 0.3025
vn 0.9695 -0.0479 0.2406
vn 0.9698 -0.0497 0.2388
vn 0.9705 -0.0529 0.2353
vn 0.9687 -0.0443 0.2441
vn 0.1244 0.1061 0.9865
vn 0.1290 0.1028 0.9863
vn 0.1260 0.1050 0.9865
vn 0.1308 0.1015 0.9862
vn -0.5788 -0.8133 0.0594
vn -0.5761 -0.8150 0.0624
vn -0.5779 -0.8139 0.0603
vn -0.5806 -0.8122 0.0573
vn 0.3527 -0.9338 0.0608
vn 0.3528 -0.9337 0.0607
vn -0.9632 -0.2052 0.1736
vn -0.9632 -0.2051 0.1735
vn -0.9634 -0.2047 0.1731
vn -0.9630 -0.2057 0.1741
vn -0.3543 -0.8835 0.3065
vn 0.8941 0.4135 0.1721
vn 0.8936 0.4142 0.1732
vn 0.8961 0.4108 0.1682
vn 0.8911 0.4174 0.1782
vn -0.7089 -0.6766 0.1992
vn -0.7084 -0.6769 0.2000
vn -0.7093 -0.6764 0.1985
vn 0.4136 0.8629 0.2903
vn 0.4152 0.8628 0.2885
vn 0.4179 0.8630 0.2838
vn 0.4104 0.8626 0.2959
vn 0.9629 0.2077 0.1721
vn 0.9630 0.2063 0.1735
vn 0.9629 0.2081 0.1717
vn 0.9628 0.2098 0.1701
vn -0.2727 0.8935 0.3567
vn -0.2664 0.8931 0.3626
vn -0.2729 0.8936 0.3564
vn -0.2800 0.8940 0.3499
vn 0.5260 -0.7817 0.3351
vn 0.5260 -0.7817 0.3352
vn 0.9191 -0.3249 0.2229
vn 0.9191 -0.3249 0.2228
vn 0.9196 -0.3243 0.2217
vn 0.9187 -0.3253 0.2239
vn -0.9834 0.0357 0.1781
vn -0.9836 0.0372 0.1766
vn -0.9841 0.0411 0.1728
vn -0.9827 0.0313 0.1825
vn -0.9961 0.0488 -0.0741
vn -0.9959 0.0452 -0.0786
vn -0.9960 0.0481 -0.0749
vn -0.9962 0.0514 -0.0709
vn 0.8446 -0.5325 -0.0561
vn 0.3978 -0.9173 -0.0151
vn 0.3979 -0.9173 -0.0152
vn -0.2359 0.9714 0.0276
vn -0.2379 0.9709 0.0253
vn -0.2360 0.9714 0.0275
vn -0.2340 0.9718 0.0299
vn 0.9878 0.1513 -0.0375
vn 0.9877 0.1515 -0.0376
vn 0.9878 0.1514 -0.0375
vn 0.3131 0.9497 0.0088
vn 0.3135 0.9495 0.0084
vn 0.3117 0.9501 0.0106
vn 0.3154 0.9489 0.0065
vn -0.5981 -0.7970 -0.0846
vn 0.8840 0.4650 -0.0488
vn 0.8842 0.4644 -0.0492
vn 0.8835 0.4659 -0.0480
vn 0.8847 0.4635 -0.0502
vn -0.2432 -0.9696 -0.0285
vn -0.9670 -0.2445 -0.0713
vn -0.9670 -0.2444 -0.0714
vn -0.9670 -0.2445 -0.0714
vn -0.9762 -0.2104 0.0533
vn -0.2140 -0.9659 0.1460
vn 0.8952 0.4408 0.0665
vn 0.8951 0.4409 0.0664
vn 0.8951 0.4408 0.0664
vn 0.2652 0.9480 0.1758
vn 0.9850 0.1569 0.0723
vn 0.9850 0.1569 0.0722
vn -0.2090 0.9539 0.2153
vn 0.3733 -0.9134 0.1623
vn 0.8743 -0.4773 0.0885
vn 0.8743 -0.4772 0.0883
vn 0.8744 -0.4772 0.0882
vn -0.9972 0.0429 0.0609
vn -0.9972 0.0429 0.0608
vn -0.9972 0.0430 0.0606
vn 0.8637 -0.4882 0.1251
vn 0.8628 -0.4895 0.1267
vn 0.8620 -0.4906 0.1273
vn 0.8641 -0.4875 0.1249
vn -0.9681 -0.1799 0.1745
vn -0.9681 -0.1797 0.1746
vn -0.9682 -0.1784 0.1754
vn -0.9680 -0.1814 0.1736
vn -0.3588 -0.9144 0.1874
vn -0.3582 -0.9146 0.1878
vn -0.3595 -0.9143 0.1869
vn -0.3575 -0.9147 0.1883
vn 0.9724 0.1767 0.1523
vn 0.9725 0.1762 0.1523
vn 0.9734 0.1731 0.1500
vn 0.9714 0.1794 0.1557
vn 0.9130 0.3277 0.2429
vn 0.9143 0.3257 0.2410
vn 0.9209 0.3160 0.2281
vn 0.9076 0.3351 0.2529
vn -0.6713 -0.7128 0.2032
vn -0.6718 -0.7125 0.2026
vn -0.6706 -0.7133 0.2040
vn -0.6728 -0.7118 0.2017
vn 0.5531 -0.8176 0.1600
vn 0.5520 -0.8182 0.1609
vn 0.5508 -0.8188 0.1620
vn 0.5542 -0.8170 0.1591
vn 0.1054 0.1304 0.9858
vn 0.0860 0.8996 0.4282
vn 0.0859 0.8996 0.4282
vn 0.1270 0.2917 0.9480
vn 0.1362 0.2884 0.9478
vn 0.1408 0.2875 0.9474
vn 0.1227 0.2926 0.9483
vn 0.3158 0.3352 0.8877
vn 0.2943 0.3460 0.8909
vn 0.2895 0.3417 0.8941
vn 0.3209 0.3377 0.8848
vn -0.2043 0.2803 0.9379
vn -0.2029 0.2807 0.9381
vn -0.2038 0.2804 0.9380
vn -0.2034 0.2813 0.9378
vn -0.2432 0.4172 0.8757
vn -0.2477 0.4138 0.8760
vn -0.2399 0.4183 0.8761
vn -0.2502 0.4127 0.8759
vn 0.6780 0.6060 0.4160
vn -0.3881 0.7526 0.5319
vn -0.3881 0.7527 0.5319
vn -0.8172 0.3201 0.4792
vn 0.9647 0.2172 0.1492
vn 0.9636 0.2200 0.1516
vn 0.9664 0.2119 0.1458
vn 0.9609 0.2288 0.1558
vn -0.9795 -0.1962 0.0455
vn -0.9799 -0.1938 0.0468
vn -0.9805 -0.1904 0.0486
vn -0.9790 -0.1988 0.0443
vn 0.8107 -0.5814 0.0690
vn 0.8114 -0.5805 0.0679
vn 0.8129 -0.5787 0.0661
vn 0.8092 -0.5832 0.0710
vn 0.5333 0.2090 0.8197
vn 0.5334 0.2090 0.8197
vn 0.6713 0.1256 0.7305
vn 0.6758 0.1239 0.7266
vn 0.6627 0.1309 0.7373
vn 0.6596 0.1350 0.7394
vn 0.8836 0.0882 0.4599
vn 0.8908 0.0912 0.4450
vn 0.8847 0.0967 0.4561
vn 0.8923 0.0908 0.4423
vn -0.6412 -0.7657 0.0498
vn -0.6423 -0.7648 0.0508
vn -0.6448 -0.7625 0.0531
vn -0.6387 -0.7680 0.0474
vn 0.9556 0.1911 0.2241
vn 0.9556 0.1911 0.2242
vn 0.9952 0.0213 0.0954
vn 0.9943 0.0245 0.1037
vn 0.9940 0.0256 0.1064
vn 0.9956 0.0201 0.0920
vn 0.9815 -0.0407 0.1872
vn 0.9810 -0.0394 0.1900
vn 0.9806 -0.0378 0.1923
vn 0.9819 -0.0432 0.1846
vn 0.9909 0.1114 0.0755
vn 0.9906 0.1129 0.0768
vn 0.9924 0.1023 0.0691
vn 0.9891 0.1211 0.0833
vn -0.9884 -0.0483 0.1442
vn -0.9882 -0.0550 0.1428
vn -0.9880 -0.0421 0.1486
vn -0.9876 -0.0317 0.1538
vn -0.9936 0.0475 0.1027
vn -0.9937 0.0469 0.1018
vn -0.9934 0.0484 0.1039
vn -0.9938 0.0462 0.1008
vn -0.6565 0.0486 0.7527
vn -0.6563 0.0492 0.7529
vn -0.6571 0.0477 0.7523
vn -0.6561 0.0495 0.7530
vn -0.7267 0.0880 0.6813
vn -0.7275 0.0909 0.6801
vn -0.7266 0.0882 0.6814
vn -0.7266 0.0865 0.6816
vn -0.9469 0.1211 0.2980
vn -0.9492 0.1214 0.2903
vn -0.9466 0.1193 0.2995
vn -0.9439 0.1235 0.3063
vn -0.9079 -0.0768 0.4120
vn -0.9072 -0.0778 0.4134
vn -0.9067 -0.0786 0.4145
vn -0.9088 -0.0761 0.4101
vn -0.9497 -0.0835 0.3017
vn -0.9507 -0.0845 0.2983
vn -0.9504 -0.0848 0.2993
vn -0.9494 -0.0833 0.3027
vn -0.9696 -0.0499 0.2394
vn -0.9686 -0.0446 0.2445
vn -0.9693 -0.0481 0.2411
vn -0.9703 -0.0530 0.2361
vn -0.1289 0.1028 0.9863
vn -0.1244 0.1061 0.9865
vn -0.1260 0.1050 0.9865
vn -0.1308 0.1015 0.9862
vn 0.5771 -0.8145 0.0592
vn 0.5763 -0.8150 0.0602
vn 0.5745 -0.8161 0.0622
vn 0.5789 -0.8134 0.0572
vn -0.3516 -0.9340 0.0636
vn -0.3545 -0.9331 0.0603
vn -0.3484 -0.9350 0.0671
usemtl Black
s off
f 9/1/1 10/2/1 11/3/1
f 9/1/2 12/4/2 10/2/2
f 29/5/3 30/6/3 31/7/3
f 30/6/4 29/5/4 32/8/4
f 81/9/5 82/10/5 83/11/5
f 81/9/6 83/11/6 84/12/6
f 161/13/7 162/14/7 163/15/7
f 181/16/8 182/17/8 183/18/8
f 182/17/9 181/16/9 184/19/9
f 233/20/10 234/21/10 235/22/10
f 234/21/11 233/20/11 236/23/11
s 1
f 1/24/12 2/25/13 3/26/14
f 2/25/13 1/24/12 4/27/15
f 5/28/16 6/29/17 7/30/18
f 6/29/17 5/28/16 8/31/19
f 13/32/20 14/33/21 15/34/22
f 13/32/20 16/35/22 14/33/21
f 17/36/23 18/37/23 19/38/23
f 18/37/23 17/36/23 20/39/24
f 21/40/25 22/41/26 23/42/27
f 22/41/26 21/40/25 24/43/28
f 25/44/29 26/45/30 27/46/31
f 27/46/31 28/47/32 25/44/29
f 33/48/33 34/49/34 35/50/34
f 34/49/34 33/48/33 36/51/34
f 37/52/35 38/53/35 39/54/35
f 38/53/35 37/52/35 40/55/35
f 41/56/36 42/57/36 43/58/36
f 42/57/36 41/56/36 44/59/36
f 45/60/37 46/61/38 47/62/39
f 48/63/40 47/62/39 46/61/38
f 49/64/41 50/65/42 51/66/43
f 49/64/41 51/66/43 52/67/44
f 53/68/45 54/69/46 55/70/47
f 56/71/48 53/68/45 55/70/47
f 57/72/49 58/73/49 59/74/49
f 59/74/49 60/75/49 57/72/49
f 61/76/50 62/77/50 63/78/51
f 62/77/50 61/76/50 64/79/51
f 65/80/52 66/81/53 67/82/54
f 65/80/52 67/82/54 68/83/55
f 69/84/56 70/85/57 71/86/58
f 70/85/57 69/84/56 72/87/59
f 73/88/60 74/89/61 75/90/62
f 73/88/60 76/91/63 74/89/61
f 77/92/64 78/93/65 79/94/66
f 77/92/64 80/95/67 78/93/65
f 85/96/68 86/97/69 87/98/68
f 86/97/69 85/96/68 88/99/68
f 89/100/70 90/101/71 91/102/72
f 92/103/73 90/101/71 89/100/70
f 93/104/74 94/105/75 95/106/76
f 94/105/75 93/104/74 96/107/77
f 97/108/78 98/109/79 99/110/80
f 99/110/80 100/111/81 97/108/78
f 101/112/82 102/113/83 103/114/84
f 102/113/83 101/112/82 104/115/85
f 105/116/86 106/117/87 107/118/88
f 106/117/87 105/116/86 108/119/89
f 109/120/90 110/121/91 111/122/92
f 110/121/91 109/120/90 112/123/93
f 113/124/94 114/125/94 115/126/94
f 114/125/94 113/124/94 116/127/94
f 117/128/95 118/129/96 119/130/97
f 120/131/98 118/129/96 117/128/95
f 121/132/99 122/133/100 123/134/101
f 124/135/102 123/134/101 122/133/100
f 125/136/103 126/137/103 127/138/104
f 126/137/103 125/136/103 128/139/103
f 129/140/105 130/141/106 131/142/107
f 132/143/108 131/142/107 130/141/106
f 133/144/109 134/145/110 135/146/111
f 133/144/109 135/146/111 136/147/112
f 137/148/113 138/149/114 139/150/115
f 138/149/114 137/148/113 140/151/116
f 141/152/117 142/153/118 143/154/119
f 142/153/118 141/152/117 144/155/120
f 145/156/121 146/157/122 147/158/123
f 148/159/124 145/156/121 147/158/123
f 149/160/125 150/161/126 151/162/127
f 150/161/126 149/160/125 152/163/128
f 153/164/129 154/165/130 155/166/131
f 154/165/130 153/164/129 156/167/132
f 157/168/133 158/169/134 159/170/135
f 157/168/133 160/171/136 158/169/134
f 164/172/137 162/14/137 161/13/137
f 165/173/138 166/174/138 167/175/139
f 166/174/138 165/173/138 168/176/139
f 169/177/140 170/178/140 171/179/141
f 170/178/140 169/177/140 172/180/140
f 173/181/142 174/182/143 175/183/144
f 174/182/143 173/181/142 176/184/145
f 177/185/146 178/186/147 179/187/148
f 177/185/146 180/188/149 178/186/147
f 185/189/150 186/190/151 187/191/151
f 186/190/151 185/189/150 188/192/151
f 189/193/152 190/194/152 191/195/152
f 190/194/152 189/193/152 192/196/152
f 193/197/153 194/198/153 195/199/153
f 195/199/153 196/200/153 193/197/153
f 197/201/154 198/202/155 199/203/156
f 200/204/157 197/201/154 199/203/156
f 201/205/158 202/206/159 203/207/160
f 204/208/161 203/207/160 202/206/159
f 205/209/162 206/210/163 207/211/164
f 208/212/165 207/211/164 206/210/163
f 209/213/166 210/214/166 211/215/166
f 212/216/166 211/215/166 210/214/166
f 213/217/167 214/218/167 215/219/168
f 214/218/167 213/217/167 216/220/168
f 217/221/169 218/222/170 219/223/171
f 218/222/170 217/221/169 220/224/172
f 221/225/173 222/226/174 223/227/175
f 222/226/174 221/225/173 224/228/176
f 225/229/177 226/230/178 227/231/179
f 226/230/178 225/229/177 228/232/180
f 229/233/181 230/234/182 231/235/183
f 230/234/182 229/233/181 232/236/184
f 237/237/185 238/238/186 239/239/186
f 238/238/186 237/237/185 240/240/185
f 241/241/187 242/242/188 243/243/189
f 243/243/189 244/244/190 241/241/187
f 245/245/191 246/246/192 247/247/193
f 246/246/192 245/245/191 248/248/194
f 249/249/195 250/250/196 251/251/197
f 252/252/198 250/250/196 249/249/195
f 253/253/199 254/254/200 255/255/201
f 254/254/200 253/253/199 256/256/202
f 257/257/203 258/258/204 259/259/205
f 258/258/204 257/257/203 260/260/206
f 261/261/207 262/262/208 263/263/209
f 262/262/208 261/261/207 264/264/210
f 265/265/211 266/266/212 267/267/212
f 266/266/212 265/265/211 268/268/212
f 269/269/213 270/270/214 271/271/215
f 271/271/215 272/272/216 269/269/213
f 273/273/217 274/274/218 275/275/219
f 275/275/219 276/276/220 273/273/217
f 277/277/221 278/278/221 279/279/222
f 278/278/221 277/277/221 280/280/221
f 281/281/223 282/282/224 283/283/225
f 284/284/226 281/281/223 283/283/225
f 285/285/227 286/286/228 287/287/229
f 286/286/228 285/285/227 288/288/230
f 289/289/231 290/290/232 291/291/233
f 290/290/232 289/289/231 292/292/234
f 293/293/235 294/294/236 295/295/237
f 294/294/236 293/293/235 296/296/238
f 297/297/239 298/298/240 299/299/241
f 298/298/240 297/297/239 300/300/242
f 301/301/243 302/302/244 303/303/245
f 302/302/244 301/301/243 304/304/246
usemtl Grey
s off
f 305/305/247 306/306/247 307/307/247
f 306/306/247 305/305/247 308/308/247
f 309/309/248 310/310/248 311/311/248
f 310/310/249 309/309/249 312/312/249
f 313/313/250 314/314/250 315/315/250
f 314/314/250 313/313/250 316/316/250
f 317/317/251 318/318/251 319/319/251
f 318/318/251 317/317/251 320/320/251
f 321/321/252 322/322/252 323/323/252
f 322/322/252 321/321/252 324/324/252
f 325/325/253 326/326/253 327/327/253
f 326/326/253 325/325/253 328/328/253
f 329/329/254 330/330/254 331/331/254
f 330/330/254 329/329/254 332/332/254
f 333/333/255 334/334/255 335/335/255
f 334/334/255 333/333/255 336/336/255
f 337/337/256 338/338/256 339/339/256
f 338/338/256 337/337/256 340/340/256
f 341/341/257 342/342/257 343/343/257
f 437/344/258 438/345/258 439/346/258
f 438/345/259 437/344/259 440/347/259
f 613/348/260 614/349/260 615/350/260
f 617/351/261 618/352/261 619/353/261
f 618/352/261 617/351/261 620/354/261
f 621/355/262 622/356/262 623/357/262
f 624/358/262 622/356/262 621/355/262
f 625/359/263 626/360/263 627/361/263
f 628/362/263 626/360/263 625/359/263
f 629/363/264 630/364/264 631/365/264
f 630/364/264 629/363/264 632/366/264
f 633/367/265 634/368/265 635/369/265
f 637/370/266 638/371/266 639/372/266
f 638/371/266 637/370/266 640/373/266
f 641/374/267 642/375/267 643/376/267
f 642/375/267 641/374/267 644/377/267
f 645/378/268 646/379/268 647/380/268
f 648/381/268 646/379/268 645/378/268
f 649/382/269 650/383/269 651/384/269
f 650/383/269 649/382/269 652/385/269
f 653/386/270 654/387/270 655/388/270
f 656/389/270 654/387/270 653/386/270
f 749/390/271 750/391/271 751/392/271
f 750/391/272 749/390/272 752/393/272
s 1
f 342/342/257 341/341/257 344/394/257
f 345/395/273 346/396/274 347/397/275
f 346/396/274 345/395/273 348/398/276
f 349/399/277 350/400/277 351/401/277
f 350/400/277 349/399/277 352/402/277
f 353/403/278 354/404/279 355/405/280
f 354/404/279 353/403/278 356/406/281
f 357/407/282 358/408/283 359/409/284
f 358/408/283 357/407/282 360/410/285
f 361/411/286 362/412/287 363/413/288
f 362/412/287 361/411/286 364/414/289
f 365/415/290 366/416/291 367/417/292
f 366/416/291 365/415/290 368/418/293
f 369/419/294 370/420/295 371/421/296
f 370/420/295 369/419/294 372/422/297
f 373/423/298 374/424/298 375/425/298
f 373/423/298 376/426/299 374/424/298
f 377/427/300 378/428/301 379/429/302
f 377/427/300 379/429/302 380/430/303
f 381/431/304 382/432/305 383/433/306
f 382/432/305 381/431/304 384/434/307
f 385/435/308 386/436/309 387/437/310
f 386/436/309 385/435/308 388/438/311
f 389/439/312 390/440/313 391/441/313
f 389/439/312 391/441/313 392/442/313
f 393/443/314 394/444/314 395/445/314
f 394/444/314 393/443/314 396/446/314
f 397/447/315 398/448/316 399/449/317
f 398/448/316 397/447/315 400/450/318
f 401/451/319 402/452/320 403/453/319
f 402/452/320 401/451/319 404/454/319
f 405/455/321 406/456/322 407/457/323
f 406/456/322 405/455/321 408/458/324
f 409/459/325 410/460/325 411/461/326
f 410/460/325 409/459/325 412/462/326
f 413/463/327 414/464/328 415/465/329
f 414/464/328 413/463/327 416/466/330
f 417/467/331 418/468/332 419/469/332
f 418/468/332 417/467/331 420/470/331
f 421/471/333 422/472/333 423/473/333
f 422/472/333 421/471/333 424/474/333
f 425/475/334 426/476/335 427/477/336
f 426/476/335 425/475/334 428/478/335
f 429/479/337 430/480/337 431/481/338
f 430/480/337 429/479/337 432/482/337
f 433/483/339 434/484/339 435/485/340
f 434/484/339 433/483/339 436/486/339
f 441/487/341 442/488/341 443/489/341
f 442/488/341 441/487/341 444/490/341
f 445/491/342 446/492/343 447/493/342
f 446/492/343 445/491/342 448/494/342
f 449/495/344 450/496/345 451/497/345
f 450/496/345 449/495/344 452/498/345
f 453/499/346 454/500/347 455/501/346
f 454/500/347 453/499/346 456/502/346
f 457/503/348 458/504/349 459/505/350
f 458/504/349 457/503/348 460/506/350
f 461/507/351 462/508/352 463/509/353
f 462/508/352 461/507/351 464/510/354
f 465/511/355 466/512/356 467/513/357
f 465/511/355 467/513/357 468/514/358
f 469/515/359 470/516/360 471/517/361
f 470/516/360 469/515/359 472/518/362
f 473/519/363 474/520/364 475/521/365
f 474/520/364 473/519/363 476/522/366
f 477/523/367 478/524/368 479/525/369
f 478/524/368 477/523/367 480/526/370
f 481/527/371 482/528/372 483/529/373
f 482/528/372 481/527/371 484/530/374
f 485/531/375 486/532/376 487/533/377
f 486/532/376 485/531/375 488/534/378
f 489/535/379 490/536/380 491/537/381
f 490/536/380 489/535/379 492/538/382
f 493/539/383 494/540/383 495/541/383
f 494/540/383 493/539/383 496/542/383
f 497/543/384 498/544/384 499/545/384
f 498/544/384 497/543/384 500/546/384
f 501/547/385 502/548/386 503/549/387
f 502/548/386 501/547/385 504/550/388
f 505/551/389 506/552/390 507/553/391
f 506/552/390 505/551/389 508/554/392
f 509/555/393 510/556/394 511/557/395
f 510/556/394 509/555/393 512/558/396
f 513/559/397 514/560/398 515/561/399
f 513/559/397 515/561/399 516/562/400
f 517/563/401 518/564/401 519/565/401
f 518/564/401 517/563/401 520/566/401
f 521/567/402 522/568/402 523/569/403
f 522/568/402 521/567/402 524/570/402
f 525/571/404 526/572/404 527/573/404
f 526/572/404 525/571/404 528/574/404
f 529/575/405 530/576/406 531/577/407
f 529/575/405 532/578/408 530/576/406
f 533/579/409 534/580/410 535/581/411
f 534/580/410 533/579/409 536/582/412
f 537/583/413 538/584/414 539/585/415
f 538/584/414 537/583/413 540/586/416
f 541/587/417 542/588/418 543/589/418
f 541/587/417 543/589/418 544/590/418
f 545/591/419 546/592/420 547/593/421
f 546/592/420 545/591/419 548/594/422
f 549/595/423 550/596/424 551/597/425
f 550/596/424 549/595/423 552/598/426
f 553/599/427 554/600/428 555/601/429
f 554/600/428 553/599/427 556/602/430
f 557/603/431 558/604/432 559/605/432
f 558/604/432 557/603/431 560/606/432
f 561/607/433 562/608/434 563/609/435
f 563/609/435 564/610/436 561/607/433
f 565/611/437 566/612/438 567/613/439
f 565/611/437 567/613/439 568/614/440
f 569/615/441 570/616/442 571/617/443
f 569/615/441 571/617/443 572/618/444
f 573/619/445 574/620/446 575/621/447
f 574/620/446 573/619/445 576/622/448
f 577/623/449 578/624/450 579/625/451
f 578/624/450 577/623/449 580/626/452
f 581/627/453 582/628/454 583/629/455
f 584/630/456 582/628/454 581/627/453
f 585/631/457 586/632/458 587/633/459
f 586/632/458 585/631/457 588/634/460
f 589/635/461 590/636/462 591/637/463
f 590/636/462 589/635/461 592/638/464
f 593/639/465 594/640/466 595/641/467
f 594/640/466 593/639/465 596/642/468
f 597/643/469 598/644/470 599/645/471
f 598/644/470 597/643/469 600/646/472
f 601/647/473 602/648/474 603/649/475
f 602/648/474 601/647/473 604/650/476
f 605/651/477 606/652/478 607/653/479
f 608/654/480 607/653/479 606/652/478
f 609/655/481 610/656/482 611/657/483
f 612/658/484 609/655/481 611/657/483
f 614/349/485 613/348/486 616/659/486
f 634/368/265 633/367/265 636/660/265
f 657/661/487 658/662/488 659/663/489
f 658/662/488 657/661/487 660/664/490
f 661/665/491 662/666/491 663/667/491
f 662/666/491 661/665/491 664/668/491
f 665/669/492 666/670/493 667/671/494
f 666/670/493 665/669/492 668/672/495
f 669/673/496 670/674/496 671/675/497
f 670/674/496 669/673/496 672/676/498
f 673/677/499 674/678/500 675/679/501
f 674/678/500 673/677/499 676/680/502
f 677/681/503 678/682/504 679/683/505
f 679/683/505 680/684/506 677/681/503
f 681/685/507 682/686/508 683/687/509
f 683/687/509 684/688/510 681/685/507
f 685/689/511 686/690/511 687/691/512
f 687/691/512 688/692/511 685/689/511
f 689/693/513 690/694/514 691/695/515
f 690/694/514 689/693/513 692/696/516
f 693/697/517 694/698/518 695/699/519
f 694/698/518 693/697/517 696/700/520
f 697/701/521 698/702/522 699/703/523
f 697/701/521 699/703/523 700/704/524
f 701/705/525 702/706/525 703/707/525
f 704/708/525 701/705/525 703/707/525
f 705/709/526 706/710/527 707/711/527
f 705/709/526 708/712/527 706/710/527
f 709/713/528 710/714/529 711/715/530
f 709/713/528 711/715/530 712/716/531
f 713/717/532 714/718/533 715/719/533
f 713/717/532 716/720/534 714/718/533
f 717/721/535 718/722/536 719/723/537
f 718/722/536 717/721/535 720/724/538
f 721/725/539 722/726/539 723/727/539
f 722/726/539 721/725/539 724/728/539
f 725/729/540 726/730/541 727/731/542
f 726/730/541 725/729/540 728/732/543
f 729/733/544 730/734/544 731/735/544
f 730/734/544 729/733/544 732/736/544
f 733/737/545 734/738/546 735/739/547
f 734/738/546 733/737/545 736/740/547
f 737/741/548 738/742/548 739/743/548
f 738/742/548 737/741/548 740/744/548
f 741/745/549 742/746/549 743/747/549
f 741/745/549 743/747/549 744/748/549
f 745/749/550 746/750/551 747/751/552
f 747/751/552 748/752/552 745/749/550
f 753/753/553 754/754/553 755/755/553
f 754/754/553 753/753/553 756/756/553
f 757/757/554 758/758/554 759/759/555
f 757/757/554 760/760/554 758/758/554
f 761/761/556 762/762/556 763/763/556
f 761/761/556 764/764/556 762/762/556
f 765/765/557 766/766/557 767/767/557
f 765/765/557 768/768/557 766/766/557
f 769/769/558 770/770/559 771/771/560
f 769/769/558 772/772/560 770/770/559
f 773/773/561 774/774/562 775/775/562
f 774/774/562 773/773/561 776/776/563
f 777/777/564 778/778/565 779/779/566
f 777/777/564 780/780/567 778/778/565
f 781/781/568 782/782/569 783/783/570
f 781/781/568 784/784/571 782/782/569
f 785/785/572 786/786/573 787/787/574
f 786/786/573 785/785/572 788/788/575
f 789/789/576 790/790/577 791/791/578
f 790/790/577 789/789/576 792/792/579
f 793/793/580 794/794/581 795/795/582
f 794/794/581 793/793/580 796/796/583
f 797/797/584 798/798/585 799/799/586
f 798/798/585 797/797/584 800/800/587
f 801/801/588 802/802/589 803/803/590
f 804/804/591 802/802/589 801/801/588
f 805/805/592 806/806/592 807/807/592
f 806/806/592 805/805/592 808/808/592
f 809/809/593 810/810/594 811/811/594
f 810/810/594 809/809/593 812/812/594
f 813/813/595 814/814/596 815/815/597
f 816/816/598 814/814/596 813/813/595
f 817/817/599 818/818/600 819/819/601
f 818/818/600 817/817/599 820/820/602
f 821/821/603 822/822/604 823/823/605
f 822/822/604 821/821/603 824/824/606
f 825/825/607 826/826/608 827/827/609
f 826/826/608 825/825/607 828/828/610
f 829/829/611 830/830/611 831/831/611
f 832/832/611 829/829/611 831/831/611
f 833/833/612 834/834/613 835/835/612
f 835/835/612 836/836/612 833/833/612
f 837/837/614 838/838/614 839/839/614
f 838/838/614 837/837/614 840/840/614
f 841/841/615 842/842/616 843/843/617
f 842/842/616 841/841/615 844/844/618
f 845/845/619 846/846/620 847/847/621
f 845/845/619 848/848/622 846/846/620
f 849/849/623 850/850/624 851/851/625
f 850/850/624 849/849/623 852/852/626
f 853/853/627 854/854/627 855/855/628
f 856/856/627 853/853/627 855/855/628
f 857/857/629 858/858/630 859/859/631
f 860/860/632 857/857/629 859/859/631
f 861/861/633 862/862/634 863/863/635
f 862/862/634 861/861/633 864/864/636
f 865/865/637 866/866/638 867/867/639
f 868/868/640 866/866/638 865/865/637
f 869/869/641 870/870/642 871/871/641
f 870/870/642 869/869/641 872/872/641
f 873/873/643 874/874/644 875/875/645
f 874/874/644 873/873/643 876/876/646
f 877/877/647 878/878/648 879/879/649
f 878/878/648 877/877/647 880/880/650
f 881/881/651 882/882/652 883/883/653
f 882/882/652 881/881/651 884/884/654
f 885/885/655 886/886/656 887/887/657
f 885/885/655 887/887/657 888/888/658
f 889/889/659 890/890/660 891/891/661
f 889/889/659 892/892/662 890/890/660
f 893/893/663 894/894/664 895/895/665
f 893/893/663 896/896/666 894/894/664
f 897/897/667 898/898/668 899/899/669
f 899/899/669 900/900/670 897/897/667
f 901/901/671 902/902/672 903/903/673
f 903/903/673 904/904/674 901/901/671
f 905/905/675 906/906/676 907/907/677
f 906/906/676 905/905/675 908/908/678
f 909/909/679 910/910/680 911/911/681
f 911/911/681 912/912/682 909/909/679
f 913/913/683 914/914/684 915/915/685
f 913/913/683 915/915/685 916/916/686
f 917/917/687 918/918/688 919/919/689
f 917/917/687 919/919/689 920/920/690
f 921/921/691 922/922/692 923/923/693
f 924/924/694 922/922/692 921/921/691
f 925/925/695 926/926/695 927/927/696
f 926/926/695 925/925/695 928/928/697
o Worker_Legs
v 0.168675 0.157309 0.591748
v 0.162239 0.142961 0.665790
v 0.180493 0.152302 0.597415
v 0.174556 0.139085 0.665675
v 0.179367 0.102087 0.575198
v 0.180493 0.152302 0.597415
v 0.190343 0.101157 0.581951
v 0.168675 0.157309 0.591748
v 0.168150 0.031873 0.655473
v 0.180002 0.036487 0.656077
v 0.170041 0.033892 0.709119
v 0.157345 0.028940 0.712880
v 0.181821 0.045310 0.588260
v 0.168150 0.031873 0.655473
v 0.170086 0.040885 0.582317
v 0.180002 0.036487 0.656077
v 0.191258 0.087170 0.663661
v 0.170041 0.033892 0.709119
v 0.180002 0.036487 0.656077
v 0.183357 0.081466 0.721078
v 0.191258 0.087170 0.663661
v 0.167819 0.129431 0.722820
v 0.183357 0.081466 0.721078
v 0.174556 0.139085 0.665675
v 0.190343 0.101157 0.581951
v 0.174556 0.139085 0.665675
v 0.191258 0.087170 0.663661
v 0.180493 0.152302 0.597415
v 0.181821 0.045310 0.588260
v 0.191258 0.087170 0.663661
v 0.180002 0.036487 0.656077
v 0.190343 0.101157 0.581951
v 0.170086 0.040885 0.582317
v 0.179367 0.102087 0.575198
v 0.181821 0.045310 0.588260
v 0.190343 0.101157 0.581951
v 0.171779 0.080506 0.725843
v 0.170041 0.033892 0.709119
v 0.183357 0.081466 0.721078
v 0.157345 0.028940 0.712880
v 0.051301 -0.037827 1.007561
v 0.077087 -0.036043 1.002638
v 0.062248 -0.023365 1.022266
v 0.114936 0.018224 0.521918
v 0.170086 0.040885 0.582317
v 0.111214 0.016687 0.581536
v 0.171618 0.041263 0.518290
v 0.096489 0.169766 0.503812
v 0.135148 0.166666 0.484028
v 0.094142 0.165095 0.473995
v 0.128237 0.162826 0.469035
v 0.171618 0.041263 0.518290
v 0.179367 0.102087 0.575198
v 0.170086 0.040885 0.582317
v 0.182080 0.103980 0.501639
v 0.096489 0.169766 0.503812
v 0.063305 0.130263 0.490033
v 0.061942 0.152750 0.588462
v 0.094142 0.165095 0.473995
v 0.182080 0.103980 0.501639
v 0.163984 0.136028 0.504541
v 0.179367 0.102087 0.575198
v 0.168712 0.127561 0.487130
v 0.066927 0.020339 0.520131
v 0.111214 0.016687 0.581536
v 0.060774 0.016886 0.581711
v 0.114936 0.018224 0.521918
v 0.168712 0.127561 0.487130
v 0.135148 0.166666 0.484028
v 0.163984 0.136028 0.504541
v 0.128237 0.162826 0.469035
v 0.045455 0.091995 0.582593
v 0.050749 0.093014 0.497575
v 0.066927 0.020339 0.520131
v 0.060774 0.016886 0.581711
v 0.063305 0.130263 0.490033
v 0.045455 0.091995 0.582593
v 0.061942 0.152750 0.588462
v 0.050749 0.093014 0.497575
v 0.161827 0.159799 0.540501
v 0.179367 0.102087 0.575198
v 0.163984 0.136028 0.504541
v 0.168675 0.157309 0.591748
v 0.096489 0.169766 0.503812
v 0.061942 0.152750 0.588462
v 0.105548 0.186476 0.541191
v 0.094826 0.184018 0.592795
v 0.163984 0.136028 0.504541
v 0.137565 0.185114 0.525204
v 0.161827 0.159799 0.540501
v 0.135148 0.166666 0.484028
v 0.137565 0.185114 0.525204
v 0.096489 0.169766 0.503812
v 0.105548 0.186476 0.541191
v 0.135148 0.166666 0.484028
v 0.161827 0.159799 0.540501
v 0.134092 0.182338 0.596668
v 0.168675 0.157309 0.591748
v 0.137565 0.185114 0.525204
v 0.134092 0.182338 0.596668
v 0.137565 0.185114 0.525204
v 0.105548 0.186476 0.541191
v 0.094826 0.184018 0.592795
v 0.171779 0.080506 0.725843
v 0.167819 0.129431 0.722820
v 0.154937 0.132497 0.727731
v 0.183357 0.081466 0.721078
v 0.132353 0.084497 0.994594
v 0.133619 0.102199 0.964129
v 0.125224 0.105724 0.980763
v 0.143100 0.074738 0.953641
v 0.125224 0.105724 0.980763
v 0.115893 0.100114 1.027774
v 0.132353 0.084497 0.994594
v 0.102420 0.132946 0.996483
v 0.037356 0.155754 0.990310
v -0.000096 0.157317 1.010209
v 0.041394 0.152541 1.007553
v -0.000097 0.157663 0.991730
v 0.076199 0.140644 1.024795
v 0.102420 0.132946 0.996483
v 0.072447 0.149260 1.003903
v 0.115893 0.100114 1.027774
v 0.045023 0.150219 1.024490
v 0.072447 0.149260 1.003903
v 0.041394 0.152541 1.007553
v 0.076199 0.140644 1.024795
v 0.162239 0.142961 0.665790
v 0.167819 0.129431 0.722820
v 0.174556 0.139085 0.665675
v 0.154937 0.132497 0.727731
v 0.132551 0.042316 1.000259
v 0.144471 0.023898 0.953500
v 0.143100 0.074738 0.953641
v 0.132353 0.084497 0.994594
v 0.122195 -0.004058 0.993596
v 0.128233 -0.011701 0.963377
v 0.144471 0.023898 0.953500
v 0.132551 0.042316 1.000259
v 0.124485 0.057639 1.024974
v 0.132551 0.042316 1.000259
v 0.132353 0.084497 0.994594
v 0.115893 0.100114 1.027774
v -0.000087 -0.026276 1.023584
v -0.000093 -0.035659 1.004626
v 0.018345 -0.041367 1.006255
v 0.062248 -0.023365 1.022266
v 0.018345 -0.041367 1.006255
v 0.051301 -0.037827 1.007561
v -0.000087 -0.026276 1.023584
v 0.041394 0.152541 1.007553
v -0.000095 0.156563 1.024059
v 0.045023 0.150219 1.024490
v -0.000096 0.157317 1.010209
v -0.000097 0.157663 0.991730
v 0.027766 0.154035 0.934891
v -0.000098 0.155108 0.928944
v 0.037356 0.155754 0.990310
v 0.113824 0.007719 1.020575
v 0.062248 -0.023365 1.022266
v 0.077087 -0.036043 1.002638
v 0.122195 -0.004058 0.993596
v 0.113824 0.007719 1.020575
v 0.122195 -0.004058 0.993596
v 0.132551 0.042316 1.000259
v 0.124485 0.057639 1.024974
v -0.162187 0.142868 0.665805
v -0.168576 0.157199 0.591757
v -0.180406 0.152219 0.597423
v -0.174513 0.139019 0.665689
v -0.179385 0.101988 0.575225
v -0.180406 0.152219 0.597423
v -0.168576 0.157199 0.591757
v -0.190364 0.101087 0.581976
v -0.168338 0.031788 0.655532
v -0.170237 0.033835 0.709177
v -0.180180 0.036428 0.656132
v -0.157552 0.028857 0.712943
v -0.181965 0.045221 0.588303
v -0.168338 0.031788 0.655532
v -0.180180 0.036428 0.656132
v -0.170238 0.040767 0.582362
v -0.170237 0.033835 0.709177
v -0.183452 0.081443 0.721114
v -0.191328 0.087140 0.663693
v -0.180180 0.036428 0.656132
v -0.191328 0.087140 0.663693
v -0.167809 0.129375 0.722839
v -0.174513 0.139019 0.665689
v -0.183452 0.081443 0.721114
v -0.190364 0.101087 0.581976
v -0.174513 0.139019 0.665689
v -0.180406 0.152219 0.597423
v -0.191328 0.087140 0.663693
v -0.181965 0.045221 0.588303
v -0.191328 0.087140 0.663693
v -0.190364 0.101087 0.581976
v -0.180180 0.036428 0.656132
v -0.179385 0.101988 0.575225
v -0.170238 0.040767 0.582362
v -0.181965 0.045221 0.588303
v -0.190364 0.101087 0.581976
v -0.171877 0.080460 0.725882
v -0.170237 0.033835 0.709177
v -0.157552 0.028857 0.712943
v -0.183452 0.081443 0.721114
v -0.051511 -0.037895 1.007609
v -0.062465 -0.023436 1.022320
v -0.077344 -0.036127 1.002707
v -0.115125 0.017972 0.521919
v -0.170238 0.040767 0.582362
v -0.171757 0.041136 0.518286
v -0.111418 0.016437 0.581596
v -0.135008 0.166475 0.484069
v -0.094003 0.164822 0.474045
v -0.128103 0.162629 0.469078
v -0.096345 0.169483 0.503858
v -0.171757 0.041136 0.518286
v -0.179385 0.101988 0.575225
v -0.182079 0.103885 0.501650
v -0.170238 0.040767 0.582362
v -0.096345 0.169483 0.503858
v -0.061852 0.152402 0.588497
v -0.063245 0.129914 0.490074
v -0.094003 0.164822 0.474045
v -0.163914 0.135891 0.504566
v -0.182079 0.103885 0.501650
v -0.179385 0.101988 0.575225
v -0.168657 0.127444 0.487152
v -0.067112 0.019982 0.520142
v -0.111418 0.016437 0.581596
v -0.115125 0.017972 0.521919
v -0.060978 0.016526 0.581780
v -0.168657 0.127444 0.487152
v -0.135008 0.166475 0.484069
v -0.128103 0.162629 0.469078
v -0.163914 0.135891 0.504566
v -0.045496 0.091606 0.582650
v -0.067112 0.019982 0.520142
v -0.050771 0.092633 0.497604
v -0.060978 0.016526 0.581780
v -0.063245 0.129914 0.490074
v -0.045496 0.091606 0.582650
v -0.050771 0.092633 0.497604
v -0.061852 0.152402 0.588497
v -0.161711 0.159652 0.540519
v -0.179385 0.101988 0.575225
v -0.168576 0.157199 0.591757
v -0.163914 0.135891 0.504566
v -0.061852 0.152402 0.588497
v -0.096345 0.169483 0.503858
v -0.105374 0.186207 0.541215
v -0.094669 0.183745 0.592812
v -0.163914 0.135891 0.504566
v -0.137391 0.184913 0.525223
v -0.135008 0.166475 0.484069
v -0.161711 0.159652 0.540519
v -0.137391 0.184913 0.525223
v -0.105374 0.186207 0.541215
v -0.096345 0.169483 0.503858
v -0.135008 0.166475 0.484069
v -0.161711 0.159652 0.540519
v -0.133939 0.182153 0.596676
v -0.137391 0.184913 0.525223
v -0.168576 0.157199 0.591757
v -0.137391 0.184913 0.525223
v -0.133939 0.182153 0.596676
v -0.105374 0.186207 0.541215
v -0.094669 0.183745 0.592812
v -0.171877 0.080460 0.725882
v -0.154921 0.132414 0.727752
v -0.167809 0.129375 0.722839
v -0.183452 0.081443 0.721114
v -0.133731 0.102166 0.964169
v -0.132507 0.084473 0.994642
v -0.125341 0.105680 0.980804
v -0.143260 0.074724 0.953688
v -0.125341 0.105680 0.980804
v -0.116038 0.100069 1.027821
v -0.102531 0.132875 0.996521
v -0.132507 0.084473 0.994642
v -0.037540 0.155678 0.990334
v -0.000096 0.157317 1.010209
v -0.000097 0.157663 0.991730
v -0.041577 0.152469 1.007578
v -0.076357 0.140572 1.024833
v -0.072601 0.149182 1.003938
v -0.102531 0.132875 0.996521
v -0.116038 0.100069 1.027821
v -0.045204 0.150152 1.024517
v -0.041577 0.152469 1.007578
v -0.072601 0.149182 1.003938
v -0.076357 0.140572 1.024833
v -0.162187 0.142868 0.665805
v -0.167809 0.129375 0.722839
v -0.154921 0.132414 0.727752
v -0.174513 0.139019 0.665689
v -0.132791 0.042297 1.000322
v -0.143260 0.074724 0.953688
v -0.144741 0.023886 0.953568
v -0.132507 0.084473 0.994642
v -0.122514 -0.004106 0.993679
v -0.144741 0.023886 0.953568
v -0.128567 -0.011748 0.963462
v -0.132791 0.042297 1.000322
v -0.124697 0.057609 1.025033
v -0.132507 0.084473 0.994642
v -0.132791 0.042297 1.000322
v -0.116038 0.100069 1.027821
v -0.000087 -0.026276 1.023584
v -0.018532 -0.041415 1.006281
v -0.000093 -0.035659 1.004626
v -0.018532 -0.041415 1.006281
v -0.062465 -0.023436 1.022320
v -0.051511 -0.037895 1.007609
v -0.000087 -0.026276 1.023584
v -0.041577 0.152469 1.007578
v -0.000095 0.156563 1.024059
v -0.000096 0.157317 1.010209
v -0.045204 0.150152 1.024517
v -0.027956 0.153943 0.934911
v -0.000097 0.157663 0.991730
v -0.000098 0.155108 0.928944
v -0.037540 0.155678 0.990334
v -0.062465 -0.023436 1.022320
v -0.114119 0.007666 1.020654
v -0.077344 -0.036127 1.002707
v -0.122514 -0.004106 0.993679
v -0.114119 0.007666 1.020654
v -0.132791 0.042297 1.000322
v -0.122514 -0.004106 0.993679
v -0.124697 0.057609 1.025033
v 0.029486 0.066072 1.028588
v -0.000082 0.010604 1.029378
v 0.034638 0.012584 1.029131
v -0.000097 0.066661 1.028541
v 0.053268 0.068052 1.028729
v 0.071936 0.095095 1.029368
v 0.050973 0.093294 1.028475
v 0.078042 0.068829 1.029378
v 0.053268 0.068052 1.028729
v 0.034638 0.012584 1.029131
v 0.072926 0.035170 1.028685
v 0.029486 0.066072 1.028588
v 0.030433 0.090676 1.028528
v -0.000097 0.066661 1.028541
v 0.029486 0.066072 1.028588
v -0.000101 0.093888 1.028419
v 0.071936 0.095095 1.029368
v 0.048129 0.118334 1.028181
v 0.050973 0.093294 1.028475
v 0.030433 0.090676 1.028528
v 0.053268 0.068052 1.028729
v 0.050973 0.093294 1.028475
v 0.029486 0.066072 1.028588
v 0.078042 0.068829 1.029378
v 0.053268 0.068052 1.028729
v 0.072926 0.035170 1.028685
v 0.030433 0.090676 1.028528
v 0.050973 0.093294 1.028475
v 0.048129 0.118334 1.028181
v 0.029523 0.123429 1.028647
v -0.000101 0.093888 1.028419
v 0.030433 0.090676 1.028528
v 0.029523 0.123429 1.028647
v -0.000103 0.127272 1.028492
v 0.104925 0.014063 0.696148
v 0.168150 0.031873 0.655473
v 0.157345 0.028940 0.712880
v 0.108923 0.013401 0.648898
v 0.055392 0.137041 0.695273
v 0.087318 0.174309 0.662501
v 0.056194 0.134576 0.655524
v 0.082825 0.166941 0.708983
v 0.125624 0.167710 0.666323
v 0.082825 0.166941 0.708983
v 0.120318 0.159017 0.721755
v 0.087318 0.174309 0.662501
v 0.154937 0.132497 0.727731
v 0.118942 0.162972 0.760143
v 0.158416 0.131457 0.764688
v 0.120318 0.159017 0.721755
v 0.046030 0.011528 0.713346
v 0.030310 0.078430 0.718187
v 0.057112 0.018885 0.683038
v 0.042907 0.078560 0.685798
v 0.108923 0.013401 0.648898
v 0.057112 0.018885 0.683038
v 0.057212 0.015464 0.645021
v 0.104925 0.014063 0.696148
v 0.042907 0.078560 0.685798
v 0.056194 0.134576 0.655524
v 0.041568 0.075815 0.649116
v 0.055392 0.137041 0.695273
v 0.176434 0.037270 0.221352
v 0.185610 0.086902 0.273962
v 0.179980 0.036425 0.278520
v 0.181452 0.083354 0.216963
v 0.072328 0.014486 0.230697
v 0.119205 0.003310 0.269898
v 0.066200 0.008563 0.258524
v 0.120359 0.008628 0.227788
v 0.072898 0.107602 0.223632
v 0.057947 0.063169 0.251865
v 0.067314 0.112949 0.248957
v 0.065067 0.062487 0.227697
v 0.096623 0.139128 0.251537
v 0.135799 0.140125 0.215600
v 0.099563 0.131517 0.219404
v 0.136791 0.149138 0.257781
v 0.172672 0.124164 0.214287
v 0.136791 0.149138 0.257781
v 0.176094 0.130822 0.267538
v 0.135799 0.140125 0.215600
v 0.067314 0.112949 0.248957
v 0.099563 0.131517 0.219404
v 0.072898 0.107602 0.223632
v 0.096623 0.139128 0.251537
v 0.179980 0.036425 0.278520
v 0.116185 0.008824 0.418157
v 0.119205 0.003310 0.269898
v 0.173566 0.040038 0.416502
v 0.167906 0.122828 0.405739
v 0.185610 0.086902 0.273962
v 0.176094 0.130822 0.267538
v 0.178070 0.085514 0.410280
v 0.066200 0.008563 0.258524
v 0.049427 0.075998 0.410397
v 0.057947 0.063169 0.251865
v 0.059745 0.014525 0.415319
v 0.182116 0.032682 0.204632
v 0.181452 0.083354 0.216963
v 0.176434 0.037270 0.221352
v 0.187920 0.084480 0.200342
v 0.119517 -0.000157 0.200138
v 0.072328 0.014486 0.230697
v 0.066704 0.005551 0.193106
v 0.120359 0.008628 0.227788
v 0.058895 0.057866 0.187604
v 0.072898 0.107602 0.223632
v 0.067172 0.108470 0.184128
v 0.065067 0.062487 0.227697
v 0.099563 0.131517 0.219404
v 0.136934 0.146597 0.188434
v 0.096881 0.136138 0.184901
v 0.135799 0.140125 0.215600
v 0.136934 0.146597 0.188434
v 0.172672 0.124164 0.214287
v 0.178318 0.130408 0.194952
v 0.135799 0.140125 0.215600
v 0.067172 0.108470 0.184128
v 0.099563 0.131517 0.219404
v 0.096881 0.136138 0.184901
v 0.072898 0.107602 0.223632
v 0.072328 0.014486 0.230697
v 0.057947 0.063169 0.251865
v 0.065067 0.062487 0.227697
v 0.066200 0.008563 0.258524
v 0.176094 0.130822 0.267538
v 0.181452 0.083354 0.216963
v 0.172672 0.124164 0.214287
v 0.185610 0.086902 0.273962
v 0.176434 0.037270 0.221352
v 0.119205 0.003310 0.269898
v 0.120359 0.008628 0.227788
v 0.179980 0.036425 0.278520
v 0.175487 0.036408 0.165266
v 0.187920 0.084480 0.200342
v 0.182116 0.032682 0.204632
v 0.180789 0.083086 0.161557
v 0.072900 0.013513 0.167713
v 0.119517 -0.000157 0.200138
v 0.066704 0.005551 0.193106
v 0.119065 0.007930 0.167863
v 0.072831 0.103108 0.160664
v 0.058895 0.057866 0.187604
v 0.067172 0.108470 0.184128
v 0.066417 0.057862 0.164246
v 0.176434 0.037270 0.221352
v 0.119517 -0.000157 0.200138
v 0.182116 0.032682 0.204632
v 0.120359 0.008628 0.227788
v 0.096881 0.136138 0.184901
v 0.134370 0.137973 0.157503
v 0.099271 0.128551 0.158476
v 0.136934 0.146597 0.188434
v 0.172672 0.124164 0.214287
v 0.187920 0.084480 0.200342
v 0.178318 0.130408 0.194952
v 0.181452 0.083354 0.216963
v 0.072328 0.014486 0.230697
v 0.058895 0.057866 0.187604
v 0.066704 0.005551 0.193106
v 0.065067 0.062487 0.227697
v 0.172330 0.125190 0.158281
v 0.136934 0.146597 0.188434
v 0.178318 0.130408 0.194952
v 0.134370 0.137973 0.157503
v 0.067172 0.108470 0.184128
v 0.096881 0.136138 0.184901
v 0.099271 0.128551 0.158476
v 0.072831 0.103108 0.160664
v 0.070765 0.131398 1.026318
v 0.045088 0.138957 1.026115
v 0.048129 0.118334 1.028181
v 0.029523 0.123429 1.028647
v -0.000096 0.144541 1.025685
v 0.029523 0.123429 1.028647
v 0.045088 0.138957 1.026115
v -0.000103 0.127272 1.028492
v 0.103425 0.097572 1.028736
v 0.070765 0.131398 1.026318
v 0.071936 0.095095 1.029368
v 0.048129 0.118334 1.028181
v 0.103425 0.097572 1.028736
v 0.071936 0.095095 1.029368
v 0.078042 0.068829 1.029378
v 0.110594 0.061070 1.026988
v 0.050679 -0.011191 1.024587
v 0.072926 0.035170 1.028685
v 0.034638 0.012584 1.029131
v 0.101887 0.016092 1.023103
v 0.072926 0.035170 1.028685
v 0.110594 0.061070 1.026988
v 0.078042 0.068829 1.029378
v 0.101887 0.016092 1.023103
v -0.000088 -0.013362 1.025347
v 0.034638 0.012584 1.029131
v -0.000082 0.010604 1.029378
v 0.050679 -0.011191 1.024587
v 0.076199 0.140644 1.024795
v 0.045088 0.138957 1.026115
v 0.070765 0.131398 1.026318
v 0.045023 0.150219 1.024490
v 0.115893 0.100114 1.027774
v 0.103425 0.097572 1.028736
v 0.110594 0.061070 1.026988
v 0.124485 0.057639 1.024974
v 0.115893 0.100114 1.027774
v 0.076199 0.140644 1.024795
v 0.103425 0.097572 1.028736
v 0.070765 0.131398 1.026318
v 0.062248 -0.023365 1.022266
v 0.101887 0.016092 1.023103
v 0.050679 -0.011191 1.024587
v 0.113824 0.007719 1.020575
v -0.000087 -0.026276 1.023584
v 0.050679 -0.011191 1.024587
v -0.000088 -0.013362 1.025347
v 0.062248 -0.023365 1.022266
v 0.045023 0.150219 1.024490
v -0.000096 0.144541 1.025685
v 0.045088 0.138957 1.026115
v -0.000095 0.156563 1.024059
v 0.101887 0.016092 1.023103
v 0.124485 0.057639 1.024974
v 0.110594 0.061070 1.026988
v 0.113824 0.007719 1.020575
v 0.147775 0.052184 0.137950
v 0.122610 0.077479 0.136278
v 0.151086 0.077902 0.135948
v 0.113124 0.109987 0.133844
v 0.122610 0.077479 0.136278
v 0.098584 0.089533 0.135174
v 0.151086 0.077902 0.135948
v 0.122610 0.077479 0.136278
v 0.153016 0.102348 0.134275
v 0.117246 0.036089 0.139863
v 0.122610 0.077479 0.136278
v 0.147775 0.052184 0.137950
v 0.095548 0.068013 0.136934
v 0.122610 0.077479 0.136278
v 0.092494 0.044441 0.139224
v 0.153016 0.102348 0.134275
v 0.122610 0.077479 0.136278
v 0.134615 0.116816 0.133295
v 0.098584 0.089533 0.135174
v 0.122610 0.077479 0.136278
v 0.095548 0.068013 0.136934
v 0.134615 0.116816 0.133295
v 0.122610 0.077479 0.136278
v 0.113124 0.109987 0.133844
v 0.092494 0.044441 0.139224
v 0.122610 0.077479 0.136278
v 0.117246 0.036089 0.139863
v 0.092494 0.044441 0.139224
v 0.071895 0.059316 0.148865
v 0.095548 0.068013 0.136934
v 0.077476 0.020999 0.150930
v 0.167039 0.040663 0.149982
v 0.119065 0.007930 0.167863
v 0.118173 0.016023 0.150630
v 0.175487 0.036408 0.165266
v 0.102940 0.124859 0.142800
v 0.072831 0.103108 0.160664
v 0.099271 0.128551 0.158476
v 0.077548 0.100404 0.145704
v 0.071895 0.059316 0.148865
v 0.072831 0.103108 0.160664
v 0.077548 0.100404 0.145704
v 0.066417 0.057862 0.164246
v 0.167039 0.040663 0.149982
v 0.180789 0.083086 0.161557
v 0.175487 0.036408 0.165266
v 0.171661 0.081414 0.146594
v 0.102940 0.124859 0.142800
v 0.134370 0.137973 0.157503
v 0.135204 0.133583 0.141552
v 0.099271 0.128551 0.158476
v 0.167959 0.119372 0.142641
v 0.134370 0.137973 0.157503
v 0.172330 0.125190 0.158281
v 0.135204 0.133583 0.141552
v 0.167959 0.119372 0.142641
v 0.180789 0.083086 0.161557
v 0.171661 0.081414 0.146594
v 0.172330 0.125190 0.158281
v 0.077476 0.020999 0.150930
v 0.119065 0.007930 0.167863
v 0.072900 0.013513 0.167713
v 0.118173 0.016023 0.150630
v 0.077476 0.020999 0.150930
v 0.066417 0.057862 0.164246
v 0.071895 0.059316 0.148865
v 0.072900 0.013513 0.167713
v 0.055392 0.137041 0.695273
v 0.030310 0.078430 0.718187
v 0.043241 0.145371 0.729307
v 0.042907 0.078560 0.685798
v 0.062481 0.122170 0.406372
v 0.096623 0.139128 0.251537
v 0.067314 0.112949 0.248957
v 0.091292 0.142206 0.403405
v 0.176094 0.130822 0.267538
v 0.133236 0.149194 0.401810
v 0.167906 0.122828 0.405739
v 0.136791 0.149138 0.257781
v 0.113124 0.109987 0.133844
v 0.135204 0.133583 0.141552
v 0.134615 0.116816 0.133295
v 0.102940 0.124859 0.142800
v 0.072900 0.013513 0.167713
v 0.058895 0.057866 0.187604
v 0.066417 0.057862 0.164246
v 0.066704 0.005551 0.193106
v 0.172330 0.125190 0.158281
v 0.187920 0.084480 0.200342
v 0.180789 0.083086 0.161557
v 0.178318 0.130408 0.194952
v 0.091292 0.142206 0.403405
v 0.136791 0.149138 0.257781
v 0.096623 0.139128 0.251537
v 0.133236 0.149194 0.401810
v 0.147775 0.052184 0.137950
v 0.171661 0.081414 0.146594
v 0.167039 0.040663 0.149982
v 0.151086 0.077902 0.135948
v 0.147775 0.052184 0.137950
v 0.118173 0.016023 0.150630
v 0.117246 0.036089 0.139863
v 0.167039 0.040663 0.149982
v 0.077548 0.100404 0.145704
v 0.098584 0.089533 0.135174
v 0.095548 0.068013 0.136934
v 0.071895 0.059316 0.148865
v 0.175487 0.036408 0.165266
v 0.119517 -0.000157 0.200138
v 0.119065 0.007930 0.167863
v 0.182116 0.032682 0.204632
v 0.057947 0.063169 0.251865
v 0.062481 0.122170 0.406372
v 0.067314 0.112949 0.248957
v 0.049427 0.075998 0.410397
v 0.119205 0.003310 0.269898
v 0.059745 0.014525 0.415319
v 0.066200 0.008563 0.258524
v 0.116185 0.008824 0.418157
v 0.178070 0.085514 0.410280
v 0.179980 0.036425 0.278520
v 0.185610 0.086902 0.273962
v 0.173566 0.040038 0.416502
v 0.098584 0.089533 0.135174
v 0.102940 0.124859 0.142800
v 0.113124 0.109987 0.133844
v 0.077548 0.100404 0.145704
v 0.153016 0.102348 0.134275
v 0.171661 0.081414 0.146594
v 0.151086 0.077902 0.135948
v 0.167959 0.119372 0.142641
v 0.118173 0.016023 0.150630
v 0.077476 0.020999 0.150930
v 0.092494 0.044441 0.139224
v 0.117246 0.036089 0.139863
v 0.116185 0.008824 0.418157
v 0.171618 0.041263 0.518290
v 0.114936 0.018224 0.521918
v 0.173566 0.040038 0.416502
v 0.063305 0.130263 0.490033
v 0.062481 0.122170 0.406372
v 0.049427 0.075998 0.410397
v 0.050749 0.093014 0.497575
v 0.050749 0.093014 0.497575
v 0.049427 0.075998 0.410397
v 0.059745 0.014525 0.415319
v 0.066927 0.020339 0.520131
v 0.167906 0.122828 0.405739
v 0.128237 0.162826 0.469035
v 0.168712 0.127561 0.487130
v 0.133236 0.149194 0.401810
v 0.066927 0.020339 0.520131
v 0.059745 0.014525 0.415319
v 0.116185 0.008824 0.418157
v 0.114936 0.018224 0.521918
v 0.178070 0.085514 0.410280
v 0.168712 0.127561 0.487130
v 0.182080 0.103980 0.501639
v 0.167906 0.122828 0.405739
v 0.094142 0.165095 0.473995
v 0.091292 0.142206 0.403405
v 0.062481 0.122170 0.406372
v 0.063305 0.130263 0.490033
v 0.173566 0.040038 0.416502
v 0.182080 0.103980 0.501639
v 0.171618 0.041263 0.518290
v 0.178070 0.085514 0.410280
v 0.128237 0.162826 0.469035
v 0.133236 0.149194 0.401810
v 0.091292 0.142206 0.403405
v 0.094142 0.165095 0.473995
v 0.172596 0.068132 0.817171
v 0.177048 0.075978 0.758120
v 0.158416 0.131457 0.764688
v 0.154415 0.123135 0.833052
v 0.160416 0.064345 0.902691
v 0.172596 0.068132 0.817171
v 0.154415 0.123135 0.833052
v 0.141496 0.104034 0.913976
v 0.143100 0.074738 0.953641
v 0.160416 0.064345 0.902691
v 0.141496 0.104034 0.913976
v 0.133619 0.102199 0.964129
v 0.125624 0.167710 0.666323
v 0.134092 0.182338 0.596668
v 0.094826 0.184018 0.592795
v 0.087318 0.174309 0.662501
v 0.104925 0.014063 0.696148
v 0.046030 0.011528 0.713346
v 0.057112 0.018885 0.683038
v 0.099806 0.005779 0.725401
v 0.154937 0.132497 0.727731
v 0.177048 0.075978 0.758120
v 0.171779 0.080506 0.725843
v 0.158416 0.131457 0.764688
v 0.108923 0.013401 0.648898
v 0.111214 0.016687 0.581536
v 0.170086 0.040885 0.582317
v 0.168150 0.031873 0.655473
v 0.045455 0.091995 0.582593
v 0.056194 0.134576 0.655524
v 0.061942 0.152750 0.588462
v 0.041568 0.075815 0.649116
v 0.041568 0.075815 0.649116
v 0.045455 0.091995 0.582593
v 0.060774 0.016886 0.581711
v 0.057212 0.015464 0.645021
v 0.115858 0.148743 0.852961
v 0.118942 0.162972 0.760143
v 0.073763 0.172185 0.745701
v 0.069928 0.153370 0.884083
v 0.060774 0.016886 0.581711
v 0.108923 0.013401 0.648898
v 0.057212 0.015464 0.645021
v 0.111214 0.016687 0.581536
v 0.087318 0.174309 0.662501
v 0.094826 0.184018 0.592795
v 0.061942 0.152750 0.588462
v 0.056194 0.134576 0.655524
v 0.162239 0.142961 0.665790
v 0.168675 0.157309 0.591748
v 0.134092 0.182338 0.596668
v 0.125624 0.167710 0.666323
v 0.118764 0.128065 0.920659
v 0.115858 0.148743 0.852961
v 0.069928 0.153370 0.884083
v 0.092023 0.138526 0.933229
v 0.057112 0.018885 0.683038
v 0.041568 0.075815 0.649116
v 0.057212 0.015464 0.645021
v 0.042907 0.078560 0.685798
v 0.162239 0.142961 0.665790
v 0.120318 0.159017 0.721755
v 0.154937 0.132497 0.727731
v 0.125624 0.167710 0.666323
v 0.120318 0.159017 0.721755
v 0.073763 0.172185 0.745701
v 0.118942 0.162972 0.760143
v 0.082825 0.166941 0.708983
v 0.171779 0.080506 0.725843
v 0.156628 0.019873 0.741535
v 0.157345 0.028940 0.712880
v 0.177048 0.075978 0.758120
v 0.082825 0.166941 0.708983
v 0.043241 0.145371 0.729307
v 0.073763 0.172185 0.745701
v 0.055392 0.137041 0.695273
v 0.157345 0.028940 0.712880
v 0.099806 0.005779 0.725401
v 0.104925 0.014063 0.696148
v 0.156628 0.019873 0.741535
v 0.073763 0.172185 0.745701
v 0.025885 0.135166 0.861883
v 0.069928 0.153370 0.884083
v 0.043241 0.145371 0.729307
v 0.148363 0.005114 0.804169
v 0.156628 0.019873 0.741535
v 0.177048 0.075978 0.758120
v 0.172596 0.068132 0.817171
v 0.043241 0.145371 0.729307
v 0.013493 0.057468 0.848408
v 0.025885 0.135166 0.861883
v 0.030310 0.078430 0.718187
v 0.046030 0.011528 0.713346
v 0.092805 -0.012106 0.816918
v 0.033748 -0.024363 0.840333
v 0.099806 0.005779 0.725401
v 0.120907 0.122091 0.943313
v 0.092023 0.138526 0.933229
v 0.114069 0.128242 0.959355
v 0.118764 0.128065 0.920659
v 0.154415 0.123135 0.833052
v 0.158416 0.131457 0.764688
v 0.118942 0.162972 0.760143
v 0.115858 0.148743 0.852961
v 0.013493 0.057468 0.848408
v 0.030310 0.078430 0.718187
v 0.046030 0.011528 0.713346
v 0.033748 -0.024363 0.840333
v -0.000128 0.047166 0.876276
v 0.014391 -0.024847 0.854769
v -0.000124 -0.026216 0.860477
v 0.010863 0.049873 0.866030
v 0.132282 -0.003715 0.883833
v 0.092805 -0.012106 0.816918
v 0.148363 0.005114 0.804169
v 0.096314 -0.026754 0.877866
v 0.014391 -0.024847 0.854769
v 0.013493 0.057468 0.848408
v 0.033748 -0.024363 0.840333
v 0.010863 0.049873 0.866030
v -0.000124 -0.026216 0.860477
v 0.014333 -0.046766 0.886972
v -0.000118 -0.044511 0.889194
v 0.014391 -0.024847 0.854769
v 0.014391 -0.024847 0.854769
v 0.051152 -0.045499 0.877997
v 0.014333 -0.046766 0.886972
v 0.033748 -0.024363 0.840333
v 0.051152 -0.045499 0.877997
v 0.033748 -0.024363 0.840333
v 0.092805 -0.012106 0.816918
v 0.096314 -0.026754 0.877866
v 0.014333 -0.046766 0.886972
v 0.056739 -0.054055 0.919649
v 0.014735 -0.058505 0.926442
v 0.051152 -0.045499 0.877997
v 0.149210 0.014164 0.890883
v 0.148363 0.005114 0.804169
v 0.172596 0.068132 0.817171
v 0.132282 -0.003715 0.883833
v -0.000118 -0.044511 0.889194
v 0.014735 -0.058505 0.926442
v -0.000111 -0.050349 0.926561
v 0.014333 -0.046766 0.886972
v 0.056739 -0.054055 0.919649
v 0.051152 -0.045499 0.877997
v 0.096314 -0.026754 0.877866
v 0.097713 -0.039245 0.920269
v 0.097713 -0.039245 0.920269
v 0.096314 -0.026754 0.877866
v 0.132282 -0.003715 0.883833
v 0.131608 -0.010343 0.922078
v 0.149210 0.014164 0.890883
v 0.160416 0.064345 0.902691
v 0.146100 0.018734 0.920610
v 0.172596 0.068132 0.817171
v -0.000104 -0.056166 0.959099
v -0.000111 -0.050349 0.926561
v 0.014735 -0.058505 0.926442
v 0.015027 -0.063424 0.965866
v 0.131608 -0.010343 0.922078
v 0.132282 -0.003715 0.883833
v 0.149210 0.014164 0.890883
v 0.146100 0.018734 0.920610
v 0.128233 -0.011701 0.963377
v 0.097713 -0.039245 0.920269
v 0.131608 -0.010343 0.922078
v 0.096947 -0.048718 0.969068
v 0.014735 -0.058505 0.926442
v 0.056703 -0.060820 0.967650
v 0.015027 -0.063424 0.965866
v 0.056739 -0.054055 0.919649
v 0.146100 0.018734 0.920610
v 0.143100 0.074738 0.953641
v 0.144471 0.023898 0.953500
v 0.160416 0.064345 0.902691
v 0.056703 -0.060820 0.967650
v 0.056739 -0.054055 0.919649
v 0.097713 -0.039245 0.920269
v 0.096947 -0.048718 0.969068
v 0.141496 0.104034 0.913976
v 0.154415 0.123135 0.833052
v 0.115858 0.148743 0.852961
v 0.118764 0.128065 0.920659
v 0.133619 0.102199 0.964129
v 0.114069 0.128242 0.959355
v 0.125224 0.105724 0.980763
v 0.120907 0.122091 0.943313
v 0.120907 0.122091 0.943313
v 0.141496 0.104034 0.913976
v 0.118764 0.128065 0.920659
v 0.133619 0.102199 0.964129
v 0.018345 -0.041367 1.006255
v 0.056703 -0.060820 0.967650
v 0.051301 -0.037827 1.007561
v 0.015027 -0.063424 0.965866
v 0.077087 -0.036043 1.002638
v 0.056703 -0.060820 0.967650
v 0.096947 -0.048718 0.969068
v 0.051301 -0.037827 1.007561
v -0.000093 -0.035659 1.004626
v -0.000104 -0.056166 0.959099
v 0.015027 -0.063424 0.965866
v 0.018345 -0.041367 1.006255
v 0.077087 -0.036043 1.002638
v 0.096947 -0.048718 0.969068
v 0.128233 -0.011701 0.963377
v 0.122195 -0.004058 0.993596
v 0.131608 -0.010343 0.922078
v 0.144471 0.023898 0.953500
v 0.128233 -0.011701 0.963377
v 0.146100 0.018734 0.920610
v 0.022366 0.129366 0.878256
v 0.069928 0.153370 0.884083
v 0.025885 0.135166 0.861883
v 0.033724 0.147368 0.905336
v 0.010863 0.049873 0.866030
v 0.022366 0.129366 0.878256
v 0.013493 0.057468 0.848408
v 0.025885 0.135166 0.861883
v 0.092023 0.138526 0.933229
v 0.093448 0.142642 0.979608
v 0.114069 0.128242 0.959355
v 0.065077 0.148739 0.944182
v 0.033724 0.147368 0.905336
v 0.092023 0.138526 0.933229
v 0.069928 0.153370 0.884083
v 0.065077 0.148739 0.944182
v 0.093448 0.142642 0.979608
v 0.125224 0.105724 0.980763
v 0.114069 0.128242 0.959355
v 0.102420 0.132946 0.996483
v 0.099806 0.005779 0.725401
v 0.148363 0.005114 0.804169
v 0.092805 -0.012106 0.816918
v 0.156628 0.019873 0.741535
v 0.051349 0.154419 0.952697
v 0.037356 0.155754 0.990310
v 0.068971 0.154694 0.988309
v 0.027766 0.154035 0.934891
v 0.068971 0.154694 0.988309
v 0.065077 0.148739 0.944182
v 0.051349 0.154419 0.952697
v 0.093448 0.142642 0.979608
v -0.000098 0.155108 0.928944
v 0.033724 0.147368 0.905336
v -0.000097 0.146262 0.894549
v 0.027766 0.154035 0.934891
v 0.068971 0.154694 0.988309
v 0.102420 0.132946 0.996483
v 0.093448 0.142642 0.979608
v 0.072447 0.149260 1.003903
v 0.041394 0.152541 1.007553
v 0.068971 0.154694 0.988309
v 0.037356 0.155754 0.990310
v 0.072447 0.149260 1.003903
v -0.000097 0.146262 0.894549
v 0.022366 0.129366 0.878256
v -0.000096 0.135470 0.882708
v 0.033724 0.147368 0.905336
v 0.065077 0.148739 0.944182
v 0.027766 0.154035 0.934891
v 0.051349 0.154419 0.952697
v 0.033724 0.147368 0.905336
v -0.000128 0.047166 0.876276
v 0.022366 0.129366 0.878256
v 0.010863 0.049873 0.866030
v -0.000096 0.135470 0.882708
v 0.134615 0.116816 0.133295
v 0.167959 0.119372 0.142641
v 0.153016 0.102348 0.134275
v 0.135204 0.133583 0.141552
v -0.029681 0.066038 1.028609
v -0.000082 0.010604 1.029378
v -0.000097 0.066661 1.028541
v -0.034811 0.012555 1.029153
v -0.053464 0.068002 1.028764
v -0.051171 0.093244 1.028507
v -0.072131 0.095037 1.029410
v -0.078239 0.068770 1.029425
v -0.053464 0.068002 1.028764
v -0.034811 0.012555 1.029153
v -0.029681 0.066038 1.028609
v -0.073119 0.035115 1.028731
v -0.030633 0.090637 1.028550
v -0.000097 0.066661 1.028541
v -0.000101 0.093888 1.028419
v -0.029681 0.066038 1.028609
v -0.072131 0.095037 1.029410
v -0.051171 0.093244 1.028507
v -0.048330 0.118285 1.028211
v -0.053464 0.068002 1.028764
v -0.030633 0.090637 1.028550
v -0.051171 0.093244 1.028507
v -0.029681 0.066038 1.028609
v -0.078239 0.068770 1.029425
v -0.073119 0.035115 1.028731
v -0.053464 0.068002 1.028764
v -0.048330 0.118285 1.028211
v -0.030633 0.090637 1.028550
v -0.029727 0.123384 1.028667
v -0.051171 0.093244 1.028507
v -0.029727 0.123384 1.028667
v -0.000101 0.093888 1.028419
v -0.000103 0.127272 1.028492
v -0.030633 0.090637 1.028550
v -0.105161 0.013858 0.696229
v -0.168338 0.031788 0.655532
v -0.109149 0.013179 0.648974
v -0.157552 0.028857 0.712943
v -0.087197 0.174052 0.662519
v -0.055360 0.136728 0.695314
v -0.056158 0.134249 0.655566
v -0.082731 0.166693 0.709005
v -0.125519 0.167538 0.666336
v -0.082731 0.166693 0.709005
v -0.087197 0.174052 0.662519
v -0.120243 0.158857 0.721773
v -0.154921 0.132414 0.727752
v -0.118867 0.162824 0.760160
v -0.120243 0.158857 0.721773
v -0.158411 0.131397 0.764708
v -0.030422 0.078094 0.718253
v -0.057334 0.018572 0.683127
v -0.043001 0.078216 0.685866
v -0.046275 0.011223 0.713435
v -0.057334 0.018572 0.683127
v -0.109149 0.013179 0.648974
v -0.057433 0.015127 0.645106
v -0.105161 0.013858 0.696229
v -0.056158 0.134249 0.655566
v -0.043001 0.078216 0.685866
v -0.041659 0.075450 0.649184
v -0.055360 0.136728 0.695314
v -0.176534 0.037297 0.221331
v -0.185610 0.086924 0.273963
v -0.181450 0.083394 0.216963
v -0.180090 0.036433 0.278498
v -0.072479 0.014281 0.230682
v -0.119386 0.003189 0.269870
v -0.120523 0.008530 0.227763
v -0.066368 0.008332 0.258507
v -0.072845 0.107402 0.223660
v -0.057996 0.062923 0.251876
v -0.065113 0.062268 0.227706
v -0.067254 0.112725 0.248989
v -0.135674 0.140066 0.215634
v -0.096505 0.138966 0.251576
v -0.099457 0.131377 0.219439
v -0.136652 0.149061 0.257819
v -0.172581 0.124185 0.214307
v -0.136652 0.149061 0.257819
v -0.135674 0.140066 0.215634
v -0.175997 0.130826 0.267562
v -0.099457 0.131377 0.219439
v -0.067254 0.112725 0.248989
v -0.072845 0.107402 0.223660
v -0.096505 0.138966 0.251576
v -0.180090 0.036433 0.278498
v -0.116379 0.008626 0.418133
v -0.173691 0.039967 0.416483
v -0.119386 0.003189 0.269870
v -0.167849 0.122750 0.405759
v -0.175997 0.130826 0.267562
v -0.185610 0.086924 0.273963
v -0.178095 0.085456 0.410282
v -0.066368 0.008332 0.258507
v -0.049473 0.075660 0.410415
v -0.059925 0.014206 0.415307
v -0.057996 0.062923 0.251876
v -0.182223 0.032730 0.204608
v -0.181450 0.083394 0.216963
v -0.187914 0.084542 0.200342
v -0.176534 0.037297 0.221331
v -0.072479 0.014281 0.230682
v -0.120523 0.008530 0.227763
v -0.119695 -0.000244 0.200109
v -0.066869 0.005352 0.193088
v -0.072845 0.107402 0.223660
v -0.065113 0.062268 0.227706
v -0.058945 0.057653 0.187611
v -0.067111 0.108277 0.184158
v -0.136790 0.146553 0.188470
v -0.099457 0.131377 0.219439
v -0.096760 0.136008 0.184939
v -0.135674 0.140066 0.215634
v -0.136790 0.146553 0.188470
v -0.178211 0.130451 0.194975
v -0.172581 0.124185 0.214307
v -0.135674 0.140066 0.215634
v -0.099457 0.131377 0.219439
v -0.067111 0.108277 0.184158
v -0.096760 0.136008 0.184939
v -0.072845 0.107402 0.223660
v -0.057996 0.062923 0.251876
v -0.072479 0.014281 0.230682
v -0.065113 0.062268 0.227706
v -0.066368 0.008332 0.258507
v -0.175997 0.130826 0.267562
v -0.172581 0.124185 0.214307
v -0.181450 0.083394 0.216963
v -0.185610 0.086924 0.273963
v -0.176534 0.037297 0.221331
v -0.119386 0.003189 0.269870
v -0.180090 0.036433 0.278498
v -0.120523 0.008530 0.227763
v -0.175579 0.036459 0.165245
v -0.187914 0.084542 0.200342
v -0.180779 0.083151 0.161557
v -0.182223 0.032730 0.204608
v -0.073044 0.013339 0.167698
v -0.119695 -0.000244 0.200109
v -0.119220 0.007857 0.167838
v -0.066869 0.005352 0.193088
v -0.072778 0.102937 0.160690
v -0.058945 0.057653 0.187611
v -0.066463 0.057676 0.164252
v -0.067111 0.108277 0.184158
v -0.120523 0.008530 0.227763
v -0.176534 0.037297 0.221331
v -0.119695 -0.000244 0.200109
v -0.182223 0.032730 0.204608
v -0.134240 0.137938 0.157536
v -0.096760 0.136008 0.184939
v -0.099161 0.128439 0.158511
v -0.136790 0.146553 0.188470
v -0.181450 0.083394 0.216963
v -0.172581 0.124185 0.214307
v -0.187914 0.084542 0.200342
v -0.178211 0.130451 0.194975
v -0.072479 0.014281 0.230682
v -0.066869 0.005352 0.193088
v -0.058945 0.057653 0.187611
v -0.065113 0.062268 0.227706
v -0.172228 0.125237 0.158302
v -0.136790 0.146553 0.188470
v -0.134240 0.137938 0.157536
v -0.178211 0.130451 0.194975
v -0.099161 0.128439 0.158511
v -0.067111 0.108277 0.184158
v -0.072778 0.102937 0.160690
v -0.096760 0.136008 0.184939
v -0.045272 0.138890 1.026144
v -0.070931 0.131325 1.026356
v -0.048330 0.118285 1.028211
v -0.029727 0.123384 1.028667
v -0.000096 0.144541 1.025685
v -0.045272 0.138890 1.026144
v -0.029727 0.123384 1.028667
v -0.000103 0.127272 1.028492
v -0.070931 0.131325 1.026356
v -0.072131 0.095037 1.029410
v -0.048330 0.118285 1.028211
v -0.103580 0.097509 1.028785
v -0.103580 0.097509 1.028785
v -0.078239 0.068770 1.029425
v -0.072131 0.095037 1.029410
v -0.110800 0.061015 1.027048
v -0.050880 -0.011255 1.024631
v -0.073119 0.035115 1.028731
v -0.102160 0.016021 1.023178
v -0.034811 0.012555 1.029153
v -0.073119 0.035115 1.028731
v -0.110800 0.061015 1.027048
v -0.102160 0.016021 1.023178
v -0.078239 0.068770 1.029425
v -0.034811 0.012555 1.029153
v -0.000088 -0.013362 1.025347
v -0.000082 0.010604 1.029378
v -0.050880 -0.011255 1.024631
v -0.076357 0.140572 1.024833
v -0.045272 0.138890 1.026144
v -0.045204 0.150152 1.024517
v -0.070931 0.131325 1.026356
v -0.116038 0.100069 1.027821
v -0.110800 0.061015 1.027048
v -0.103580 0.097509 1.028785
v -0.124697 0.057609 1.025033
v -0.076357 0.140572 1.024833
v -0.116038 0.100069 1.027821
v -0.103580 0.097509 1.028785
v -0.070931 0.131325 1.026356
v -0.062465 -0.023436 1.022320
v -0.102160 0.016021 1.023178
v -0.114119 0.007666 1.020654
v -0.050880 -0.011255 1.024631
v -0.050880 -0.011255 1.024631
v -0.000087 -0.026276 1.023584
v -0.000088 -0.013362 1.025347
v -0.062465 -0.023436 1.022320
v -0.045204 0.150152 1.024517
v -0.000096 0.144541 1.025685
v -0.000095 0.156563 1.024059
v -0.045272 0.138890 1.026144
v -0.102160 0.016021 1.023178
v -0.124697 0.057609 1.025033
v -0.114119 0.007666 1.020654
v -0.110800 0.061015 1.027048
v -0.147828 0.052188 0.137940
v -0.151084 0.077914 0.135950
v -0.122608 0.077429 0.136285
v -0.113051 0.109917 0.133867
v -0.098556 0.089430 0.135191
v -0.122608 0.077429 0.136285
v -0.151084 0.077914 0.135950
v -0.152960 0.102365 0.134288
v -0.122608 0.077429 0.136285
v -0.117335 0.036026 0.139851
v -0.147828 0.052188 0.137940
v -0.122608 0.077429 0.136285
v -0.095567 0.067903 0.136941
v -0.092566 0.044324 0.139220
v -0.122608 0.077429 0.136285
v -0.152960 0.102365 0.134288
v -0.134527 0.116793 0.133318
v -0.122608 0.077429 0.136285
v -0.098556 0.089430 0.135191
v -0.095567 0.067903 0.136941
v -0.122608 0.077429 0.136285
v -0.134527 0.116793 0.133318
v -0.113051 0.109917 0.133867
v -0.122608 0.077429 0.136285
v -0.092566 0.044324 0.139220
v -0.117335 0.036026 0.139851
v -0.122608 0.077429 0.136285
v -0.092566 0.044324 0.139220
v -0.071935 0.059149 0.148871
v -0.077600 0.020843 0.150917
v -0.095567 0.067903 0.136941
v -0.119220 0.007857 0.167838
v -0.167120 0.040703 0.149965
v -0.118308 0.015956 0.150609
v -0.175579 0.036459 0.165245
v -0.102836 0.124763 0.142832
v -0.072778 0.102937 0.160690
v -0.077498 0.100251 0.145728
v -0.099161 0.128439 0.158511
v -0.072778 0.102937 0.160690
v -0.071935 0.059149 0.148871
v -0.077498 0.100251 0.145728
v -0.066463 0.057676 0.164252
v -0.167120 0.040703 0.149965
v -0.180779 0.083151 0.161557
v -0.171652 0.081466 0.146594
v -0.175579 0.036459 0.165245
v -0.134240 0.137938 0.157536
v -0.102836 0.124763 0.142832
v -0.135082 0.133557 0.141583
v -0.099161 0.128439 0.158511
v -0.167867 0.119417 0.142660
v -0.134240 0.137938 0.157536
v -0.135082 0.133557 0.141583
v -0.172228 0.125237 0.158302
v -0.180779 0.083151 0.161557
v -0.167867 0.119417 0.142660
v -0.171652 0.081466 0.146594
v -0.172228 0.125237 0.158302
v -0.077600 0.020843 0.150917
v -0.119220 0.007857 0.167838
v -0.118308 0.015956 0.150609
v -0.073044 0.013339 0.167698
v -0.066463 0.057676 0.164252
v -0.073044 0.013339 0.167698
v -0.077600 0.020843 0.150917
v -0.071935 0.059149 0.148871
v -0.055360 0.136728 0.695314
v -0.030422 0.078094 0.718253
v -0.043001 0.078216 0.685866
v -0.043218 0.145063 0.729345
v -0.096505 0.138966 0.251576
v -0.062426 0.121862 0.406409
v -0.067254 0.112725 0.248989
v -0.091192 0.141962 0.403447
v -0.175997 0.130826 0.267562
v -0.133121 0.149042 0.401848
v -0.136652 0.149061 0.257819
v -0.167849 0.122750 0.405759
v -0.135082 0.133557 0.141583
v -0.113051 0.109917 0.133867
v -0.134527 0.116793 0.133318
v -0.102836 0.124763 0.142832
v -0.058945 0.057653 0.187611
v -0.073044 0.013339 0.167698
v -0.066463 0.057676 0.164252
v -0.066869 0.005352 0.193088
v -0.172228 0.125237 0.158302
v -0.187914 0.084542 0.200342
v -0.178211 0.130451 0.194975
v -0.180779 0.083151 0.161557
v -0.136652 0.149061 0.257819
v -0.091192 0.141962 0.403447
v -0.096505 0.138966 0.251576
v -0.133121 0.149042 0.401848
v -0.147828 0.052188 0.137940
v -0.171652 0.081466 0.146594
v -0.151084 0.077914 0.135950
v -0.167120 0.040703 0.149965
v -0.147828 0.052188 0.137940
v -0.118308 0.015956 0.150609
v -0.167120 0.040703 0.149965
v -0.117335 0.036026 0.139851
v -0.077498 0.100251 0.145728
v -0.095567 0.067903 0.136941
v -0.098556 0.089430 0.135191
v -0.071935 0.059149 0.148871
v -0.175579 0.036459 0.165245
v -0.119695 -0.000244 0.200109
v -0.182223 0.032730 0.204608
v -0.119220 0.007857 0.167838
v -0.062426 0.121862 0.406409
v -0.057996 0.062923 0.251876
v -0.067254 0.112725 0.248989
v -0.049473 0.075660 0.410415
v -0.059925 0.014206 0.415307
v -0.119386 0.003189 0.269870
v -0.066368 0.008332 0.258507
v -0.116379 0.008626 0.418133
v -0.180090 0.036433 0.278498
v -0.178095 0.085456 0.410282
v -0.185610 0.086924 0.273963
v -0.173691 0.039967 0.416483
v -0.098556 0.089430 0.135191
v -0.102836 0.124763 0.142832
v -0.077498 0.100251 0.145728
v -0.113051 0.109917 0.133867
v -0.152960 0.102365 0.134288
v -0.171652 0.081466 0.146594
v -0.167867 0.119417 0.142660
v -0.151084 0.077914 0.135950
v -0.118308 0.015956 0.150609
v -0.092566 0.044324 0.139220
v -0.077600 0.020843 0.150917
v -0.117335 0.036026 0.139851
v -0.116379 0.008626 0.418133
v -0.171757 0.041136 0.518286
v -0.173691 0.039967 0.416483
v -0.115125 0.017972 0.521919
v -0.063245 0.129914 0.490074
v -0.049473 0.075660 0.410415
v -0.062426 0.121862 0.406409
v -0.050771 0.092633 0.497604
v -0.050771 0.092633 0.497604
v -0.059925 0.014206 0.415307
v -0.049473 0.075660 0.410415
v -0.067112 0.019982 0.520142
v -0.167849 0.122750 0.405759
v -0.128103 0.162629 0.469078
v -0.133121 0.149042 0.401848
v -0.168657 0.127444 0.487152
v -0.067112 0.019982 0.520142
v -0.116379 0.008626 0.418133
v -0.059925 0.014206 0.415307
v -0.115125 0.017972 0.521919
v -0.178095 0.085456 0.410282
v -0.168657 0.127444 0.487152
v -0.167849 0.122750 0.405759
v -0.182079 0.103885 0.501650
v -0.094003 0.164822 0.474045
v -0.062426 0.121862 0.406409
v -0.091192 0.141962 0.403447
v -0.063245 0.129914 0.490074
v -0.173691 0.039967 0.416483
v -0.182079 0.103885 0.501650
v -0.178095 0.085456 0.410282
v -0.171757 0.041136 0.518286
v -0.128103 0.162629 0.469078
v -0.091192 0.141962 0.403447
v -0.133121 0.149042 0.401848
v -0.094003 0.164822 0.474045
v -0.172740 0.068125 0.817215
v -0.158411 0.131397 0.764708
v -0.177163 0.075956 0.758160
v -0.154443 0.123095 0.833077
v -0.160587 0.064347 0.902739
v -0.154443 0.123095 0.833077
v -0.172740 0.068125 0.817215
v -0.141584 0.104000 0.914012
v -0.143260 0.074724 0.953688
v -0.141584 0.104000 0.914012
v -0.160587 0.064347 0.902739
v -0.133731 0.102166 0.964169
v -0.125519 0.167538 0.666336
v -0.094669 0.183745 0.592812
v -0.133939 0.182153 0.596676
v -0.087197 0.174052 0.662519
v -0.046275 0.011223 0.713435
v -0.105161 0.013858 0.696229
v -0.057334 0.018572 0.683127
v -0.100066 0.005576 0.725486
v -0.177163 0.075956 0.758160
v -0.154921 0.132414 0.727752
v -0.171877 0.080460 0.725882
v -0.158411 0.131397 0.764708
v -0.109149 0.013179 0.648974
v -0.170238 0.040767 0.582362
v -0.111418 0.016437 0.581596
v -0.168338 0.031788 0.655532
v -0.056158 0.134249 0.655566
v -0.045496 0.091606 0.582650
v -0.061852 0.152402 0.588497
v -0.041659 0.075450 0.649184
v -0.041659 0.075450 0.649184
v -0.060978 0.016526 0.581780
v -0.045496 0.091606 0.582650
v -0.057433 0.015127 0.645106
v -0.115859 0.148632 0.852985
v -0.073673 0.171937 0.745723
v -0.118867 0.162824 0.760160
v -0.069986 0.153214 0.884114
v -0.060978 0.016526 0.581780
v -0.109149 0.013179 0.648974
v -0.111418 0.016437 0.581596
v -0.057433 0.015127 0.645106
v -0.087197 0.174052 0.662519
v -0.061852 0.152402 0.588497
v -0.094669 0.183745 0.592812
v -0.056158 0.134249 0.655566
v -0.162187 0.142868 0.665805
v -0.133939 0.182153 0.596676
v -0.168576 0.157199 0.591757
v -0.125519 0.167538 0.666336
v -0.115859 0.148632 0.852985
v -0.118823 0.127987 0.920693
v -0.069986 0.153214 0.884114
v -0.092109 0.138419 0.933265
v -0.041659 0.075450 0.649184
v -0.057334 0.018572 0.683127
v -0.057433 0.015127 0.645106
v -0.043001 0.078216 0.685866
v -0.162187 0.142868 0.665805
v -0.120243 0.158857 0.721773
v -0.125519 0.167538 0.666336
v -0.154921 0.132414 0.727752
v -0.120243 0.158857 0.721773
v -0.073673 0.171937 0.745723
v -0.082731 0.166693 0.709005
v -0.118867 0.162824 0.760160
v -0.156861 0.019801 0.741603
v -0.171877 0.080460 0.725882
v -0.157552 0.028857 0.712943
v -0.177163 0.075956 0.758160
v -0.082731 0.166693 0.709005
v -0.043218 0.145063 0.729345
v -0.055360 0.136728 0.695314
v -0.073673 0.171937 0.745723
v -0.100066 0.005576 0.725486
v -0.157552 0.028857 0.712943
v -0.105161 0.013858 0.696229
v -0.156861 0.019801 0.741603
v -0.073673 0.171937 0.745723
v -0.026034 0.135005 0.861912
v -0.043218 0.145063 0.729345
v -0.069986 0.153214 0.884114
v -0.148641 0.005048 0.804244
v -0.177163 0.075956 0.758160
v -0.156861 0.019801 0.741603
v -0.172740 0.068125 0.817215
v -0.043218 0.145063 0.729345
v -0.013737 0.057368 0.848435
v -0.030422 0.078094 0.718253
v -0.026034 0.135005 0.861912
v -0.046275 0.011223 0.713435
v -0.093107 -0.012265 0.817004
v -0.100066 0.005576 0.725486
v -0.034011 -0.024459 0.840375
v -0.120986 0.122025 0.943349
v -0.114156 0.128172 0.959391
v -0.092109 0.138419 0.933265
v -0.118823 0.127987 0.920693
v -0.154443 0.123095 0.833077
v -0.118867 0.162824 0.760160
v -0.158411 0.131397 0.764708
v -0.115859 0.148632 0.852985
v -0.013737 0.057368 0.848435
v -0.046275 0.011223 0.713435
v -0.030422 0.078094 0.718253
v -0.034011 -0.024459 0.840375
v -0.000128 0.047166 0.876276
v -0.000124 -0.026216 0.860477
v -0.014643 -0.024921 0.854797
v -0.011119 0.049823 0.866046
v -0.093107 -0.012265 0.817004
v -0.132591 -0.003782 0.883915
v -0.148641 0.005048 0.804244
v -0.096642 -0.026883 0.877955
v -0.013737 0.057368 0.848435
v -0.014643 -0.024921 0.854797
v -0.034011 -0.024459 0.840375
v -0.011119 0.049823 0.866046
v -0.000124 -0.026216 0.860477
v -0.014573 -0.046835 0.887001
v -0.014643 -0.024921 0.854797
v -0.000118 -0.044511 0.889194
v -0.014643 -0.024921 0.854797
v -0.051420 -0.045602 0.878053
v -0.034011 -0.024459 0.840375
v -0.014573 -0.046835 0.887001
v -0.051420 -0.045602 0.878053
v -0.093107 -0.012265 0.817004
v -0.034011 -0.024459 0.840375
v -0.096642 -0.026883 0.877955
v -0.014573 -0.046835 0.887001
v -0.057003 -0.054152 0.919710
v -0.051420 -0.045602 0.878053
v -0.014961 -0.058571 0.926473
v -0.148641 0.005048 0.804244
v -0.149487 0.014137 0.890954
v -0.172740 0.068125 0.817215
v -0.132591 -0.003782 0.883915
v -0.000118 -0.044511 0.889194
v -0.014961 -0.058571 0.926473
v -0.014573 -0.046835 0.887001
v -0.000111 -0.050349 0.926561
v -0.057003 -0.054152 0.919710
v -0.096642 -0.026883 0.877955
v -0.051420 -0.045602 0.878053
v -0.098053 -0.039355 0.920360
v -0.098053 -0.039355 0.920360
v -0.132591 -0.003782 0.883915
v -0.096642 -0.026883 0.877955
v -0.131934 -0.010398 0.922162
v -0.149487 0.014137 0.890954
v -0.160587 0.064347 0.902739
v -0.172740 0.068125 0.817215
v -0.146374 0.018712 0.920680
v -0.000104 -0.056166 0.959099
v -0.014961 -0.058571 0.926473
v -0.000111 -0.050349 0.926561
v -0.015234 -0.063483 0.965895
v -0.131934 -0.010398 0.922162
v -0.149487 0.014137 0.890954
v -0.132591 -0.003782 0.883915
v -0.146374 0.018712 0.920680
v -0.128567 -0.011748 0.963462
v -0.131934 -0.010398 0.922162
v -0.098053 -0.039355 0.920360
v -0.097279 -0.048810 0.969157
v -0.014961 -0.058571 0.926473
v -0.056948 -0.060905 0.967709
v -0.057003 -0.054152 0.919710
v -0.015234 -0.063483 0.965895
v -0.146374 0.018712 0.920680
v -0.143260 0.074724 0.953688
v -0.160587 0.064347 0.902739
v -0.144741 0.023886 0.953568
v -0.056948 -0.060905 0.967709
v -0.098053 -0.039355 0.920360
v -0.057003 -0.054152 0.919710
v -0.097279 -0.048810 0.969157
v -0.154443 0.123095 0.833077
v -0.141584 0.104000 0.914012
v -0.115859 0.148632 0.852985
v -0.118823 0.127987 0.920693
v -0.114156 0.128172 0.959391
v -0.133731 0.102166 0.964169
v -0.125341 0.105680 0.980804
v -0.120986 0.122025 0.943349
v -0.120986 0.122025 0.943349
v -0.141584 0.104000 0.914012
v -0.133731 0.102166 0.964169
v -0.118823 0.127987 0.920693
v -0.018532 -0.041415 1.006281
v -0.056948 -0.060905 0.967709
v -0.015234 -0.063483 0.965895
v -0.051511 -0.037895 1.007609
v -0.056948 -0.060905 0.967709
v -0.077344 -0.036127 1.002707
v -0.097279 -0.048810 0.969157
v -0.051511 -0.037895 1.007609
v -0.000104 -0.056166 0.959099
v -0.000093 -0.035659 1.004626
v -0.015234 -0.063483 0.965895
v -0.018532 -0.041415 1.006281
v -0.077344 -0.036127 1.002707
v -0.128567 -0.011748 0.963462
v -0.097279 -0.048810 0.969157
v -0.122514 -0.004106 0.993679
v -0.131934 -0.010398 0.922162
v -0.144741 0.023886 0.953568
v -0.146374 0.018712 0.920680
v -0.128567 -0.011748 0.963462
v -0.022550 0.129238 0.878281
v -0.069986 0.153214 0.884114
v -0.033900 0.147257 0.905360
v -0.026034 0.135005 0.861912
v -0.022550 0.129238 0.878281
v -0.013737 0.057368 0.848435
v -0.026034 0.135005 0.861912
v -0.011119 0.049823 0.866046
v -0.092109 0.138419 0.933265
v -0.093555 0.142557 0.979644
v -0.065221 0.148635 0.944215
v -0.114156 0.128172 0.959391
v -0.033900 0.147257 0.905360
v -0.092109 0.138419 0.933265
v -0.065221 0.148635 0.944215
v -0.069986 0.153214 0.884114
v -0.093555 0.142557 0.979644
v -0.125341 0.105680 0.980804
v -0.102531 0.132875 0.996521
v -0.114156 0.128172 0.959391
v -0.100066 0.005576 0.725486
v -0.148641 0.005048 0.804244
v -0.156861 0.019801 0.741603
v -0.093107 -0.012265 0.817004
v -0.051514 0.154324 0.952725
v -0.037540 0.155678 0.990334
v -0.027956 0.153943 0.934911
v -0.069123 0.154610 0.988341
v -0.065221 0.148635 0.944215
v -0.069123 0.154610 0.988341
v -0.051514 0.154324 0.952725
v -0.093555 0.142557 0.979644
v -0.000098 0.155108 0.928944
v -0.033900 0.147257 0.905360
v -0.027956 0.153943 0.934911
v -0.000097 0.146262 0.894549
v -0.069123 0.154610 0.988341
v -0.102531 0.132875 0.996521
v -0.072601 0.149182 1.003938
v -0.093555 0.142557 0.979644
v -0.041577 0.152469 1.007578
v -0.037540 0.155678 0.990334
v -0.069123 0.154610 0.988341
v -0.072601 0.149182 1.003938
v -0.022550 0.129238 0.878281
v -0.000097 0.146262 0.894549
v -0.000096 0.135470 0.882708
v -0.033900 0.147257 0.905360
v -0.027956 0.153943 0.934911
v -0.065221 0.148635 0.944215
v -0.051514 0.154324 0.952725
v -0.033900 0.147257 0.905360
v -0.000128 0.047166 0.876276
v -0.022550 0.129238 0.878281
v -0.000096 0.135470 0.882708
v -0.011119 0.049823 0.866046
v -0.134527 0.116793 0.133318
v -0.167867 0.119417 0.142660
v -0.135082 0.133557 0.141583
v -0.152960 0.102365 0.134288
vt 0.000000 0.000000
vt 0.000000 0.000000
vt 0.000000 0.000000
vt 0.000000 0.000000
vt 0.000000 0.000000
vt 0.000000 0.000000
vt 0.000000 0.000000
vt 0.000000 0.000000
vt 0.000000 0.000000
vt 0.000000 0.000000
vt 0.000000 0.000000
vt 0.000000 0.000000
vt 0.000000 0.000000
vt 0.000000 0.000000
vt 0.000000 0.000000
vt 0.000000 0.000000
vt 0.000000 0.000000
vt 0.000000 0.000000
vt 0.000000 0.000000
vt 0.000000 0.000000
vt 0.000000 0.000000
vt 0.000000 0.000000
vt 0.000000 0.000000
vt 0.000000 0.000000
vt 0.000000 0.000000
vt 0.000000 0.000000
vt 0.000000 0.000000
vt 0.000000 0.000000
vt 0.000000 0.000000
vt 0.000000 0.000000
vt 0.000000 0.000000
vt 0.000000 0.000000
vt 0.000000 0.000000
vt 0.000000 0.000000
vt 0.000000 0.000000
vt 0.000000 0.000000
vt 0.000000 0.000000
vt 0.000000 0.000000
vt 0.000000 0.000000
vt 0.000000 0.000000
vt 0.000000 0.000000
vt 0.000000 0.000000
vt 0.000000 0.000000
vt 0.000000 0.000000
vt 0.000000 0.000000
vt 0.000000 0.000000
vt 0.000000 0.000000
vt 0.000000 0.000000
vt 0.000000 0.000000
vt 0.000000 0.000000
vt 0.000000 0.000000
vt 0.000000 0.000000
vt 0.000000 0.000000
vt 0.000000 0.000000
vt 0.000000 0.000000
vt 0.000000 0.000000
vt 0.000000 0.000000
vt 0.000000 0.000000
vt 0.000000 0.000000
vt 0.000000 0.000000
vt 0.000000 0.000000
vt 0.000000 0.000000
vt 0.000000 0.000000
vt 0.000000 0.000000
vt 0.000000 0.000000
vt 0.000000 0.000000
vt 0.000000 0.000000
vt 0.000000 0.000000
vt 0.000000 0.000000
vt 0.000000 0.000000
vt 0.000000 0.000000
vt 0.000000 0.000000
vt 0.000000 0.000000
vt 0.000000 0.000000
vt 0.000000 0.000000
vt 0.000000 0.000000
vt 0.000000 0.000000
vt 0.000000 0.000000
vt 0.000000 0.000000
vt 0.000000 0.000000
vt 0.000000 0.000000
vt 0.000000 0.000000
vt 0.000000 0.000000
vt 0.000000 0.000000
vt 0.000000 0.000000
vt 0.000000 0.000000
vt 0.000000 0.000000
vt 0.000000 0.000000
vt 0.000000 0.000000
vt 0.000000 0.000000
vt 0.000000 0.000000
vt 0.000000 0.000000
vt 0.000000 0.000000
vt 0.000000 0.000000
vt 0.000000 0.000000
vt 0.000000 0.000000
vt 0.000000 0.000000
vt 0.000000 0.000000
vt 0.000000 0.000000
vt 0.000000 0.000000
vt 0.000000 0.000000
vt 0.000000 0.000000
vt 0.000000 0.000000
vt 0.000000 0.000000
vt 0.000000 0.000000
vt 0.000000 0.000000
vt 0.000000 0.000000
vt 0.000000 0.000000
vt 0.000000 0.000000
vt 0.000000 0.000000
vt 0.000000 0.000000
vt 0.000000 0.000000
vt 0.000000 0.000000
vt 0.000000 0.000000
vt 0.000000 0.000000
vt 0.000000 0.000000
vt 0.000000 0.000000
vt 0.000000 0.000000
vt 0.000000 0.000000
vt 0.000000 0.000000
vt 0.000000 0.000000
vt 0.000000 0.000000
vt 0.000000 0.000000
vt 0.000000 0.000000
vt 0.000000 0.000000
vt 0.000000 0.000000
vt 0.000000 0.000000
vt 0.000000 0.000000
vt 0.000000 0.000000
vt 0.000000 0.000000
vt 0.000000 0.000000
vt 0.000000 0.000000
vt 0.000000 0.000000
vt 0.000000 0.000000
vt 0.000000 0.000000
vt 0.000000 0.000000
vt 0.000000 0.000000
vt 0.000000 0.000000
vt 0.000000 0.000000
vt 0.000000 0.000000
vt 0.000000 0.000000
vt 0.000000 0.000000
vt 0.000000 0.000000
vt 0.000000 0.000000
vt 0.000000 0.000000
vt 0.000000 0.000000
vt 0.000000 0.000000
vt 0.000000 0.000000
vt 0.000000 0.000000
vt 0.000000 0.000000
vt 0.000000 0.000000
vt 0.000000 0.000000
vt 0.000000 0.000000
vt 0.000000 0.000000
vt 0.000000 0.000000
vt 0.000000 0.000000
vt 0.000000 0.000000
vt 0.000000 0.000000
vt 0.000000 0.000000
vt 0.000000 0.000000
vt 0.000000 0.000000
vt 0.000000 0.000000
vt 0.000000 0.000000
vt 0.000000 0.000000
vt 0.000000 0.000000
vt 0.000000 0.000000
vt 0.000000 0.000000
vt 0.000000 0.000000
vt 0.000000 0.000000
vt 0.000000 0.000000
vt 0.000000 0.000000
vt 0.000000 0.000000
vt 0.000000 0.000000
vt 0.000000 0.000000
vt 0.000000 0.000000
vt 0.000000 0.000000
vt 0.000000 0.000000
vt 0.000000 0.000000
vt 0.000000 0.000000
vt 0.000000 0.000000
vt 0.000000 0.000000
vt 0.000000 0.000000
vt 0.000000 0.000000
vt 0.000000 0.000000
vt 0.000000 0.000000
vt 0.000000 0.000000
vt 0.000000 0.000000
vt 0.000000 0.000000
vt 0.000000 0.000000
vt 0.000000 0.000000
vt 0.000000 0.000000
vt 0.000000 0.000000
vt 0.000000 0.000000
vt 0.000000 0.000000
vt 0.000000 0.000000
vt 0.000000 0.000000
vt 0.000000 0.000000
vt 0.000000 0.000000
vt 0.000000 0.000000
vt 0.000000 0.000000
vt 0.000000 0.000000
vt 0.000000 0.000000
vt 0.000000 0.000000
vt 0.000000 0.000000
vt 0.000000 0.000000
vt 0.000000 0.000000
vt 0.000000 0.000000
vt 0.000000 0.000000
vt 0.000000 0.000000
vt 0.000000 0.000000
vt 0.000000 0.000000
vt 0.000000 0.000000
vt 0.000000 0.000000
vt 0.000000 0.000000
vt 0.000000 0.000000
vt 0.000000 0.000000
vt 0.000000 0.000000
vt 0.000000 0.000000
vt 0.000000 0.000000
vt 0.000000 0.000000
vt 0.000000 0.000000
vt 0.000000 0.000000
vt 0.000000 0.000000
vt 0.000000 0.000000
vt 0.000000 0.000000
vt 0.000000 0.000000
vt 0.000000 0.000000
vt 0.000000 0.000000
vt 0.000000 0.000000
vt 0.000000 0.000000
vt 0.000000 0.000000
vt 0.000000 0.000000
vt 0.000000 0.000000
vt 0.000000 0.000000
vt 0.000000 0.000000
vt 0.000000 0.000000
vt 0.000000 0.000000
vt 0.000000 0.000000
vt 0.000000 0.000000
vt 0.000000 0.000000
vt 0.000000 0.000000
vt 0.000000 0.000000
vt 0.000000 0.000000
vt 0.000000 0.000000
vt 0.000000 0.000000
vt 0.000000 0.000000
vt 0.000000 0.000000
vt 0.000000 0.000000
vt 0.000000 0.000000
vt 0.000000 0.000000
vt 0.000000 0.000000
vt 0.000000 0.000000
vt 0.000000 0.000000
vt 0.000000 0.000000
vt 0.000000 0.000000
vt 0.000000 0.000000
vt 0.000000 0.000000
vt 0.000000 0.000000
vt 0.000000 0.000000
vt 0.000000 0.000000
vt 0.000000 0.000000
vt 0.000000 0.000000
vt 0.000000 0.000000
vt 0.000000 0.000000
vt 0.000000 0.000000
vt 0.000000 0.000000
vt 0.000000 0.000000
vt 0.000000 0.000000
vt 0.000000 0.000000
vt 0.000000 0.000000
vt 0.000000 0.000000
vt 0.000000 0.000000
vt 0.000000 0.000000
vt 0.000000 0.000000
vt 0.000000 0.000000
vt 0.000000 0.000000
vt 0.000000 0.000000
vt 0.000000 0.000000
vt 0.000000 0.000000
vt 0.000000 0.000000
vt 0.000000 0.000000
vt 0.000000 0.000000
vt 0.000000 0.000000
vt 0.000000 0.000000
vt 0.000000 0.000000
vt 0.000000 0.000000
vt 0.000000 0.000000
vt 0.000000 0.000000
vt 0.000000 0.000000
vt 0.000000 0.000000
vt 0.000000 0.000000
vt 0.000000 0.000000
vt 0.000000 0.000000
vt 0.000000 0.000000
vt 0.000000 0.000000
vt 0.000000 0.000000
vt 0.000000 0.000000
vt 0.000000 0.000000
vt 0.000000 0.000000
vt 0.000000 0.000000
vt 0.000000 0.000000
vt 0.000000 0.000000
vt 0.000000 0.000000
vt 0.000000 0.000000
vt 0.000000 0.000000
vt 0.000000 0.000000
vt 0.000000 0.000000
vt 0.000000 0.000000
vt 0.000000 0.000000
vt 0.000000 0.000000
vt 0.000000 0.000000
vt 0.000000 0.000000
vt 0.000000 0.000000
vt 0.000000 0.000000
vt 0.000000 0.000000
vt 0.000000 0.000000
vt 0.000000 0.000000
vt 0.000000 0.000000
vt 0.000000 0.000000
vt 0.000000 0.000000
vt 0.000000 0.000000
vt 0.000000 0.000000
vt 0.000000 0.000000
vt 0.000000 0.000000
vt 0.000000 0.000000
vt 0.000000 0.000000
vt 0.000000 0.000000
vt 0.000000 0.000000
vt 0.000000 0.000000
vt 0.000000 0.000000
vt 0.000000 0.000000
vt 0.000000 0.000000
vt 0.000000 0.000000
vt 0.000000 0.000000
vt 0.000000 0.000000
vt 0.000000 0.000000
vt 0.000000 0.000000
vt 0.000000 0.000000
vt 0.000000 0.000000
vt 0.000000 0.000000
vt 0.000000 0.000000
vt 0.000000 0.000000
vt 0.000000 0.000000
vt 0.000000 0.000000
vt 0.000000 0.000000
vt 0.000000 0.000000
vt 0.000000 0.000000
vt 0.000000 0.000000
vt 0.000000 0.000000
vt 0.000000 0.000000
vt 0.000000 0.000000
vt 0.000000 0.000000
vt 0.000000 0.000000
vt 0.000000 0.000000
vt 0.000000 0.000000
vt 0.000000 0.000000
vt 0.000000 0.000000
vt 0.000000 0.000000
vt 0.000000 0.000000
vt 0.000000 0.000000
vt 0.000000 0.000000
vt 0.000000 0.000000
vt 0.000000 0.000000
vt 0.000000 0.000000
vt 0.000000 0.000000
vt 0.000000 0.000000
vt 0.000000 0.000000
vt 0.000000 0.000000
vt 0.000000 0.000000
vt 0.000000 0.000000
vt 0.000000 0.000000
vt 0.000000 0.000000
vt 0.000000 0.000000
vt 0.000000 0.000000
vt 0.000000 0.000000
vt 0.000000 0.000000
vt 0.000000 0.000000
vt 0.000000 0.000000
vt 0.000000 0.000000
vt 0.000000 0.000000
vt 0.000000 0.000000
vt 0.000000 0.000000
vt 0.000000 0.000000
vt 0.000000 0.000000
vt 0.000000 0.000000
vt 0.000000 0.000000
vt 0.000000 0.000000
vt 0.000000 0.000000
vt 0.000000 0.000000
vt 0.000000 0.000000
vt 0.000000 0.000000
vt 0.000000 0.000000
vt 0.000000 0.000000
vt 0.000000 0.000000
vt 0.000000 0.000000
vt 0.000000 0.000000
vt 0.000000 0.000000
vt 0.000000 0.000000
vt 0.000000 0.000000
vt 0.000000 0.000000
vt 0.000000 0.000000
vt 0.000000 0.000000
vt 0.000000 0.000000
vt 0.000000 0.000000
vt 0.000000 0.000000
vt 0.000000 0.000000
vt 0.000000 0.000000
vt 0.000000 0.000000
vt 0.000000 0.000000
vt 0.000000 0.000000
vt 0.000000 0.000000
vt 0.000000 0.000000
vt 0.000000 0.000000
vt 0.000000 0.000000
vt 0.000000 0.000000
vt 0.000000 0.000000
vt 0.000000 0.000000
vt 0.000000 0.000000
vt 0.000000 0.000000
vt 0.000000 0.000000
vt 0.000000 0.000000
vt 0.000000 0.000000
vt 0.000000 0.000000
vt 0.000000 0.000000
vt 0.000000 0.000000
vt 0.000000 0.000000
vt 0.000000 0.000000
vt 0.000000 0.000000
vt 0.000000 0.000000
vt 0.000000 0.000000
vt 0.000000 0.000000
vt 0.000000 0.000000
vt 0.000000 0.000000
vt 0.000000 0.000000
vt 0.000000 0.000000
vt 0.000000 0.000000
vt 0.000000 0.000000
vt 0.000000 0.000000
vt 0.000000 0.000000
vt 0.000000 0.000000
vt 0.000000 0.000000
vt 0.000000 0.000000
vt 0.000000 0.000000
vt 0.000000 0.000000
vt 0.000000 0.000000
vt 0.000000 0.000000
vt 0.000000 0.000000
vt 0.000000 0.000000
vt 0.000000 0.000000
vt 0.000000 0.000000
vt 0.000000 0.000000
vt 0.000000 0.000000
vt 0.000000 0.000000
vt 0.000000 0.000000
vt 0.000000 0.000000
vt 0.000000 0.000000
vt 0.000000 0.000000
vt 0.000000 0.000000
vt 0.000000 0.000000
vt 0.000000 0.000000
vt 0.000000 0.000000
vt 0.000000 0.000000
vt 0.000000 0.000000
vt 0.000000 0.000000
vt 0.000000 0.000000
vt 0.000000 0.000000
vt 0.000000 0.000000
vt 0.000000 0.000000
vt 0.000000 0.000000
vt 0.000000 0.000000
vt 0.000000 0.000000
vt 0.000000 0.000000
vt 0.000000 0.000000
vt 0.000000 0.000000
vt 0.000000 0.000000
vt 0.000000 0.000000
vt 0.000000 0.000000
vt 0.000000 0.000000
vt 0.000000 0.000000
vt 0.000000 0.000000
vt 0.000000 0.000000
vt 0.000000 0.000000
vt 0.000000 0.000000
vt 0.000000 0.000000
vt 0.000000 0.000000
vt 0.000000 0.000000
vt 0.000000 0.000000
vt 0.000000 0.000000
vt 0.000000 0.000000
vt 0.000000 0.000000
vt 0.000000 0.000000
vt 0.000000 0.000000
vt 0.000000 0.000000
vt 0.000000 0.000000
vt 0.000000 0.000000
vt 0.000000 0.000000
vt 0.000000 0.000000
vt 0.000000 0.000000
vt 0.000000 0.000000
vt 0.000000 0.000000
vt 0.000000 0.000000
vt 0.000000 0.000000
vt 0.000000 0.000000
vt 0.000000 0.000000
vt 0.000000 0.000000
vt 0.000000 0.000000
vt 0.000000 0.000000
vt 0.000000 0.000000
vt 0.000000 0.000000
vt 0.000000 0.000000
vt 0.000000 0.000000
vt 0.000000 0.000000
vt 0.000000 0.000000
vt 0.000000 0.000000
vt 0.000000 0.000000
vt 0.000000 0.000000
vt 0.000000 0.000000
vt 0.000000 0.000000
vt 0.000000 0.000000
vt 0.000000 0.000000
vt 0.000000 0.000000
vt 0.000000 0.000000
vt 0.000000 0.000000
vt 0.000000 0.000000
vt 0.000000 0.000000
vt 0.000000 0.000000
vt 0.000000 0.000000
vt 0.000000 0.000000
vt 0.000000 0.000000
vt 0.000000 0.000000
vt 0.000000 0.000000
vt 0.000000 0.000000
vt 0.000000 0.000000
vt 0.000000 0.000000
vt 0.000000 0.000000
vt 0.000000 0.000000
vt 0.000000 0.000000
vt 0.000000 0.000000
vt 0.000000 0.000000
vt 0.000000 0.000000
vt 0.000000 0.000000
vt 0.000000 0.000000
vt 0.000000 0.000000
vt 0.000000 0.000000
vt 0.000000 0.000000
vt 0.000000 0.000000
vt 0.000000 0.000000
vt 0.000000 0.000000
vt 0.000000 0.000000
vt 0.000000 0.000000
vt 0.000000 0.000000
vt 0.000000 0.000000
vt 0.000000 0.000000
vt 0.000000 0.000000
vt 0.000000 0.000000
vt 0.000000 0.000000
vt 0.000000 0.000000
vt 0.000000 0.000000
vt 0.000000 0.000000
vt 0.000000 0.000000
vt 0.000000 0.000000
vt 0.000000 0.000000
vt 0.000000 0.000000
vt 0.000000 0.000000
vt 0.000000 0.000000
vt 0.000000 0.000000
vt 0.000000 0.000000
vt 0.000000 0.000000
vt 0.000000 0.000000
vt 0.000000 0.000000
vt 0.000000 0.000000
vt 0.000000 0.000000
vt 0.000000 0.000000
vt 0.000000 0.000000
vt 0.000000 0.000000
vt 0.000000 0.000000
vt 0.000000 0.000000
vt 0.000000 0.000000
vt 0.000000 0.000000
vt 0.000000 0.000000
vt 0.000000 0.000000
vt 0.000000 0.000000
vt 0.000000 0.000000
vt 0.000000 0.000000
vt 0.000000 0.000000
vt 0.000000 0.000000
vt 0.000000 0.000000
vt 0.000000 0.000000
vt 0.000000 0.000000
vt 0.000000 0.000000
vt 0.000000 0.000000
vt 0.000000 0.000000
vt 0.000000 0.000000
vt 0.000000 0.000000
vt 0.000000 0.000000
vt 0.000000 0.000000
vt 0.000000 0.000000
vt 0.000000 0.000000
vt 0.000000 0.000000
vt 0.000000 0.000000
vt 0.000000 0.000000
vt 0.000000 0.000000
vt 0.000000 0.000000
vt 0.000000 0.000000
vt 0.000000 0.000000
vt 0.000000 0.000000
vt 0.000000 0.000000
vt 0.000000 0.000000
vt 0.000000 0.000000
vt 0.000000 0.000000
vt 0.000000 0.000000
vt 0.000000 0.000000
vt 0.000000 0.000000
vt 0.000000 0.000000
vt 0.000000 0.000000
vt 0.000000 0.000000
vt 0.000000 0.000000
vt 0.000000 0.000000
vt 0.000000 0.000000
vt 0.000000 0.000000
vt 0.000000 0.000000
vt 0.000000 0.000000
vt 0.000000 0.000000
vt 0.000000 0.000000
vt 0.000000 0.000000
vt 0.000000 0.000000
vt 0.000000 0.000000
vt 0.000000 0.000000
vt 0.000000 0.000000
vt 0.000000 0.000000
vt 0.000000 0.000000
vt 0.000000 0.000000
vt 0.000000 0.000000
vt 0.000000 0.000000
vt 0.000000 0.000000
vt 0.000000 0.000000
vt 0.000000 0.000000
vt 0.000000 0.000000
vt 0.000000 0.000000
vt 0.000000 0.000000
vt 0.000000 0.000000
vt 0.000000 0.000000
vt 0.000000 0.000000
vt 0.000000 0.000000
vt 0.000000 0.000000
vt 0.000000 0.000000
vt 0.000000 0.000000
vt 0.000000 0.000000
vt 0.000000 0.000000
vt 0.000000 0.000000
vt 0.000000 0.000000
vt 0.000000 0.000000
vt 0.000000 0.000000
vt 0.000000 0.000000
vt 0.000000 0.000000
vt 0.000000 0.000000
vt 0.000000 0.000000
vt 0.000000 0.000000
vt 0.000000 0.000000
vt 0.000000 0.000000
vt 0.000000 0.000000
vt 0.000000 0.000000
vt 0.000000 0.000000
vt 0.000000 0.000000
vt 0.000000 0.000000
vt 0.000000 0.000000
vt 0.000000 0.000000
vt 0.000000 0.000000
vt 0.000000 0.000000
vt 0.000000 0.000000
vt 0.000000 0.000000
vt 0.000000 0.000000
vt 0.000000 0.000000
vt 0.000000 0.000000
vt 0.000000 0.000000
vt 0.000000 0.000000
vt 0.000000 0.000000
vt 0.000000 0.000000
vt 0.000000 0.000000
vt 0.000000 0.000000
vt 0.000000 0.000000
vt 0.000000 0.000000
vt 0.000000 0.000000
vt 0.000000 0.000000
vt 0.000000 0.000000
vt 0.000000 0.000000
vt 0.000000 0.000000
vt 0.000000 0.000000
vt 0.000000 0.000000
vt 0.000000 0.000000
vt 0.000000 0.000000
vt 0.000000 0.000000
vt 0.000000 0.000000
vt 0.000000 0.000000
vt 0.000000 0.000000
vt 0.000000 0.000000
vt 0.000000 0.000000
vt 0.000000 0.000000
vt 0.000000 0.000000
vt 0.000000 0.000000
vt 0.000000 0.000000
vt 0.000000 0.000000
vt 0.000000 0.000000
vt 0.000000 0.000000
vt 0.000000 0.000000
vt 0.000000 0.000000
vt 0.000000 0.000000
vt 0.000000 0.000000
vt 0.000000 0.000000
vt 0.000000 0.000000
vt 0.000000 0.000000
vt 0.000000 0.000000
vt 0.000000 0.000000
vt 0.000000 0.000000
vt 0.000000 0.000000
vt 0.000000 0.000000
vt 0.000000 0.000000
vt 0.000000 0.000000
vt 0.000000 0.000000
vt 0.000000 0.000000
vt 0.000000 0.000000
vt 0.000000 0.000000
vt 0.000000 0.000000
vt 0.000000 0.000000
vt 0.000000 0.000000
vt 0.000000 0.000000
vt 0.000000 0.000000
vt 0.000000 0.000000
vt 0.000000 0.000000
vt 0.000000 0.000000
vt 0.000000 0.000000
vt 0.000000 0.000000
vt 0.000000 0.000000
vt 0.000000 0.000000
vt 0.000000 0.000000
vt 0.000000 0.000000
vt 0.000000 0.000000
vt 0.000000 0.000000
vt 0.000000 0.000000
vt 0.000000 0.000000
vt 0.000000 0.000000
vt 0.000000 0.000000
vt 0.000000 0.000000
vt 0.000000 0.000000
vt 0.000000 0.000000
vt 0.000000 0.000000
vt 0.000000 0.000000
vt 0.000000 0.000000
vt 0.000000 0.000000
vt 0.000000 0.000000
vt 0.000000 0.000000
vt 0.000000 0.000000
vt 0.000000 0.000000
vt 0.000000 0.000000
vt 0.000000 0.000000
vt 0.000000 0.000000
vt 0.000000 0.000000
vt 0.000000 0.000000
vt 0.000000 0.000000
vt 0.000000 0.000000
vt 0.000000 0.000000
vt 0.000000 0.000000
vt 0.000000 0.000000
vt 0.000000 0.000000
vt 0.000000 0.000000
vt 0.000000 0.000000
vt 0.000000 0.000000
vt 0.000000 0.000000
vt 0.000000 0.000000
vt 0.000000 0.000000
vt 0.000000 0.000000
vt 0.000000 0.000000
vt 0.000000 0.000000
vt 0.000000 0.000000
vt 0.000000 0.000000
vt 0.000000 0.000000
vt 0.000000 0.000000
vt 0.000000 0.000000
vt 0.000000 0.000000
vt 0.000000 0.000000
vt 0.000000 0.000000
vt 0.000000 0.000000
vt 0.000000 0.000000
vt 0.000000 0.000000
vt 0.000000 0.000000
vt 0.000000 0.000000
vt 0.000000 0.000000
vt 0.000000 0.000000
vt 0.000000 0.000000
vt 0.000000 0.000000
vt 0.000000 0.000000
vt 0.000000 0.000000
vt 0.000000 0.000000
vt 0.000000 0.000000
vt 0.000000 0.000000
vt 0.000000 0.000000
vt 0.000000 0.000000
vt 0.000000 0.000000
vt 0.000000 0.000000
vt 0.000000 0.000000
vt 0.000000 0.000000
vt 0.000000 0.000000
vt 0.000000 0.000000
vt 0.000000 0.000000
vt 0.000000 0.000000
vt 0.000000 0.000000
vt 0.000000 0.000000
vt 0.000000 0.000000
vt 0.000000 0.000000
vt 0.000000 0.000000
vt 0.000000 0.000000
vt 0.000000 0.000000
vt 0.000000 0.000000
vt 0.000000 0.000000
vt 0.000000 0.000000
vt 0.000000 0.000000
vt 0.000000 0.000000
vt 0.000000 0.000000
vt 0.000000 0.000000
vt 0.000000 0.000000
vt 0.000000 0.000000
vt 0.000000 0.000000
vt 0.000000 0.000000
vt 0.000000 0.000000
vt 0.000000 0.000000
vt 0.000000 0.000000
vt 0.000000 0.000000
vt 0.000000 0.000000
vt 0.000000 0.000000
vt 0.000000 0.000000
vt 0.000000 0.000000
vt 0.000000 0.000000
vt 0.000000 0.000000
vt 0.000000 0.000000
vt 0.000000 0.000000
vt 0.000000 0.000000
vt 0.000000 0.000000
vt 0.000000 0.000000
vt 0.000000 0.000000
vt 0.000000 0.000000
vt 0.000000 0.000000
vt 0.000000 0.000000
vt 0.000000 0.000000
vt 0.000000 0.000000
vt 0.000000 0.000000
vt 0.000000 0.000000
vt 0.000000 0.000000
vt 0.000000 0.000000
vt 0.000000 0.000000
vt 0.000000 0.000000
vt 0.000000 0.000000
vt 0.000000 0.000000
vt 0.000000 0.000000
vt 0.000000 0.000000
vt 0.000000 0.000000
vt 0.000000 0.000000
vt 0.000000 0.000000
vt 0.000000 0.000000
vt 0.000000 0.000000
vt 0.000000 0.000000
vt 0.000000 0.000000
vt 0.000000 0.000000
vt 0.000000 0.000000
vt 0.000000 0.000000
vt 0.000000 0.000000
vt 0.000000 0.000000
vt 0.000000 0.000000
vt 0.000000 0.000000
vt 0.000000 0.000000
vt 0.000000 0.000000
vt 0.000000 0.000000
vt 0.000000 0.000000
vt 0.000000 0.000000
vt 0.000000 0.000000
vt 0.000000 0.000000
vt 0.000000 0.000000
vt 0.000000 0.000000
vt 0.000000 0.000000
vt 0.000000 0.000000
vt 0.000000 0.000000
vt 0.000000 0.000000
vt 0.000000 0.000000
vt 0.000000 0.000000
vt 0.000000 0.000000
vt 0.000000 0.000000
vt 0.000000 0.000000
vt 0.000000 0.000000
vt 0.000000 0.000000
vt 0.000000 0.000000
vt 0.000000 0.000000
vt 0.000000 0.000000
vt 0.000000 0.000000
vt 0.000000 0.000000
vt 0.000000 0.000000
vt 0.000000 0.000000
vt 0.000000 0.000000
vt 0.000000 0.000000
vt 0.000000 0.000000
vt 0.000000 0.000000
vt 0.000000 0.000000
vt 0.000000 0.000000
vt 0.000000 0.000000
vt 0.000000 0.000000
vt 0.000000 0.000000
vt 0.000000 0.000000
vt 0.000000 0.000000
vt 0.000000 0.000000
vt 0.000000 0.000000
vt 0.000000 0.000000
vt 0.000000 0.000000
vt 0.000000 0.000000
vt 0.000000 0.000000
vt 0.000000 0.000000
vt 0.000000 0.000000
vt 0.000000 0.000000
vt 0.000000 0.000000
vt 0.000000 0.000000
vt 0.000000 0.000000
vt 0.000000 0.000000
vt 0.000000 0.000000
vt 0.000000 0.000000
vt 0.000000 0.000000
vt 0.000000 0.000000
vt 0.000000 0.000000
vt 0.000000 0.000000
vt 0.000000 0.000000
vt 0.000000 0.000000
vt 0.000000 0.000000
vt 0.000000 0.000000
vt 0.000000 0.000000
vt 0.000000 0.000000
vt 0.000000 0.000000
vt 0.000000 0.000000
vt 0.000000 0.000000
vt 0.000000 0.000000
vt 0.000000 0.000000
vt 0.000000 0.000000
vt 0.000000 0.000000
vt 0.000000 0.000000
vt 0.000000 0.000000
vt 0.000000 0.000000
vt 0.000000 0.000000
vt 0.000000 0.000000
vt 0.000000 0.000000
vt 0.000000 0.000000
vt 0.000000 0.000000
vt 0.000000 0.000000
vt 0.000000 0.000000
vt 0.000000 0.000000
vt 0.000000 0.000000
vt 0.000000 0.000000
vt 0.000000 0.000000
vt 0.000000 0.000000
vt 0.000000 0.000000
vt 0.000000 0.000000
vt 0.000000 0.000000
vt 0.000000 0.000000
vt 0.000000 0.000000
vt 0.000000 0.000000
vt 0.000000 0.000000
vt 0.000000 0.000000
vt 0.000000 0.000000
vt 0.000000 0.000000
vt 0.000000 0.000000
vt 0.000000 0.000000
vt 0.000000 0.000000
vt 0.000000 0.000000
vt 0.000000 0.000000
vt 0.000000 0.000000
vt 0.000000 0.000000
vt 0.000000 0.000000
vt 0.000000 0.000000
vt 0.000000 0.000000
vt 0.000000 0.000000
vt 0.000000 0.000000
vt 0.000000 0.000000
vt 0.000000 0.000000
vt 0.000000 0.000000
vt 0.000000 0.000000
vt 0.000000 0.000000
vt 0.000000 0.000000
vt 0.000000 0.000000
vt 0.000000 0.000000
vt 0.000000 0.000000
vt 0.000000 0.000000
vt 0.000000 0.000000
vt 0.000000 0.000000
vt 0.000000 0.000000
vt 0.000000 0.000000
vt 0.000000 0.000000
vt 0.000000 0.000000
vt 0.000000 0.000000
vt 0.000000 0.000000
vt 0.000000 0.000000
vt 0.000000 0.000000
vt 0.000000 0.000000
vt 0.000000 0.000000
vt 0.000000 0.000000
vt 0.000000 0.000000
vt 0.000000 0.000000
vt 0.000000 0.000000
vt 0.000000 0.000000
vt 0.000000 0.000000
vt 0.000000 0.000000
vt 0.000000 0.000000
vt 0.000000 0.000000
vt 0.000000 0.000000
vt 0.000000 0.000000
vt 0.000000 0.000000
vt 0.000000 0.000000
vt 0.000000 0.000000
vt 0.000000 0.000000
vt 0.000000 0.000000
vt 0.000000 0.000000
vt 0.000000 0.000000
vt 0.000000 0.000000
vt 0.000000 0.000000
vt 0.000000 0.000000
vt 0.000000 0.000000
vt 0.000000 0.000000
vt 0.000000 0.000000
vt 0.000000 0.000000
vt 0.000000 0.000000
vt 0.000000 0.000000
vt 0.000000 0.000000
vt 0.000000 0.000000
vt 0.000000 0.000000
vt 0.000000 0.000000
vt 0.000000 0.000000
vt 0.000000 0.000000
vt 0.000000 0.000000
vt 0.000000 0.000000
vt 0.000000 0.000000
vt 0.000000 0.000000
vt 0.000000 0.000000
vt 0.000000 0.000000
vt 0.000000 0.000000
vt 0.000000 0.000000
vt 0.000000 0.000000
vt 0.000000 0.000000
vt 0.000000 0.000000
vt 0.000000 0.000000
vt 0.000000 0.000000
vt 0.000000 0.000000
vt 0.000000 0.000000
vt 0.000000 0.000000
vt 0.000000 0.000000
vt 0.000000 0.000000
vt 0.000000 0.000000
vt 0.000000 0.000000
vt 0.000000 0.000000
vt 0.000000 0.000000
vt 0.000000 0.000000
vt 0.000000 0.000000
vt 0.000000 0.000000
vt 0.000000 0.000000
vt 0.000000 0.000000
vt 0.000000 0.000000
vt 0.000000 0.000000
vt 0.000000 0.000000
vt 0.000000 0.000000
vt 0.000000 0.000000
vt 0.000000 0.000000
vt 0.000000 0.000000
vt 0.000000 0.000000
vt 0.000000 0.000000
vt 0.000000 0.000000
vt 0.000000 0.000000
vt 0.000000 0.000000
vt 0.000000 0.000000
vt 0.000000 0.000000
vt 0.000000 0.000000
vt 0.000000 0.000000
vt 0.000000 0.000000
vt 0.000000 0.000000
vt 0.000000 0.000000
vt 0.000000 0.000000
vt 0.000000 0.000000
vt 0.000000 0.000000
vt 0.000000 0.000000
vt 0.000000 0.000000
vt 0.000000 0.000000
vt 0.000000 0.000000
vt 0.000000 0.000000
vt 0.000000 0.000000
vt 0.000000 0.000000
vt 0.000000 0.000000
vt 0.000000 0.000000
vt 0.000000 0.000000
vt 0.000000 0.000000
vt 0.000000 0.000000
vt 0.000000 0.000000
vt 0.000000 0.000000
vt 0.000000 0.000000
vt 0.000000 0.000000
vt 0.000000 0.000000
vt 0.000000 0.000000
vt 0.000000 0.000000
vt 0.000000 0.000000
vt 0.000000 0.000000
vt 0.000000 0.000000
vt 0.000000 0.000000
vt 0.000000 0.000000
vt 0.000000 0.000000
vt 0.000000 0.000000
vt 0.000000 0.000000
vt 0.000000 0.000000
vt 0.000000 0.000000
vt 0.000000 0.000000
vt 0.000000 0.000000
vt 0.000000 0.000000
vt 0.000000 0.000000
vt 0.000000 0.000000
vt 0.000000 0.000000
vt 0.000000 0.000000
vt 0.000000 0.000000
vt 0.000000 0.000000
vt 0.000000 0.000000
vt 0.000000 0.000000
vt 0.000000 0.000000
vt 0.000000 0.000000
vt 0.000000 0.000000
vt 0.000000 0.000000
vt 0.000000 0.000000
vt 0.000000 0.000000
vt 0.000000 0.000000
vt 0.000000 0.000000
vt 0.000000 0.000000
vt 0.000000 0.000000
vt 0.000000 0.000000
vt 0.000000 0.000000
vt 0.000000 0.000000
vt 0.000000 0.000000
vt 0.000000 0.000000
vt 0.000000 0.000000
vt 0.000000 0.000000
vt 0.000000 0.000000
vt 0.000000 0.000000
vt 0.000000 0.000000
vt 0.000000 0.000000
vt 0.000000 0.000000
vt 0.000000 0.000000
vt 0.000000 0.000000
vt 0.000000 0.000000
vt 0.000000 0.000000
vt 0.000000 0.000000
vt 0.000000 0.000000
vt 0.000000 0.000000
vt 0.000000 0.000000
vt 0.000000 0.000000
vt 0.000000 0.000000
vt 0.000000 0.000000
vt 0.000000 0.000000
vt 0.000000 0.000000
vt 0.000000 0.000000
vt 0.000000 0.000000
vt 0.000000 0.000000
vt 0.000000 0.000000
vt 0.000000 0.000000
vt 0.000000 0.000000
vt 0.000000 0.000000
vt 0.000000 0.000000
vt 0.000000 0.000000
vt 0.000000 0.000000
vt 0.000000 0.000000
vt 0.000000 0.000000
vt 0.000000 0.000000
vt 0.000000 0.000000
vt 0.000000 0.000000
vt 0.000000 0.000000
vt 0.000000 0.000000
vt 0.000000 0.000000
vt 0.000000 0.000000
vt 0.000000 0.000000
vt 0.000000 0.000000
vt 0.000000 0.000000
vt 0.000000 0.000000
vt 0.000000 0.000000
vt 0.000000 0.000000
vt 0.000000 0.000000
vt 0.000000 0.000000
vt 0.000000 0.000000
vt 0.000000 0.000000
vt 0.000000 0.000000
vt 0.000000 0.000000
vt 0.000000 0.000000
vt 0.000000 0.000000
vt 0.000000 0.000000
vt 0.000000 0.000000
vt 0.000000 0.000000
vt 0.000000 0.000000
vt 0.000000 0.000000
vt 0.000000 0.000000
vt 0.000000 0.000000
vt 0.000000 0.000000
vt 0.000000 0.000000
vt 0.000000 0.000000
vt 0.000000 0.000000
vt 0.000000 0.000000
vt 0.000000 0.000000
vt 0.000000 0.000000
vt 0.000000 0.000000
vt 0.000000 0.000000
vt 0.000000 0.000000
vt 0.000000 0.000000
vt 0.000000 0.000000
vt 0.000000 0.000000
vt 0.000000 0.000000
vt 0.000000 0.000000
vt 0.000000 0.000000
vt 0.000000 0.000000
vt 0.000000 0.000000
vt 0.000000 0.000000
vt 0.000000 0.000000
vt 0.000000 0.000000
vt 0.000000 0.000000
vt 0.000000 0.000000
vt 0.000000 0.000000
vt 0.000000 0.000000
vt 0.000000 0.000000
vt 0.000000 0.000000
vt 0.000000 0.000000
vt 0.000000 0.000000
vt 0.000000 0.000000
vt 0.000000 0.000000
vt 0.000000 0.000000
vt 0.000000 0.000000
vt 0.000000 0.000000
vt 0.000000 0.000000
vt 0.000000 0.000000
vt 0.000000 0.000000
vt 0.000000 0.000000
vt 0.000000 0.000000
vt 0.000000 0.000000
vt 0.000000 0.000000
vt 0.000000 0.000000
vt 0.000000 0.000000
vt 0.000000 0.000000
vt 0.000000 0.000000
vt 0.000000 0.000000
vt 0.000000 0.000000
vt 0.000000 0.000000
vt 0.000000 0.000000
vt 0.000000 0.000000
vt 0.000000 0.000000
vt 0.000000 0.000000
vt 0.000000 0.000000
vt 0.000000 0.000000
vt 0.000000 0.000000
vt 0.000000 0.000000
vt 0.000000 0.000000
vt 0.000000 0.000000
vt 0.000000 0.000000
vt 0.000000 0.000000
vt 0.000000 0.000000
vt 0.000000 0.000000
vt 0.000000 0.000000
vt 0.000000 0.000000
vt 0.000000 0.000000
vt 0.000000 0.000000
vt 0.000000 0.000000
vt 0.000000 0.000000
vt 0.000000 0.000000
vt 0.000000 0.000000
vt 0.000000 0.000000
vt 0.000000 0.000000
vt 0.000000 0.000000
vt 0.000000 0.000000
vt 0.000000 0.000000
vt 0.000000 0.000000
vt 0.000000 0.000000
vt 0.000000 0.000000
vt 0.000000 0.000000
vt 0.000000 0.000000
vt 0.000000 0.000000
vt 0.000000 0.000000
vt 0.000000 0.000000
vt 0.000000 0.000000
vt 0.000000 0.000000
vt 0.000000 0.000000
vt 0.000000 0.000000
vt 0.000000 0.000000
vt 0.000000 0.000000
vt 0.000000 0.000000
vt 0.000000 0.000000
vt 0.000000 0.000000
vt 0.000000 0.000000
vt 0.000000 0.000000
vt 0.000000 0.000000
vt 0.000000 0.000000
vt 0.000000 0.000000
vt 0.000000 0.000000
vt 0.000000 0.000000
vt 0.000000 0.000000
vt 0.000000 0.000000
vt 0.000000 0.000000
vt 0.000000 0.000000
vt 0.000000 0.000000
vt 0.000000 0.000000
vt 0.000000 0.000000
vt 0.000000 0.000000
vt 0.000000 0.000000
vt 0.000000 0.000000
vt 0.000000 0.000000
vt 0.000000 0.000000
vt 0.000000 0.000000
vt 0.000000 0.000000
vt 0.000000 0.000000
vt 0.000000 0.000000
vt 0.000000 0.000000
vt 0.000000 0.000000
vt 0.000000 0.000000
vt 0.000000 0.000000
vt 0.000000 0.000000
vt 0.000000 0.000000
vt 0.000000 0.000000
vt 0.000000 0.000000
vt 0.000000 0.000000
vt 0.000000 0.000000
vt 0.000000 0.000000
vt 0.000000 0.000000
vt 0.000000 0.000000
vt 0.000000 0.000000
vt 0.000000 0.000000
vt 0.000000 0.000000
vt 0.000000 0.000000
vt 0.000000 0.000000
vt 0.000000 0.000000
vt 0.000000 0.000000
vt 0.000000 0.000000
vt 0.000000 0.000000
vt 0.000000 0.000000
vt 0.000000 0.000000
vt 0.000000 0.000000
vt 0.000000 0.000000
vt 0.000000 0.000000
vt 0.000000 0.000000
vt 0.000000 0.000000
vt 0.000000 0.000000
vt 0.000000 0.000000
vt 0.000000 0.000000
vt 0.000000 0.000000
vt 0.000000 0.000000
vt 0.000000 0.000000
vt 0.000000 0.000000
vt 0.000000 0.000000
vt 0.000000 0.000000
vt 0.000000 0.000000
vt 0.000000 0.000000
vt 0.000000 0.000000
vt 0.000000 0.000000
vt 0.000000 0.000000
vt 0.000000 0.000000
vt 0.000000 0.000000
vt 0.000000 0.000000
vt 0.000000 0.000000
vt 0.000000 0.000000
vt 0.000000 0.000000
vt 0.000000 0.000000
vt 0.000000 0.000000
vt 0.000000 0.000000
vt 0.000000 0.000000
vt 0.000000 0.000000
vt 0.000000 0.000000
vt 0.000000 0.000000
vt 0.000000 0.000000
vt 0.000000 0.000000
vt 0.000000 0.000000
vt 0.000000 0.000000
vt 0.000000 0.000000
vt 0.000000 0.000000
vt 0.000000 0.000000
vt 0.000000 0.000000
vt 0.000000 0.000000
vt 0.000000 0.000000
vt 0.000000 0.000000
vt 0.000000 0.000000
vt 0.000000 0.000000
vt 0.000000 0.000000
vt 0.000000 0.000000
vt 0.000000 0.000000
vt 0.000000 0.000000
vt 0.000000 0.000000
vt 0.000000 0.000000
vt 0.000000 0.000000
vt 0.000000 0.000000
vt 0.000000 0.000000
vt 0.000000 0.000000
vt 0.000000 0.000000
vt 0.000000 0.000000
vt 0.000000 0.000000
vt 0.000000 0.000000
vt 0.000000 0.000000
vt 0.000000 0.000000
vt 0.000000 0.000000
vt 0.000000 0.000000
vt 0.000000 0.000000
vt 0.000000 0.000000
vt 0.000000 0.000000
vt 0.000000 0.000000
vt 0.000000 0.000000
vt 0.000000 0.000000
vt 0.000000 0.000000
vt 0.000000 0.000000
vt 0.000000 0.000000
vt 0.000000 0.000000
vt 0.000000 0.000000
vt 0.000000 0.000000
vt 0.000000 0.000000
vt 0.000000 0.000000
vt 0.000000 0.000000
vt 0.000000 0.000000
vt 0.000000 0.000000
vt 0.000000 0.000000
vt 0.000000 0.000000
vt 0.000000 0.000000
vt 0.000000 0.000000
vt 0.000000 0.000000
vt 0.000000 0.000000
vt 0.000000 0.000000
vt 0.000000 0.000000
vt 0.000000 0.000000
vt 0.000000 0.000000
vt 0.000000 0.000000
vt 0.000000 0.000000
vt 0.000000 0.000000
vt 0.000000 0.000000
vt 0.000000 0.000000
vt 0.000000 0.000000
vt 0.000000 0.000000
vt 0.000000 0.000000
vt 0.000000 0.000000
vt 0.000000 0.000000
vt 0.000000 0.000000
vt 0.000000 0.000000
vt 0.000000 0.000000
vt 0.000000 0.000000
vt 0.000000 0.000000
vt 0.000000 0.000000
vt 0.000000 0.000000
vt 0.000000 0.000000
vt 0.000000 0.000000
vt 0.000000 0.000000
vt 0.000000 0.000000
vt 0.000000 0.000000
vt 0.000000 0.000000
vt 0.000000 0.000000
vt 0.000000 0.000000
vt 0.000000 0.000000
vt 0.000000 0.000000
vt 0.000000 0.000000
vt 0.000000 0.000000
vt 0.000000 0.000000
vt 0.000000 0.000000
vt 0.000000 0.000000
vt 0.000000 0.000000
vt 0.000000 0.000000
vt 0.000000 0.000000
vt 0.000000 0.000000
vt 0.000000 0.000000
vt 0.000000 0.000000
vt 0.000000 0.000000
vt 0.000000 0.000000
vt 0.000000 0.000000
vt 0.000000 0.000000
vt 0.000000 0.000000
vt 0.000000 0.000000
vt 0.000000 0.000000
vt 0.000000 0.000000
vt 0.000000 0.000000
vt 0.000000 0.000000
vt 0.000000 0.000000
vt 0.000000 0.000000
vt 0.000000 0.000000
vt 0.000000 0.000000
vt 0.000000 0.000000
vt 0.000000 0.000000
vt 0.000000 0.000000
vt 0.000000 0.000000
vt 0.000000 0.000000
vt 0.000000 0.000000
vt 0.000000 0.000000
vt 0.000000 0.000000
vt 0.000000 0.000000
vt 0.000000 0.000000
vt 0.000000 0.000000
vt 0.000000 0.000000
vt 0.000000 0.000000
vt 0.000000 0.000000
vt 0.000000 0.000000
vt 0.000000 0.000000
vt 0.000000 0.000000
vt 0.000000 0.000000
vt 0.000000 0.000000
vt 0.000000 0.000000
vt 0.000000 0.000000
vt 0.000000 0.000000
vt 0.000000 0.000000
vt 0.000000 0.000000
vt 0.000000 0.000000
vt 0.000000 0.000000
vt 0.000000 0.000000
vt 0.000000 0.000000
vt 0.000000 0.000000
vt 0.000000 0.000000
vt 0.000000 0.000000
vt 0.000000 0.000000
vt 0.000000 0.000000
vt 0.000000 0.000000
vt 0.000000 0.000000
vt 0.000000 0.000000
vt 0.000000 0.000000
vt 0.000000 0.000000
vt 0.000000 0.000000
vt 0.000000 0.000000
vt 0.000000 0.000000
vt 0.000000 0.000000
vt 0.000000 0.000000
vt 0.000000 0.000000
vt 0.000000 0.000000
vt 0.000000 0.000000
vt 0.000000 0.000000
vt 0.000000 0.000000
vt 0.000000 0.000000
vt 0.000000 0.000000
vt 0.000000 0.000000
vt 0.000000 0.000000
vt 0.000000 0.000000
vt 0.000000 0.000000
vt 0.000000 0.000000
vt 0.000000 0.000000
vt 0.000000 0.000000
vt 0.000000 0.000000
vt 0.000000 0.000000
vt 0.000000 0.000000
vt 0.000000 0.000000
vt 0.000000 0.000000
vt 0.000000 0.000000
vt 0.000000 0.000000
vt 0.000000 0.000000
vt 0.000000 0.000000
vt 0.000000 0.000000
vt 0.000000 0.000000
vt 0.000000 0.000000
vt 0.000000 0.000000
vt 0.000000 0.000000
vt 0.000000 0.000000
vt 0.000000 0.000000
vt 0.000000 0.000000
vt 0.000000 0.000000
vt 0.000000 0.000000
vt 0.000000 0.000000
vt 0.000000 0.000000
vt 0.000000 0.000000
vt 0.000000 0.000000
vt 0.000000 0.000000
vt 0.000000 0.000000
vt 0.000000 0.000000
vt 0.000000 0.000000
vt 0.000000 0.000000
vt 0.000000 0.000000
vt 0.000000 0.000000
vt 0.000000 0.000000
vt 0.000000 0.000000
vt 0.000000 0.000000
vt 0.000000 0.000000
vt 0.000000 0.000000
vt 0.000000 0.000000
vt 0.000000 0.000000
vt 0.000000 0.000000
vt 0.000000 0.000000
vt 0.000000 0.000000
vt 0.000000 0.000000
vt 0.000000 0.000000
vt 0.000000 0.000000
vt 0.000000 0.000000
vt 0.000000 0.000000
vt 0.000000 0.000000
vt 0.000000 0.000000
vt 0.000000 0.000000
vt 0.000000 0.000000
vt 0.000000 0.000000
vt 0.000000 0.000000
vt 0.000000 0.000000
vt 0.000000 0.000000
vt 0.000000 0.000000
vt 0.000000 0.000000
vt 0.000000 0.000000
vt 0.000000 0.000000
vt 0.000000 0.000000
vt 0.000000 0.000000
vt 0.000000 0.000000
vt 0.000000 0.000000
vt 0.000000 0.000000
vt 0.000000 0.000000
vt 0.000000 0.000000
vt 0.000000 0.000000
vt 0.000000 0.000000
vt 0.000000 0.000000
vt 0.000000 0.000000
vt 0.000000 0.000000
vt 0.000000 0.000000
vt 0.000000 0.000000
vt 0.000000 0.000000
vt 0.000000 0.000000
vt 0.000000 0.000000
vt 0.000000 0.000000
vt 0.000000 0.000000
vt 0.000000 0.000000
vt 0.000000 0.000000
vt 0.000000 0.000000
vt 0.000000 0.000000
vt 0.000000 0.000000
vt 0.000000 0.000000
vt 0.000000 0.000000
vt 0.000000 0.000000
vt 0.000000 0.000000
vt 0.000000 0.000000
vt 0.000000 0.000000
vt 0.000000 0.000000
vt 0.000000 0.000000
vt 0.000000 0.000000
vt 0.000000 0.000000
vt 0.000000 0.000000
vt 0.000000 0.000000
vt 0.000000 0.000000
vt 0.000000 0.000000
vt 0.000000 0.000000
vt 0.000000 0.000000
vt 0.000000 0.000000
vt 0.000000 0.000000
vt 0.000000 0.000000
vt 0.000000 0.000000
vt 0.000000 0.000000
vt 0.000000 0.000000
vt 0.000000 0.000000
vt 0.000000 0.000000
vt 0.000000 0.000000
vt 0.000000 0.000000
vt 0.000000 0.000000
vt 0.000000 0.000000
vt 0.000000 0.000000
vt 0.000000 0.000000
vt 0.000000 0.000000
vt 0.000000 0.000000
vt 0.000000 0.000000
vt 0.000000 0.000000
vt 0.000000 0.000000
vt 0.000000 0.000000
vt 0.000000 0.000000
vt 0.000000 0.000000
vt 0.000000 0.000000
vt 0.000000 0.000000
vt 0.000000 0.000000
vt 0.000000 0.000000
vt 0.000000 0.000000
vt 0.000000 0.000000
vt 0.000000 0.000000
vt 0.000000 0.000000
vt 0.000000 0.000000
vt 0.000000 0.000000
vt 0.000000 0.000000
vt 0.000000 0.000000
vt 0.000000 0.000000
vt 0.000000 0.000000
vt 0.000000 0.000000
vt 0.000000 0.000000
vt 0.000000 0.000000
vt 0.000000 0.000000
vt 0.000000 0.000000
vn 0.2962 0.9326 0.2065
vn 0.2955 0.9328 0.2063
vn 0.5138 0.3375 -0.7887
vn 0.5192 0.3360 -0.7858
vn 0.3617 -0.9320 0.0223
vn 0.3829 -0.3246 0.8649
vn 0.3828 -0.3246 0.8649
vn 0.3729 0.0873 0.9238
vn 0.2962 0.9354 0.1929
vn -0.3019 -0.8544 0.4229
vn -0.2942 0.9333 0.2060
vn -0.2935 0.9335 0.2058
vn -0.5129 0.3383 -0.7890
vn -0.3710 -0.9284 0.0223
vn -0.3837 -0.3234 0.8650
vn -0.1705 -0.7632 0.6232
vn -0.3729 0.0885 0.9236
vn -0.2942 0.9362 0.1925
vn 0.3045 -0.8537 0.4224
vn 0.3690 -0.9292 0.0220
vn 0.3807 -0.9186 -0.1056
vn 0.3820 -0.9181 -0.1061
vn 0.3808 -0.9186 -0.1059
vn 0.3821 -0.9180 -0.1060
vn 0.9547 -0.2654 0.1345
vn 0.9547 -0.2655 0.1345
vn 0.9547 -0.2655 0.1343
vn 0.9547 -0.2652 0.1347
vn 0.9411 0.2977 0.1602
vn 0.9411 0.2979 0.1601
vn 0.9687 0.2367 0.0752
vn 0.9686 0.2367 0.0755
vn 0.9690 0.2349 0.0764
vn 0.9684 0.2383 0.0738
vn 0.9830 -0.1825 -0.0218
vn 0.9830 -0.1821 -0.0219
vn 0.9832 -0.1814 -0.0222
vn 0.9829 -0.1828 -0.0209
vn 0.4932 -0.1747 -0.8522
vn 0.5067 -0.1725 -0.8447
vn 0.4950 -0.1744 -0.8512
vn 0.5088 -0.1721 -0.8435
vn 0.1717 -0.7633 0.6228
vn 0.3785 -0.9256 0.0017
vn 0.3782 -0.9257 0.0020
vn 0.3774 -0.9260 0.0024
vn 0.3795 -0.9252 0.0010
vn 0.0066 0.9831 -0.1827
vn 0.0097 0.9815 -0.1913
vn 0.0082 0.9822 -0.1877
vn 0.0116 0.9798 -0.1997
vn 0.9880 -0.1519 0.0278
vn 0.9880 -0.1521 0.0280
vn 0.9879 -0.1524 0.0276
vn 0.9880 -0.1517 0.0277
vn -0.7310 0.6656 -0.1507
vn -0.7326 0.6653 -0.1436
vn -0.7411 0.6608 -0.1187
vn -0.7201 0.6669 -0.1914
vn 0.8715 0.4894 0.0299
vn 0.8714 0.4903 0.0183
vn 0.8717 0.4877 0.0477
vn 0.8701 0.4926 -0.0170
vn -0.0204 -0.9988 -0.0441
vn -0.0251 -0.9988 -0.0418
vn -0.0247 -0.9987 -0.0440
vn -0.0208 -0.9989 -0.0418
vn 0.7396 0.6098 -0.2849
vn 0.7389 0.6156 -0.2739
vn 0.7410 0.6094 -0.2822
vn 0.7344 0.6204 -0.2752
vn -0.9721 -0.2197 -0.0823
vn -0.9716 -0.2242 -0.0761
vn -0.9724 -0.2174 -0.0848
vn -0.9728 -0.2122 -0.0935
vn -0.9575 0.2804 -0.0677
vn -0.9567 0.2834 -0.0670
vn -0.9562 0.2852 -0.0660
vn -0.9580 0.2787 -0.0683
vn 0.9676 0.2268 -0.1113
vn 0.9673 0.2305 -0.1055
vn 0.9679 0.2193 -0.1225
vn 0.9671 0.2369 -0.0931
vn -0.6993 0.6998 -0.1457
vn -0.6851 0.7187 -0.1192
vn -0.6934 0.7079 -0.1346
vn -0.6768 0.7288 -0.1043
vn 0.7809 0.5472 -0.3014
vn 0.7800 0.5474 -0.3031
vn 0.7824 0.5470 -0.2977
vn 0.7788 0.5469 -0.3071
vn -0.1399 0.9120 -0.3857
vn -0.1388 0.9115 -0.3873
vn -0.1534 0.9191 -0.3630
vn -0.1267 0.9043 -0.4075
vn 0.6486 0.7610 0.0135
vn 0.6494 0.7603 0.0162
vn 0.6569 0.7536 0.0241
vn 0.6423 0.7664 0.0061
vn 0.0483 0.9976 0.0495
vn 0.0572 0.9973 0.0452
vn 0.0533 0.9975 0.0471
vn 0.0439 0.9977 0.0517
vn 0.9164 0.3284 0.2290
vn 0.9156 0.3300 0.2299
vn 0.9128 0.3341 0.2349
vn 0.9182 0.3250 0.2265
vn 0.8335 0.5044 0.2254
vn 0.8333 0.5046 0.2256
vn 0.8403 0.4929 0.2258
vn 0.8277 0.5134 0.2263
vn 0.0897 0.9917 0.0926
vn 0.0877 0.9925 0.0853
vn 0.0881 0.9918 0.0927
vn 0.0897 0.9923 0.0854
vn 0.5975 0.7187 0.3557
vn 0.6037 0.7080 0.3663
vn 0.5960 0.7253 0.3446
vn 0.6041 0.7033 0.3747
vn 0.2061 0.9514 0.2287
vn 0.2108 0.9483 0.2374
vn 0.2093 0.9515 0.2254
vn 0.2082 0.9481 0.2402
vn 0.9700 0.0311 0.2411
vn 0.9706 0.0277 0.2389
vn 0.9700 0.0310 0.2411
vn 0.9693 0.0345 0.2434
vn 0.9085 -0.2821 0.3082
vn 0.9085 -0.2814 0.3089
vn 0.9085 -0.2829 0.3076
vn 0.9087 -0.2829 0.3070
vn 0.9357 0.1065 0.3362
vn 0.9379 0.1013 0.3317
vn 0.9344 0.1097 0.3390
vn 0.9322 0.1136 0.3437
vn 0.0510 -0.7303 0.6812
vn 0.0486 -0.7274 0.6845
vn 0.0540 -0.7339 0.6771
vn 0.0474 -0.7258 0.6863
vn 0.1296 0.9879 0.0855
vn 0.1284 0.9884 0.0809
vn 0.1295 0.9878 0.0863
vn 0.1285 0.9885 0.0800
vn 0.0493 0.9980 -0.0396
vn 0.0470 0.9981 -0.0406
vn 0.0454 0.9981 -0.0414
vn 0.0507 0.9980 -0.0389
vn 0.4883 -0.6480 0.5845
vn 0.4828 -0.6491 0.5878
vn 0.4877 -0.6505 0.5822
vn 0.4912 -0.6509 0.5789
vn 0.8822 -0.2396 0.4053
vn 0.8826 -0.2408 0.4039
vn 0.8820 -0.2387 0.4063
vn 0.8816 -0.2376 0.4078
vn -0.5183 0.3369 -0.7861
vn -0.3638 -0.9312 0.0227
vn -0.3828 -0.9178 -0.1052
vn -0.3840 -0.9173 -0.1057
vn -0.3841 -0.9172 -0.1056
vn -0.3828 -0.9178 -0.1055
vn -0.9553 -0.2633 0.1344
vn -0.9553 -0.2631 0.1346
vn -0.9553 -0.2634 0.1342
vn -0.9405 0.2998 0.1599
vn -0.9405 0.3000 0.1598
vn -0.9405 0.2999 0.1598
vn -0.9682 0.2388 0.0749
vn -0.9681 0.2388 0.0752
vn -0.9679 0.2404 0.0735
vn -0.9685 0.2370 0.0761
vn -0.9834 -0.1803 -0.0219
vn -0.9834 -0.1799 -0.0220
vn -0.9833 -0.1806 -0.0211
vn -0.9835 -0.1793 -0.0223
vn -0.5069 -0.1717 -0.8447
vn -0.4936 -0.1739 -0.8521
vn -0.4953 -0.1736 -0.8512
vn -0.5091 -0.1712 -0.8435
vn -0.3805 -0.9248 0.0018
vn -0.3815 -0.9244 0.0011
vn -0.3795 -0.9252 0.0024
vn -0.0075 0.9816 -0.1908
vn -0.0060 0.9823 -0.1872
vn -0.0095 0.9799 -0.1991
vn -0.0045 0.9832 -0.1823
vn -0.9884 -0.1496 0.0275
vn -0.9883 -0.1501 0.0279
vn -0.9884 -0.1495 0.0275
vn -0.9883 -0.1503 0.0274
vn 0.7324 0.6640 -0.1504
vn 0.7425 0.6593 -0.1186
vn 0.7340 0.6638 -0.1434
vn 0.7216 0.6655 -0.1910
vn -0.8703 0.4922 0.0183
vn -0.8705 0.4913 0.0298
vn -0.8707 0.4896 0.0475
vn -0.8690 0.4945 -0.0168
vn 0.0182 -0.9989 -0.0439
vn 0.0230 -0.9989 -0.0416
vn 0.0186 -0.9990 -0.0416
vn 0.0226 -0.9988 -0.0438
vn -0.7382 0.6116 -0.2847
vn -0.7375 0.6173 -0.2738
vn -0.7330 0.6221 -0.2751
vn -0.7396 0.6111 -0.2820
vn 0.9717 -0.2217 -0.0821
vn 0.9719 -0.2195 -0.0845
vn 0.9711 -0.2263 -0.0759
vn 0.9723 -0.2143 -0.0931
vn 0.9581 0.2783 -0.0675
vn 0.9573 0.2813 -0.0668
vn 0.9586 0.2766 -0.0681
vn 0.9568 0.2830 -0.0658
vn -0.9671 0.2288 -0.1115
vn -0.9668 0.2326 -0.1057
vn -0.9665 0.2389 -0.0934
vn -0.9674 0.2214 -0.1227
vn 0.6865 0.7173 -0.1191
vn 0.7007 0.6984 -0.1456
vn 0.6949 0.7064 -0.1346
vn 0.6784 0.7272 -0.1044
vn -0.7796 0.5489 -0.3016
vn -0.7788 0.5491 -0.3032
vn -0.7776 0.5486 -0.3072
vn -0.7812 0.5487 -0.2978
vn 0.1417 0.9115 -0.3860
vn 0.1555 0.9187 -0.3631
vn 0.1409 0.9112 -0.3872
vn 0.1289 0.9041 -0.4074
vn -0.6469 0.7624 0.0131
vn -0.6478 0.7617 0.0158
vn -0.6407 0.7678 0.0057
vn -0.6552 0.7551 0.0237
vn -0.0549 0.9975 0.0448
vn -0.0461 0.9977 0.0491
vn -0.0510 0.9976 0.0467
vn -0.0417 0.9978 0.0513
vn -0.9151 0.3316 0.2294
vn -0.9159 0.3300 0.2286
vn -0.9124 0.3356 0.2343
vn -0.9176 0.3268 0.2261
vn -0.8330 0.5055 0.2249
vn -0.8328 0.5057 0.2251
vn -0.8274 0.5142 0.2259
vn -0.8396 0.4943 0.2253
vn -0.0914 0.9915 0.0921
vn -0.0896 0.9923 0.0852
vn -0.0917 0.9921 0.0855
vn -0.0897 0.9917 0.0920
vn -0.5978 0.7187 0.3551
vn -0.5964 0.7252 0.3442
vn -0.6039 0.7084 0.3654
vn -0.6043 0.7037 0.3737
vn -0.2064 0.9514 0.2285
vn -0.2096 0.9515 0.2251
vn -0.2111 0.9483 0.2370
vn -0.2085 0.9482 0.2398
vn -0.9700 0.0333 0.2409
vn -0.9701 0.0328 0.2406
vn -0.9706 0.0299 0.2387
vn -0.9693 0.0366 0.2431
vn -0.9091 -0.2803 0.3083
vn -0.9090 -0.2811 0.3077
vn -0.9090 -0.2796 0.3090
vn -0.9092 -0.2812 0.3070
vn -0.9356 0.1083 0.3359
vn -0.9343 0.1114 0.3386
vn -0.9378 0.1033 0.3315
vn -0.9321 0.1152 0.3433
vn -0.0472 -0.7267 0.6853
vn -0.0498 -0.7299 0.6817
vn -0.0531 -0.7338 0.6773
vn -0.0459 -0.7251 0.6871
vn -0.1311 0.9877 0.0851
vn -0.1300 0.9882 0.0808
vn -0.1301 0.9883 0.0800
vn -0.1309 0.9877 0.0857
vn -0.0500 0.9979 -0.0408
vn -0.0516 0.9979 -0.0400
vn -0.0487 0.9980 -0.0414
vn -0.0528 0.9978 -0.0395
vn -0.4821 -0.6488 0.5888
vn -0.4879 -0.6479 0.5850
vn -0.4870 -0.6503 0.5830
vn -0.4908 -0.6509 0.5792
vn -0.8826 -0.2379 0.4055
vn -0.8824 -0.2370 0.4064
vn -0.8829 -0.2390 0.4041
vn -0.8820 -0.2359 0.4079
vn 0.0065 0.0108 0.9999
vn -0.0013 0.0149 0.9999
vn -0.0015 0.0025 1.0000
vn -0.0031 0.0045 1.0000
vn -0.0431 0.0068 0.9990
vn -0.0257 -0.0167 0.9995
vn -0.0040 -0.0037 1.0000
vn -0.0055 -0.0022 1.0000
vn 0.0224 0.1029 0.9944
vn 0.0542 0.1075 0.9927
vn 0.0134 0.0841 0.9964
vn 0.0331 0.0847 0.9959
vn 0.0197 0.0050 0.9998
vn 0.0649 -0.0350 0.9973
vn 0.0879 -0.1295 0.9877
vn 0.1007 -0.1355 0.9856
vn 0.1189 -0.1083 0.9870
vn -0.0105 -0.0763 -0.9970
vn 0.0098 -0.0718 -0.9974
vn -0.0106 -0.0674 -0.9977
vn -0.0182 -0.0839 -0.9963
vn 0.0102 -0.0980 -0.9951
vn -0.0051 -0.0741 -0.9972
vn 0.0046 -0.0821 -0.9966
vn -0.0016 -0.0751 -0.9972
vn -0.0033 -0.0858 -0.9963
vn 0.9663 0.1798 -0.1841
vn 0.3724 -0.8981 -0.2340
vn 0.3723 -0.8981 -0.2342
vn 0.3726 -0.8980 -0.2339
vn 0.0669 -0.9901 -0.1237
vn 0.0672 -0.9900 -0.1240
vn 0.0824 -0.9868 -0.1394
vn 0.0020 0.0149 0.9999
vn -0.0059 0.0107 0.9999
vn 0.0038 0.0045 1.0000
vn 0.0023 0.0025 1.0000
vn 0.0436 0.0069 0.9990
vn 0.0262 -0.0166 0.9995
vn 0.0062 -0.0022 1.0000
vn 0.0047 -0.0037 1.0000
vn -0.0221 0.1030 0.9944
vn -0.0539 0.1076 0.9927
vn -0.0327 0.0849 0.9959
vn -0.0132 0.0843 0.9964
vn -0.0195 0.0051 0.9998
vn -0.0645 -0.0347 0.9973
vn -0.0869 -0.1290 0.9878
vn -0.0655 -0.0305 0.9974
vn 0.0104 -0.0758 -0.9971
vn -0.0098 -0.0713 -0.9974
vn 0.0106 -0.0670 -0.9977
vn 0.0182 -0.0835 -0.9963
vn -0.0102 -0.0975 -0.9952
vn 0.0051 -0.0736 -0.9973
vn -0.0046 -0.0817 -0.9966
vn 0.0016 -0.0747 -0.9972
vn 0.0033 -0.0854 -0.9963
vn -0.9659 0.1824 -0.1838
vn -0.0814 -0.9870 -0.1388
vn -0.0666 -0.9901 -0.1238
vn -0.0333 -0.0006 0.9994
vn -0.0342 0.0000 0.9994
vn -0.0379 0.0026 0.9993
vn -0.0302 -0.0028 0.9995
vn 0.0004 0.0071 1.0000
vn 0.0033 0.0061 1.0000
vn 0.0085 0.0044 1.0000
vn -0.0055 0.0091 0.9999
vn -0.0029 0.0060 1.0000
vn -0.0025 0.0064 1.0000
vn -0.0048 0.0041 1.0000
vn -0.0007 0.0082 1.0000
vn 0.0132 0.0041 0.9999
vn 0.0123 0.0048 0.9999
vn 0.0137 0.0037 0.9999
vn 0.0146 0.0031 0.9999
vn 0.2822 -0.9592 0.0186
vn 0.2827 -0.9590 0.0195
vn 0.2871 -0.9575 0.0269
vn 0.2775 -0.9607 0.0111
vn -0.7638 0.6453 -0.0102
vn -0.7638 0.6454 -0.0102
vn 0.1501 0.9743 0.1682
vn 0.1498 0.9744 0.1678
vn 0.1499 0.9743 0.1680
vn 0.6201 0.7831 -0.0476
vn 0.6201 0.7830 -0.0476
vn -0.9114 -0.1974 -0.3610
vn -0.9096 -0.1914 -0.3688
vn -0.9105 -0.1950 -0.3646
vn -0.9086 -0.1886 -0.3727
vn -0.0765 -0.9961 0.0439
vn -0.0765 -0.9961 0.0441
vn -0.0817 -0.9959 0.0379
vn -0.0718 -0.9962 0.0500
vn -0.9739 0.2268 -0.0081
vn -0.9740 0.2262 -0.0089
vn -0.9738 0.2275 -0.0068
vn -0.9742 0.2256 -0.0100
vn 0.9913 -0.1154 -0.0640
vn 0.9913 -0.1153 -0.0641
vn 0.9913 -0.1152 -0.0642
vn -0.0939 -0.9814 -0.1675
vn -0.9525 0.1533 -0.2632
vn -0.9525 0.1533 -0.2631
vn -0.2245 0.9497 -0.2184
vn -0.2245 0.9497 -0.2183
vn 0.4199 0.8923 -0.1659
vn -0.6486 0.7162 -0.2577
vn -0.6485 0.7162 -0.2577
vn 0.4763 -0.8782 0.0440
vn 0.4751 -0.8788 0.0434
vn 0.4769 -0.8778 0.0444
vn 0.4744 -0.8793 0.0429
vn 0.9679 0.2431 0.0638
vn -0.9862 -0.1613 -0.0373
vn -0.9861 -0.1616 -0.0371
vn -0.9862 -0.1611 -0.0374
vn -0.9861 -0.1618 -0.0371
vn 0.9346 -0.0725 0.3481
vn 0.9347 -0.0725 0.3481
vn -0.1206 -0.9549 0.2713
vn -0.9749 0.1749 0.1374
vn -0.9749 0.1748 0.1376
vn -0.9749 0.1749 0.1375
vn -0.2380 0.9549 0.1777
vn 0.3464 0.8908 0.2941
vn -0.6650 0.7354 0.1302
vn -0.6650 0.7354 0.1301
vn -0.9511 -0.1682 -0.2593
vn -0.9511 -0.1682 -0.2592
vn 0.9757 0.2016 -0.0859
vn 0.9757 0.2014 -0.0857
vn 0.9757 0.2015 -0.0858
vn 0.4672 -0.8817 -0.0660
vn 0.9766 -0.1244 -0.1757
vn 0.9766 -0.1245 -0.1756
vn 0.9766 -0.1245 -0.1755
vn -0.0892 -0.9572 -0.2753
vn -0.9512 0.1250 -0.2821
vn 0.4423 -0.8442 0.3027
vn -0.2383 0.9348 -0.2635
vn 0.9084 0.2253 0.3522
vn 0.9084 0.2253 0.3523
vn -0.9763 -0.1321 0.1713
vn -0.9763 -0.1322 0.1713
vn 0.3524 0.9071 -0.2303
vn -0.6622 0.6924 -0.2866
vn 0.0127 0.1564 0.9876
vn 0.0113 0.1544 0.9879
vn 0.0106 0.1534 0.9881
vn 0.0138 0.1579 0.9874
vn 0.0660 -0.0306 0.9974
vn 0.0187 -0.1688 0.9855
vn 0.0206 -0.1712 0.9850
vn 0.0160 -0.1652 0.9861
vn 0.0224 -0.1736 0.9846
vn 0.0343 0.1416 0.9893
vn 0.0341 0.1441 0.9890
vn 0.0344 0.1403 0.9895
vn 0.0341 0.1449 0.9889
vn 0.1032 -0.0341 0.9941
vn 0.0985 -0.0338 0.9946
vn 0.1178 -0.0359 0.9924
vn 0.1216 -0.0359 0.9919
vn 0.0590 0.1276 0.9901
vn 0.0515 0.1233 0.9910
vn 0.0581 0.1269 0.9902
vn 0.0498 0.1223 0.9912
vn 0.0957 -0.1172 0.9885
vn 0.1023 -0.1235 0.9871
vn 0.0945 -0.1157 0.9888
vn 0.1040 -0.1248 0.9867
vn 0.0223 -0.1408 0.9898
vn 0.0272 -0.1570 0.9872
vn 0.0212 -0.1372 0.9903
vn 0.0279 -0.1594 0.9868
vn 0.0089 0.1379 0.9904
vn 0.0087 0.1387 0.9903
vn 0.0090 0.1376 0.9904
vn 0.0086 0.1390 0.9902
vn 0.1292 -0.1147 0.9850
vn 0.1161 -0.1075 0.9874
vn 0.1125 -0.1056 0.9880
vn 0.1322 -0.1163 0.9844
vn -0.4699 -0.0811 -0.8790
vn -0.4699 -0.0810 -0.8790
vn 0.3976 -0.8141 -0.4233
vn 0.3977 -0.8140 -0.4233
vn -0.6726 0.6657 -0.3230
vn -0.6726 0.6657 -0.3231
vn -0.9412 0.1065 -0.3206
vn 0.8512 -0.1377 -0.5064
vn -0.2586 0.9264 -0.2736
vn -0.2586 0.9265 -0.2735
vn -0.2586 0.9264 -0.2735
vn 0.3449 0.8812 -0.3233
vn 0.3449 0.8812 -0.3234
vn 0.9013 0.0988 -0.4218
vn 0.9013 0.0988 -0.4217
vn -0.1100 -0.8991 -0.4237
vn -0.1100 -0.8991 -0.4236
vn -0.9291 -0.1580 -0.3343
vn -0.8985 0.2410 -0.3668
vn -0.8996 0.2434 -0.3626
vn -0.8976 0.2395 -0.3700
vn -0.9006 0.2452 -0.3589
vn -0.6218 0.7815 -0.0515
vn 0.5104 0.8588 0.0454
vn 0.5103 0.8588 0.0454
vn -0.1556 0.4353 -0.8867
vn -0.1556 0.4353 -0.8868
vn -0.9418 -0.1664 -0.2921
vn -0.9418 -0.1664 -0.2922
vn 0.9663 0.1801 -0.1838
vn -0.2018 0.9793 -0.0164
vn 0.4711 -0.1269 -0.8729
vn 0.4714 -0.1271 -0.8727
vn 0.4713 -0.1270 -0.8728
vn 0.4713 -0.1271 -0.8727
vn 0.2169 -0.4764 -0.8521
vn 0.2170 -0.4764 -0.8521
vn -0.4497 -0.0081 -0.8932
vn -0.4494 -0.0079 -0.8933
vn -0.4493 -0.0079 -0.8933
vn 0.4522 -0.8718 -0.1884
vn 0.4521 -0.8718 -0.1884
vn 0.4521 -0.8718 -0.1885
vn -0.9731 0.2233 -0.0567
vn -0.1041 -0.9940 0.0341
vn -0.1037 -0.9940 0.0342
vn -0.1036 -0.9940 0.0343
vn 0.9937 -0.0992 0.0514
vn -0.3645 0.2392 -0.9000
vn -0.3644 0.2392 -0.9000
vn 0.4994 -0.0637 -0.8640
vn -0.0841 -0.4357 -0.8962
vn -0.0841 -0.4356 -0.8962
vn 0.4297 -0.9014 0.0539
vn 0.4322 -0.9002 0.0528
vn 0.4321 -0.9002 0.0545
vn 0.4298 -0.9014 0.0530
vn -0.9566 0.2896 -0.0309
vn -0.9568 0.2890 -0.0302
vn -0.9567 0.2894 -0.0304
vn -0.9565 0.2902 -0.0313
vn -0.9814 -0.1805 0.0649
vn -0.9815 -0.1801 0.0644
vn -0.9814 -0.1807 0.0650
vn -0.9813 -0.1808 0.0660
vn 0.6452 0.7603 -0.0760
vn 0.6458 0.7598 -0.0754
vn 0.6463 0.7594 -0.0748
vn 0.6444 0.7608 -0.0768
vn -0.0789 -0.9941 0.0744
vn -0.0766 -0.9943 0.0747
vn -0.0768 -0.9942 0.0750
vn -0.0790 -0.9941 0.0746
vn 0.9379 0.3394 -0.0713
vn 0.9372 0.3412 -0.0726
vn 0.9368 0.3420 -0.0733
vn 0.9382 0.3388 -0.0711
vn -0.6934 0.7095 -0.1257
vn -0.6935 0.7095 -0.1254
vn -0.6930 0.7099 -0.1258
vn -0.6931 0.7099 -0.1254
vn 0.9906 -0.1366 0.0035
vn 0.9907 -0.1363 0.0034
vn 0.9906 -0.1364 0.0045
vn 0.9907 -0.1363 0.0031
vn -0.0814 0.9631 -0.2565
vn -0.0821 0.9630 -0.2566
vn -0.0823 0.9631 -0.2563
vn -0.0817 0.9632 -0.2561
vn 0.9499 0.2961 0.1006
vn 0.9499 0.2960 0.1005
vn 0.9320 0.3126 0.1836
vn 0.9321 0.3123 0.1833
vn 0.9320 0.3125 0.1835
vn 0.9319 0.3128 0.1838
vn 0.9231 0.3265 0.2034
vn 0.9251 0.3224 0.2007
vn 0.9241 0.3243 0.2022
vn 0.9219 0.3289 0.2049
vn 0.0863 0.9796 0.1813
vn 0.0883 0.9797 0.1801
vn 0.0869 0.9797 0.1809
vn 0.0847 0.9796 0.1822
vn -0.0329 -0.9666 -0.2543
vn -0.0379 -0.9617 -0.2715
vn -0.0432 -0.9560 -0.2901
vn -0.0278 -0.9710 -0.2373
vn 0.9432 0.3187 -0.0936
vn 0.3435 -0.9365 -0.0711
vn 0.3448 -0.9362 -0.0683
vn 0.3424 -0.9368 -0.0719
vn 0.3414 -0.9370 -0.0740
vn -0.9676 0.2524 -0.0049
vn -0.9677 0.2522 -0.0048
vn -0.9677 0.2519 -0.0044
vn -0.9675 0.2527 -0.0052
vn -0.9720 -0.2189 -0.0855
vn -0.9718 -0.2203 -0.0844
vn -0.9719 -0.2194 -0.0851
vn -0.9722 -0.2178 -0.0857
vn 0.1684 0.9748 0.1464
vn 0.1894 0.9721 0.1382
vn 0.1819 0.9731 0.1414
vn 0.1641 0.9753 0.1482
vn -0.0211 -0.9991 -0.0368
vn -0.0205 -0.9991 -0.0370
vn -0.0216 -0.9991 -0.0359
vn -0.0201 -0.9991 -0.0379
vn -0.7468 0.6620 0.0631
vn -0.7450 0.6640 0.0632
vn -0.7455 0.6636 0.0624
vn -0.7472 0.6617 0.0627
vn 0.5699 0.7920 0.2191
vn 0.5715 0.7911 0.2178
vn 0.5708 0.7915 0.2185
vn 0.5691 0.7924 0.2196
vn 0.3199 0.9240 0.2097
vn 0.3172 0.9235 0.2155
vn 0.3192 0.9235 0.2129
vn 0.3243 0.9237 0.2039
vn -0.9692 -0.2437 0.0351
vn -0.9694 -0.2427 0.0370
vn -0.9690 -0.2448 0.0335
vn -0.9696 -0.2417 0.0386
vn 0.5636 0.8035 0.1917
vn 0.5637 0.8035 0.1917
vn 0.2294 0.9694 -0.0872
vn 0.2299 0.9694 -0.0861
vn 0.2265 0.9696 -0.0928
vn 0.2331 0.9692 -0.0797
vn 0.9531 -0.2723 -0.1319
vn 0.9531 -0.2723 -0.1320
vn -0.5743 0.7548 -0.3169
vn -0.5742 0.7545 -0.3178
vn -0.5771 0.7490 -0.3254
vn -0.5721 0.7594 -0.3098
vn 0.3164 -0.9171 -0.2423
vn 0.3161 -0.9169 -0.2435
vn 0.3159 -0.9168 -0.2443
vn 0.3167 -0.9173 -0.2415
vn -0.5123 0.8570 0.0557
vn -0.5560 0.8302 0.0390
vn -0.5642 0.8246 0.0404
vn -0.5045 0.8618 0.0529
vn 0.9333 -0.3576 0.0310
vn 0.9330 -0.3587 0.0291
vn 0.9334 -0.3574 0.0314
vn 0.9337 -0.3564 0.0331
vn -0.9756 0.1957 -0.0993
vn -0.9770 0.1832 -0.1088
vn -0.9781 0.1724 -0.1166
vn -0.9741 0.2074 -0.0905
vn 0.0094 -0.9739 -0.2267
vn 0.0487 -0.9691 -0.2419
vn 0.0690 -0.9659 -0.2496
vn -0.0215 -0.9767 -0.2137
vn 0.4810 0.8753 0.0497
vn 0.4788 0.8761 0.0569
vn 0.4856 0.8732 0.0421
vn 0.4756 0.8772 0.0655
vn 0.6004 0.7877 0.1382
vn 0.6113 0.7808 0.1292
vn 0.6051 0.7847 0.1344
vn 0.5956 0.7906 0.1422
vn -0.9618 -0.2265 -0.1538
vn -0.9671 -0.1899 -0.1690
vn -0.9644 -0.2094 -0.1617
vn -0.9587 -0.2439 -0.1467
vn -0.5284 0.1505 -0.8356
vn -0.5468 0.1344 -0.8264
vn -0.5490 0.1341 -0.8250
vn -0.5226 0.1483 -0.8396
vn 0.3924 -0.9125 -0.1156
vn 0.3927 -0.9121 -0.1175
vn 0.3952 -0.9108 -0.1191
vn 0.3876 -0.9150 -0.1120
vn -0.8272 -0.0572 -0.5590
vn -0.8028 -0.0411 -0.5948
vn -0.8273 -0.0711 -0.5572
vn -0.8079 -0.0069 -0.5893
vn -0.1699 -0.8217 -0.5440
vn -0.1780 -0.8220 -0.5409
vn -0.1804 -0.8218 -0.5405
vn -0.1679 -0.8221 -0.5440
vn -0.1742 -0.8556 -0.4874
vn -0.1758 -0.8577 -0.4831
vn -0.1806 -0.8603 -0.4767
vn -0.1679 -0.8533 -0.4937
vn 0.1873 -0.9099 -0.3701
vn 0.2003 -0.9128 -0.3559
vn 0.1867 -0.9101 -0.3700
vn 0.1687 -0.9103 -0.3781
vn 0.0214 -0.9695 -0.2442
vn 0.0219 -0.9694 -0.2447
vn 0.0136 -0.9722 -0.2337
vn 0.0300 -0.9664 -0.2553
vn 0.8886 -0.4570 0.0393
vn 0.8860 -0.4619 0.0395
vn 0.8850 -0.4639 0.0396
vn 0.8913 -0.4520 0.0361
vn -0.3321 -0.9194 -0.2105
vn -0.3507 -0.9137 -0.2053
vn -0.3514 -0.9130 -0.2074
vn -0.3309 -0.9206 -0.2072
vn 0.3300 -0.9024 -0.2771
vn 0.3299 -0.9024 -0.2771
vn 0.5999 -0.7774 -0.1890
vn 0.6018 -0.7768 -0.1856
vn 0.5989 -0.7779 -0.1904
vn 0.5978 -0.7780 -0.1931
vn 0.9609 -0.2450 0.1293
vn 0.9608 -0.2450 0.1293
vn 0.9608 -0.2451 0.1297
vn 0.9609 -0.2450 0.1290
vn -0.4281 -0.8941 -0.1313
vn -0.4311 -0.8929 -0.1303
vn -0.4320 -0.8922 -0.1316
vn -0.4288 -0.8935 -0.1335
vn 0.8291 -0.5584 0.0291
vn 0.8301 -0.5567 0.0302
vn 0.8293 -0.5580 0.0296
vn 0.8287 -0.5590 0.0285
vn 0.7097 -0.7025 -0.0535
vn 0.7078 -0.7046 -0.0510
vn 0.7124 -0.6994 -0.0581
vn 0.7067 -0.7060 -0.0461
vn 0.9682 -0.0866 0.2348
vn 0.9682 -0.0867 0.2349
vn 0.3124 -0.9370 -0.1563
vn 0.3336 -0.9328 -0.1362
vn 0.3160 -0.9364 -0.1529
vn 0.2943 -0.9399 -0.1729
vn 0.6715 0.7035 0.2328
vn 0.6705 0.7041 0.2339
vn 0.6708 0.7038 0.2338
vn 0.6722 0.7030 0.2323
vn 0.7708 0.6118 0.1775
vn 0.7711 0.6111 0.1787
vn 0.7719 0.6118 0.1730
vn 0.7702 0.6110 0.1830
vn 0.7510 0.6476 0.1285
vn 0.7513 0.6473 0.1288
vn 0.7520 0.6463 0.1296
vn 0.7505 0.6484 0.1278
vn 0.0506 -0.8708 0.4889
vn 0.0515 -0.8703 0.4898
vn 0.0443 -0.8740 0.4838
vn 0.0568 -0.8675 0.4942
vn 0.1996 -0.8510 0.4858
vn 0.2070 -0.8512 0.4822
vn 0.2156 -0.8508 0.4791
vn 0.1898 -0.8511 0.4896
vn -0.4102 -0.8102 0.4187
vn -0.4258 -0.8045 0.4140
vn -0.4240 -0.8058 0.4134
vn -0.4092 -0.8107 0.4188
vn 0.6421 -0.6198 0.4512
vn 0.6443 -0.6191 0.4490
vn 0.6416 -0.6119 0.4626
vn 0.6384 -0.6181 0.4588
vn 0.9058 -0.4157 0.0822
vn 0.9049 -0.4171 0.0843
vn 0.9070 -0.4137 0.0795
vn -0.4271 0.8909 -0.1545
vn -0.4265 0.8859 -0.1822
vn -0.4346 0.8896 -0.1406
vn -0.4213 0.8847 -0.1995
vn -0.9825 0.1615 -0.0927
vn -0.9767 0.1728 -0.1269
vn -0.9819 0.1622 -0.0975
vn -0.9759 0.1735 -0.1324
vn 0.4038 0.9101 -0.0930
vn 0.4149 0.9051 -0.0932
vn 0.4284 0.8986 -0.0948
vn 0.3923 0.9156 -0.0886
vn 0.1080 0.9899 0.0922
vn 0.1130 0.9911 0.0699
vn 0.0977 0.9884 0.1165
vn 0.1347 0.9904 0.0303
vn 0.7475 0.6470 0.1506
vn 0.7463 0.6478 0.1534
vn 0.7433 0.6470 0.1699
vn 0.7503 0.6477 0.1327
vn 0.2659 -0.9486 -0.1719
vn 0.2712 -0.9465 -0.1752
vn 0.2826 -0.9417 -0.1829
vn 0.2512 -0.9541 -0.1628
vn 0.0167 0.9994 -0.0293
vn 0.0233 0.9994 -0.0268
vn 0.0289 0.9993 -0.0247
vn 0.0113 0.9994 -0.0313
vn 0.3606 0.9196 -0.1561
vn 0.3492 0.9241 -0.1553
vn 0.3408 0.9276 -0.1532
vn 0.3657 0.9173 -0.1577
vn 0.0608 0.9711 -0.2308
vn 0.0630 0.9715 -0.2283
vn 0.0612 0.9705 -0.2330
vn 0.0631 0.9722 -0.2254
vn 0.5005 0.8433 0.1957
vn 0.4974 0.8426 0.2064
vn 0.4936 0.8416 0.2193
vn 0.5039 0.8440 0.1837
vn 0.0862 0.9691 0.2313
vn 0.0904 0.9669 0.2385
vn 0.0867 0.9698 0.2279
vn 0.0899 0.9661 0.2419
vn 0.1351 0.7739 -0.6188
vn 0.1414 0.7775 -0.6128
vn 0.1411 0.7737 -0.6177
vn 0.1366 0.7783 -0.6129
vn 0.1896 0.9575 -0.2172
vn 0.1885 0.9592 -0.2109
vn 0.1913 0.9562 -0.2215
vn 0.1874 0.9596 -0.2101
vn -0.4104 0.1434 -0.9006
vn -0.3899 0.1201 -0.9130
vn -0.4221 0.1399 -0.8957
vn -0.3874 0.1220 -0.9138
vn 0.2291 0.3429 -0.9110
vn 0.0341 -0.0004 0.9994
vn 0.0384 0.0027 0.9993
vn 0.0347 0.0001 0.9994
vn 0.0307 -0.0027 0.9995
vn 0.0002 0.0071 1.0000
vn -0.0027 0.0061 1.0000
vn 0.0061 0.0091 0.9999
vn -0.0079 0.0044 1.0000
vn 0.0031 0.0063 1.0000
vn 0.0034 0.0060 1.0000
vn 0.0053 0.0041 1.0000
vn 0.0012 0.0082 1.0000
vn -0.0133 0.0037 0.9999
vn -0.0127 0.0041 0.9999
vn -0.0142 0.0032 0.9999
vn -0.0117 0.0048 0.9999
vn -0.2843 -0.9586 0.0189
vn -0.2848 -0.9584 0.0200
vn -0.2797 -0.9600 0.0115
vn -0.2892 -0.9569 0.0273
vn 0.7652 0.6437 -0.0103
vn -0.1480 0.9747 0.1677
vn -0.1477 0.9748 0.1674
vn -0.1478 0.9747 0.1675
vn -0.6184 0.7844 -0.0481
vn 0.9094 -0.1935 -0.3683
vn 0.9103 -0.1970 -0.3642
vn 0.9084 -0.1908 -0.3721
vn 0.9111 -0.1993 -0.3607
vn 0.0744 -0.9962 0.0447
vn 0.0743 -0.9962 0.0444
vn 0.0795 -0.9961 0.0385
vn 0.0696 -0.9963 0.0505
vn 0.9745 0.2241 -0.0088
vn 0.9744 0.2247 -0.0080
vn 0.9743 0.2254 -0.0067
vn 0.9746 0.2235 -0.0099
vn -0.9915 -0.1132 -0.0643
vn -0.9915 -0.1131 -0.0643
vn -0.9915 -0.1130 -0.0644
vn 0.0918 -0.9815 -0.1680
vn 0.0918 -0.9815 -0.1679
vn 0.9529 0.1513 -0.2629
vn 0.2265 0.9493 -0.2178
vn 0.2266 0.9493 -0.2179
vn -0.4179 0.8933 -0.1656
vn -0.4180 0.8932 -0.1656
vn 0.6502 0.7149 -0.2573
vn -0.4782 -0.8772 0.0435
vn -0.4771 -0.8778 0.0429
vn -0.4763 -0.8782 0.0424
vn -0.4788 -0.8768 0.0439
vn -0.9674 0.2452 0.0637
vn -0.9674 0.2451 0.0637
vn 0.9859 -0.1634 -0.0372
vn 0.9858 -0.1638 -0.0370
vn 0.9858 -0.1639 -0.0370
vn 0.9859 -0.1633 -0.0373
vn -0.9349 -0.0706 0.3479
vn -0.9348 -0.0706 0.3480
vn -0.9349 -0.0706 0.3480
vn 0.1185 -0.9553 0.2708
vn 0.1185 -0.9553 0.2709
vn 0.9753 0.1727 0.1377
vn 0.2401 0.9543 0.1782
vn -0.3445 0.8914 0.2945
vn -0.3445 0.8914 0.2944
vn 0.6666 0.7339 0.1307
vn 0.6664 0.7341 0.1303
vn 0.6666 0.7339 0.1305
vn 0.9507 -0.1701 -0.2592
vn 0.9507 -0.1702 -0.2592
vn -0.9754 0.2034 -0.0855
vn -0.9753 0.2037 -0.0858
vn -0.9753 0.2035 -0.0857
vn -0.4692 -0.8806 -0.0664
vn -0.4691 -0.8806 -0.0665
vn -0.9768 -0.1221 -0.1759
vn -0.9768 -0.1223 -0.1758
vn -0.9768 -0.1222 -0.1758
vn 0.0872 -0.9573 -0.2757
vn 0.9515 0.1231 -0.2819
vn -0.4442 -0.8434 0.3022
vn 0.2404 0.9344 -0.2630
vn -0.9080 0.2271 0.3522
vn -0.9079 0.2271 0.3522
vn 0.9760 -0.1343 0.1715
vn 0.9760 -0.1343 0.1714
vn 0.9760 -0.1344 0.1713
vn 0.9760 -0.1344 0.1714
vn -0.3504 0.9079 -0.2299
vn 0.6637 0.6911 -0.2861
vn -0.0124 0.1565 0.9876
vn -0.0102 0.1535 0.9881
vn -0.0109 0.1544 0.9879
vn -0.0133 0.1579 0.9874
vn -0.0997 -0.1350 0.9858
vn -0.1180 -0.1076 0.9872
vn -0.0195 -0.1709 0.9851
vn -0.0178 -0.1686 0.9855
vn -0.0152 -0.1651 0.9862
vn -0.0214 -0.1733 0.9846
vn -0.0341 0.1417 0.9893
vn -0.0339 0.1441 0.9890
vn -0.0338 0.1450 0.9889
vn -0.0341 0.1405 0.9895
vn -0.1035 -0.0337 0.9941
vn -0.1180 -0.0354 0.9924
vn -0.0987 -0.0333 0.9946
vn -0.1217 -0.0354 0.9919
vn -0.0514 0.1234 0.9910
vn -0.0590 0.1279 0.9900
vn -0.0580 0.1272 0.9902
vn -0.0497 0.1225 0.9912
vn -0.0950 -0.1171 0.9886
vn -0.1018 -0.1237 0.9871
vn -0.1035 -0.1251 0.9867
vn -0.0937 -0.1155 0.9889
vn -0.0261 -0.1571 0.9872
vn -0.0212 -0.1408 0.9898
vn -0.0202 -0.1372 0.9903
vn -0.0269 -0.1595 0.9868
vn -0.0085 0.1380 0.9904
vn -0.0083 0.1388 0.9903
vn -0.0083 0.1390 0.9903
vn -0.0086 0.1377 0.9904
vn -0.1293 -0.1141 0.9850
vn -0.1164 -0.1070 0.9874
vn -0.1324 -0.1157 0.9844
vn -0.1128 -0.1052 0.9880
vn 0.4699 -0.0817 -0.8790
vn 0.4698 -0.0816 -0.8790
vn -0.3994 -0.8130 -0.4238
vn -0.3993 -0.8130 -0.4238
vn 0.6741 0.6644 -0.3227
vn 0.6741 0.6644 -0.3226
vn 0.9415 0.1046 -0.3204
vn -0.8514 -0.1356 -0.5066
vn 0.2606 0.9260 -0.2731
vn 0.2607 0.9260 -0.2731
vn -0.3429 0.8821 -0.3230
vn -0.3430 0.8821 -0.3230
vn -0.9010 0.1010 -0.4219
vn -0.9010 0.1010 -0.4218
vn 0.1081 -0.8991 -0.4241
vn 0.1081 -0.8992 -0.4241
vn 0.9288 -0.1598 -0.3342
vn 0.8992 0.2390 -0.3665
vn 0.9003 0.2413 -0.3624
vn 0.9012 0.2431 -0.3587
vn 0.8983 0.2375 -0.3696
vn 0.6235 0.7802 -0.0510
vn -0.5085 0.8599 0.0457
vn 0.1567 0.4353 -0.8865
vn 0.1567 0.4354 -0.8865
vn 0.9415 -0.1683 -0.2921
vn 0.9415 -0.1683 -0.2920
vn -0.9659 0.1827 -0.1835
vn 0.2039 0.9789 -0.0159
vn 0.2040 0.9789 -0.0159
vn -0.4715 -0.1256 -0.8729
vn -0.2178 -0.4755 -0.8523
vn 0.4494 -0.0084 -0.8933
vn 0.4495 -0.0084 -0.8933
vn -0.4540 -0.8707 -0.1889
vn 0.9736 0.2212 -0.0565
vn 0.1016 -0.9943 0.0338
vn 0.1019 -0.9942 0.0336
vn 0.1020 -0.9942 0.0336
vn 0.1015 -0.9943 0.0338
vn -0.9940 -0.0970 0.0511
vn -0.9940 -0.0970 0.0512
vn -0.9940 -0.0971 0.0512
vn 0.3651 0.2388 -0.8998
vn -0.4994 -0.0622 -0.8641
vn 0.0833 -0.4354 -0.8964
vn -0.4317 -0.9005 0.0533
vn -0.4342 -0.8993 0.0523
vn -0.4318 -0.9004 0.0525
vn -0.4340 -0.8993 0.0540
vn 0.9573 0.2875 -0.0306
vn 0.9574 0.2873 -0.0301
vn 0.9575 0.2870 -0.0299
vn 0.9571 0.2881 -0.0310
vn 0.9810 -0.1827 0.0650
vn 0.9810 -0.1829 0.0651
vn 0.9811 -0.1823 0.0644
vn 0.9809 -0.1829 0.0661
vn -0.6435 0.7617 -0.0758
vn -0.6441 0.7612 -0.0752
vn -0.6427 0.7623 -0.0765
vn -0.6446 0.7609 -0.0745
vn 0.0766 -0.9943 0.0740
vn 0.0746 -0.9944 0.0745
vn 0.0744 -0.9945 0.0742
vn 0.0768 -0.9943 0.0741
vn -0.9372 0.3415 -0.0713
vn -0.9365 0.3429 -0.0732
vn -0.9374 0.3409 -0.0710
vn -0.9361 0.3440 -0.0733
vn 0.6950 0.7080 -0.1253
vn 0.6945 0.7085 -0.1254
vn 0.6950 0.7080 -0.1249
vn 0.6946 0.7084 -0.1249
vn -0.9909 -0.1345 0.0033
vn -0.9910 -0.1341 0.0032
vn -0.9910 -0.1341 0.0028
vn -0.9909 -0.1343 0.0043
vn 0.0835 0.9631 -0.2560
vn 0.0844 0.9630 -0.2558
vn 0.0843 0.9630 -0.2561
vn 0.0838 0.9631 -0.2556
vn -0.9493 0.2980 0.1000
vn -0.9492 0.2982 0.1003
vn -0.9313 0.3147 0.1833
vn -0.9314 0.3146 0.1831
vn -0.9315 0.3144 0.1830
vn -0.9312 0.3149 0.1835
vn -0.9225 0.3284 0.2030
vn -0.9234 0.3264 0.2018
vn -0.9244 0.3245 0.2004
vn -0.9213 0.3307 0.2044
vn -0.0842 0.9799 0.1808
vn -0.0848 0.9799 0.1804
vn -0.0862 0.9799 0.1796
vn -0.0826 0.9799 0.1817
vn 0.0361 -0.9620 -0.2708
vn 0.0311 -0.9668 -0.2538
vn 0.0414 -0.9564 -0.2892
vn 0.0261 -0.9712 -0.2369
vn -0.9425 0.3207 -0.0939
vn -0.3456 -0.9357 -0.0707
vn -0.3445 -0.9361 -0.0715
vn -0.3469 -0.9355 -0.0679
vn -0.3435 -0.9363 -0.0736
vn 0.9682 0.2500 -0.0046
vn 0.9682 0.2503 -0.0048
vn 0.9683 0.2498 -0.0043
vn 0.9681 0.2507 -0.0051
vn 0.9715 -0.2212 -0.0851
vn 0.9715 -0.2216 -0.0848
vn 0.9713 -0.2225 -0.0841
vn 0.9718 -0.2200 -0.0854
vn -0.1671 0.9751 0.1456
vn -0.1801 0.9735 0.1407
vn -0.1875 0.9726 0.1377
vn -0.1628 0.9756 0.1474
vn 0.0189 -0.9992 -0.0363
vn 0.0183 -0.9992 -0.0365
vn 0.0179 -0.9991 -0.0374
vn 0.0194 -0.9992 -0.0354
vn 0.7482 0.6604 0.0629
vn 0.7470 0.6620 0.0623
vn 0.7465 0.6624 0.0630
vn 0.7486 0.6601 0.0626
vn -0.5682 0.7933 0.2186
vn -0.5691 0.7928 0.2180
vn -0.5698 0.7925 0.2174
vn -0.5674 0.7937 0.2191
vn -0.3163 0.9240 0.2150
vn -0.3192 0.9244 0.2090
vn -0.3183 0.9239 0.2124
vn -0.3236 0.9241 0.2032
vn 0.9689 -0.2448 0.0374
vn 0.9687 -0.2458 0.0355
vn 0.9685 -0.2469 0.0338
vn 0.9690 -0.2438 0.0389
vn -0.5619 0.8048 0.1912
vn -0.2273 0.9699 -0.0877
vn -0.2278 0.9698 -0.0867
vn -0.2310 0.9696 -0.0805
vn -0.2245 0.9700 -0.0933
vn -0.9537 -0.2703 -0.1321
vn -0.9537 -0.2703 -0.1320
vn 0.5759 0.7535 -0.3171
vn 0.5759 0.7532 -0.3180
vn 0.5738 0.7580 -0.3101
vn 0.5788 0.7477 -0.3256
vn -0.3181 -0.9163 -0.2432
vn -0.3184 -0.9166 -0.2420
vn -0.3178 -0.9162 -0.2440
vn -0.3186 -0.9167 -0.2412
vn 0.5139 0.8561 0.0553
vn 0.5569 0.8297 0.0389
vn 0.5062 0.8608 0.0526
vn 0.5649 0.8242 0.0401
vn -0.9342 -0.3554 0.0314
vn -0.9342 -0.3555 0.0312
vn -0.9338 -0.3567 0.0291
vn -0.9345 -0.3544 0.0330
vn 0.9760 0.1939 -0.0989
vn 0.9774 0.1817 -0.1081
vn 0.9745 0.2053 -0.0903
vn 0.9784 0.1713 -0.1156
vn -0.0105 -0.9741 -0.2259
vn -0.0489 -0.9694 -0.2407
vn 0.0198 -0.9768 -0.2131
vn -0.0687 -0.9662 -0.2483
vn -0.4803 0.8757 0.0491
vn -0.4848 0.8736 0.0417
vn -0.4781 0.8765 0.0564
vn -0.4749 0.8777 0.0648
vn -0.5989 0.7889 0.1376
vn -0.6035 0.7861 0.1339
vn -0.6096 0.7822 0.1288
vn -0.5942 0.7918 0.1415
vn 0.9617 -0.2273 -0.1532
vn 0.9642 -0.2108 -0.1609
vn 0.9669 -0.1920 -0.1680
vn 0.9586 -0.2442 -0.1463
vn 0.5273 0.1501 -0.8363
vn 0.5469 0.1347 -0.8263
vn 0.5449 0.1353 -0.8275
vn 0.5217 0.1480 -0.8402
vn -0.3942 -0.9115 -0.1173
vn -0.3938 -0.9120 -0.1153
vn -0.3967 -0.9102 -0.1189
vn -0.3889 -0.9145 -0.1116
vn 0.8031 -0.0415 -0.5944
vn 0.8268 -0.0573 -0.5596
vn 0.8270 -0.0712 -0.5577
vn 0.8082 -0.0077 -0.5888
vn 0.1728 -0.8213 -0.5437
vn 0.1807 -0.8216 -0.5407
vn 0.1709 -0.8217 -0.5437
vn 0.1831 -0.8214 -0.5402
vn 0.1745 -0.8557 -0.4872
vn 0.1761 -0.8578 -0.4829
vn 0.1683 -0.8534 -0.4934
vn 0.1809 -0.8603 -0.4766
vn -0.1867 -0.9101 -0.3699
vn -0.1862 -0.9103 -0.3697
vn -0.1998 -0.9130 -0.3557
vn -0.1680 -0.9105 -0.3779
vn -0.0208 -0.9695 -0.2440
vn -0.0213 -0.9694 -0.2445
vn -0.0293 -0.9665 -0.2551
vn -0.0131 -0.9722 -0.2337
vn -0.8870 -0.4600 0.0395
vn -0.8896 -0.4551 0.0393
vn -0.8860 -0.4620 0.0396
vn -0.8922 -0.4502 0.0361
vn 0.3357 -0.9182 -0.2102
vn 0.3536 -0.9126 -0.2053
vn 0.3347 -0.9193 -0.2072
vn 0.3541 -0.9120 -0.2072
vn -0.3521 -0.9008 -0.2540
vn -0.3505 -0.9010 -0.2557
vn -0.3714 -0.8985 -0.2342
vn -0.3294 -0.9027 -0.2768
vn -0.6009 -0.7767 -0.1887
vn -0.5999 -0.7772 -0.1901
vn -0.6029 -0.7760 -0.1852
vn -0.5986 -0.7774 -0.1930
vn -0.9614 -0.2429 0.1293
vn -0.9614 -0.2429 0.1291
vn -0.9615 -0.2428 0.1288
vn -0.9613 -0.2430 0.1296
vn 0.4309 -0.8928 -0.1312
vn 0.4347 -0.8909 -0.1315
vn 0.4338 -0.8916 -0.1302
vn 0.4315 -0.8922 -0.1334
vn -0.8302 -0.5568 0.0292
vn -0.8304 -0.5564 0.0297
vn -0.8312 -0.5551 0.0303
vn -0.8297 -0.5575 0.0286
vn -0.7103 -0.7019 -0.0531
vn -0.7132 -0.6986 -0.0580
vn -0.7085 -0.7039 -0.0507
vn -0.7072 -0.7055 -0.0457
vn -0.9684 -0.0844 0.2347
vn -0.9684 -0.0844 0.2346
vn -0.9684 -0.0845 0.2347
vn -0.3117 -0.9373 -0.1560
vn -0.3153 -0.9367 -0.1526
vn -0.3329 -0.9331 -0.1358
vn -0.2937 -0.9402 -0.1726
vn -0.6693 0.7053 0.2335
vn -0.6704 0.7047 0.2323
vn -0.6697 0.7050 0.2334
vn -0.6711 0.7042 0.2317
vn -0.7704 0.6122 0.1780
vn -0.7701 0.6128 0.1769
vn -0.7711 0.6129 0.1725
vn -0.7696 0.6120 0.1822
vn -0.7501 0.6489 0.1279
vn -0.7503 0.6485 0.1283
vn -0.7495 0.6496 0.1273
vn -0.7510 0.6476 0.1290
vn -0.0497 -0.8707 0.4893
vn -0.0505 -0.8702 0.4901
vn -0.0559 -0.8674 0.4945
vn -0.0434 -0.8739 0.4842
vn -0.2060 -0.8512 0.4827
vn -0.1986 -0.8510 0.4862
vn -0.2146 -0.8509 0.4796
vn -0.1887 -0.8510 0.4901
vn 0.4286 -0.8034 0.4133
vn 0.4129 -0.8091 0.4183
vn 0.4267 -0.8047 0.4128
vn 0.4116 -0.8096 0.4185
vn -0.6420 -0.6191 0.4522
vn -0.6413 -0.6116 0.4633
vn -0.6443 -0.6181 0.4504
vn -0.6381 -0.6182 0.4591
vn -0.9066 -0.4140 0.0822
vn -0.9078 -0.4119 0.0795
vn -0.9057 -0.4154 0.0843
vn 0.4278 0.8905 -0.1548
vn 0.4268 0.8856 -0.1830
vn 0.4214 0.8846 -0.1998
vn 0.4352 0.8891 -0.1415
vn 0.9771 0.1717 -0.1259
vn 0.9821 0.1614 -0.0975
vn 0.9763 0.1723 -0.1312
vn 0.9826 0.1608 -0.0928
vn -0.4039 0.9100 -0.0936
vn -0.4148 0.9051 -0.0939
vn -0.3928 0.9153 -0.0892
vn -0.4278 0.8988 -0.0955
vn -0.1084 0.9899 0.0915
vn -0.1138 0.9911 0.0688
vn -0.1352 0.9904 0.0299
vn -0.0980 0.9885 0.1153
vn -0.7471 0.6476 0.1501
vn -0.7459 0.6483 0.1526
vn -0.7498 0.6482 0.1326
vn -0.7430 0.6477 0.1689
vn -0.2677 -0.9481 -0.1715
vn -0.2730 -0.9460 -0.1747
vn -0.2533 -0.9537 -0.1625
vn -0.2842 -0.9413 -0.1823
vn -0.0171 0.9994 -0.0297
vn -0.0236 0.9994 -0.0272
vn -0.0117 0.9994 -0.0317
vn -0.0292 0.9993 -0.0251
vn -0.3498 0.9238 -0.1558
vn -0.3611 0.9193 -0.1566
vn -0.3415 0.9272 -0.1537
vn -0.3662 0.9170 -0.1582
vn -0.0642 0.9709 -0.2308
vn -0.0663 0.9713 -0.2284
vn -0.0664 0.9720 -0.2254
vn -0.0646 0.9703 -0.2330
vn -0.5009 0.8432 0.1952
vn -0.4977 0.8425 0.2060
vn -0.5042 0.8439 0.1831
vn -0.4941 0.8416 0.2182
vn -0.0864 0.9691 0.2310
vn -0.0869 0.9699 0.2276
vn -0.0906 0.9670 0.2381
vn -0.0901 0.9662 0.2415
vn -0.1454 0.7764 -0.6133
vn -0.1392 0.7729 -0.6191
vn -0.1461 0.7731 -0.6173
vn -0.1401 0.7769 -0.6138
vn -0.1893 0.9589 -0.2114
vn -0.1903 0.9573 -0.2176
vn -0.1920 0.9560 -0.2218
vn -0.1881 0.9593 -0.2107
vn 0.4094 0.1424 -0.9011
vn 0.3883 0.1208 -0.9136
vn 0.3860 0.1223 -0.9144
vn 0.4209 0.1393 -0.8963
vn -0.2282 0.3438 -0.9109
usemtl Brown2
s off
f 929/929/698 930/930/698 931/931/698
f 931/931/699 930/930/699 932/932/699
f 933/933/700 934/934/700 935/935/700
f 934/934/701 933/933/701 936/936/701
f 937/937/702 938/938/702 939/939/702
f 965/940/703 966/941/703 967/942/703
f 966/941/704 965/940/704 968/943/704
f 1032/944/705 1033/945/705 1034/946/705
f 1033/945/705 1032/944/705 1035/947/705
f 1056/948/706 1057/949/706 1058/950/706
f 1057/949/706 1056/948/706 1059/951/706
f 1072/952/707 1073/953/707 1074/954/707
f 1095/955/708 1096/956/708 1097/957/708
f 1097/957/709 1098/958/709 1095/955/709
f 1100/959/710 1099/960/710 1102/961/710
f 1104/962/711 1103/963/711 1106/964/711
f 1131/965/712 1132/966/712 1133/967/712
f 1132/966/712 1131/965/712 1134/968/712
f 1135/969/713 1136/970/713 1137/971/713
f 1198/972/714 1199/973/714 1200/974/714
f 1200/974/714 1201/975/714 1198/972/714
f 1222/976/715 1223/977/715 1224/978/715
f 1223/977/715 1222/976/715 1225/979/715
f 1238/980/716 1239/981/716 1240/982/716
s 1
f 940/983/717 937/937/717 939/939/717
f 941/984/718 942/985/719 943/986/720
f 942/985/719 941/984/718 944/987/721
f 945/988/722 946/989/723 947/990/724
f 946/989/723 945/988/722 948/991/725
f 949/992/726 950/993/727 951/994/726
f 950/993/727 949/992/726 952/995/726
f 953/996/728 954/997/729 955/998/730
f 954/997/729 953/996/728 956/999/731
f 957/1000/732 958/1001/733 959/1002/734
f 958/1001/733 957/1000/732 960/1003/735
f 961/1004/736 962/1005/737 963/1006/738
f 964/1007/739 963/1006/738 962/1005/737
f 969/1008/740 970/1009/740 971/1010/740
f 972/1011/741 973/1012/742 974/1013/743
f 973/1012/742 972/1011/741 975/1014/744
f 976/1015/745 977/1016/746 978/1017/747
f 979/1018/748 978/1017/747 977/1016/746
f 980/1019/749 981/1020/750 982/1021/751
f 981/1020/750 980/1019/749 983/1022/752
f 984/1023/753 985/1024/754 986/1025/755
f 987/1026/756 985/1024/754 984/1023/753
f 988/1027/757 989/1028/758 990/1029/759
f 989/1028/758 988/1027/757 991/1030/760
f 992/1031/761 993/1032/762 994/1033/763
f 993/1032/762 992/1031/761 995/1034/764
f 996/1035/765 997/1036/766 998/1037/767
f 997/1036/766 996/1035/765 999/1038/768
f 1000/1039/769 1001/1040/770 1002/1041/771
f 1003/1042/772 1000/1039/769 1002/1041/771
f 1004/1043/773 1005/1044/774 1006/1045/775
f 1005/1044/774 1004/1043/773 1007/1046/776
f 1008/1047/777 1009/1048/778 1010/1049/779
f 1009/1048/778 1008/1047/777 1011/1050/780
f 1012/1051/781 1013/1052/782 1014/1053/783
f 1015/1054/784 1014/1053/783 1013/1052/782
f 1016/1055/785 1017/1056/786 1018/1057/787
f 1017/1056/786 1016/1055/785 1019/1058/788
f 1020/1059/789 1021/1060/790 1022/1061/791
f 1023/1062/792 1021/1060/790 1020/1059/789
f 1024/1063/793 1025/1064/794 1026/1065/795
f 1025/1064/794 1024/1063/793 1027/1066/796
f 1028/1067/797 1029/1068/798 1030/1069/799
f 1031/1070/800 1028/1067/797 1030/1069/799
f 1036/1071/801 1037/1072/802 1038/1073/803
f 1036/1071/801 1039/1074/804 1037/1072/802
f 1040/1075/805 1041/1076/806 1042/1077/807
f 1041/1076/806 1040/1075/805 1043/1078/808
f 1044/1079/809 1045/1080/810 1046/1081/811
f 1045/1080/810 1044/1079/809 1047/1082/812
f 1048/1083/813 1049/1084/814 1050/1085/815
f 1051/1086/816 1049/1084/814 1048/1083/813
f 1052/1087/817 1053/1088/818 1054/1089/819
f 1053/1088/818 1052/1087/817 1055/1090/820
f 1060/1091/821 1061/1092/822 1062/1093/823
f 1062/1093/823 1063/1094/824 1060/1091/821
f 1064/1095/825 1065/1096/826 1066/1097/827
f 1067/1098/828 1064/1095/825 1066/1097/827
f 1068/1099/829 1069/1100/830 1070/1101/831
f 1071/1102/832 1068/1099/829 1070/1101/831
f 1075/1103/833 1076/1104/834 1077/1105/835
f 1076/1104/834 1075/1103/833 1078/1106/836
f 1079/1107/837 1080/1108/838 1081/1109/839
f 1080/1108/838 1079/1107/837 1082/1110/840
f 1083/1111/841 1084/1112/842 1085/1113/843
f 1086/1114/844 1084/1112/842 1083/1111/841
f 1087/1115/845 1088/1116/846 1089/1117/847
f 1089/1117/847 1090/1118/848 1087/1115/845
f 1091/1119/849 1092/1120/850 1093/1121/851
f 1094/1122/852 1091/1119/849 1093/1121/851
f 1099/960/853 1100/959/853 1101/1123/853
f 1103/963/854 1104/962/854 1105/1124/854
f 1107/1125/855 1108/1126/856 1109/1127/857
f 1108/1126/856 1107/1125/855 1110/1128/858
f 1111/1129/859 1112/1130/860 1113/1131/859
f 1111/1129/859 1113/1131/859 1114/1132/861
f 1115/1133/862 1116/1134/863 1117/1135/864
f 1116/1134/863 1115/1133/862 1118/1136/864
f 1119/1137/865 1120/1138/866 1121/1139/867
f 1120/1138/866 1119/1137/865 1122/1140/868
f 1123/1141/869 1124/1142/870 1125/1143/871
f 1124/1142/870 1123/1141/869 1126/1144/872
f 1127/1145/873 1128/1146/874 1129/1147/875
f 1129/1147/875 1130/1148/876 1127/1145/873
f 1138/1149/877 1139/1150/877 1140/1151/878
f 1139/1150/877 1138/1149/877 1141/1152/879
f 1142/1153/880 1143/1154/881 1144/1155/882
f 1142/1153/880 1145/1156/883 1143/1154/881
f 1146/1157/884 1147/1158/885 1148/1159/886
f 1147/1158/885 1146/1157/884 1149/1160/887
f 1150/1161/888 1151/1162/889 1152/1163/890
f 1153/1164/891 1150/1161/888 1152/1163/890
f 1154/1165/892 1155/1166/893 1156/1167/894
f 1155/1166/893 1154/1165/892 1157/1168/895
f 1158/1169/896 1159/1170/897 1160/1171/898
f 1159/1170/897 1158/1169/896 1161/1172/899
f 1162/1173/900 1163/1174/901 1164/1175/902
f 1163/1174/901 1162/1173/900 1165/1176/903
f 1166/1177/904 1167/1178/905 1168/1179/906
f 1169/1180/907 1167/1178/905 1166/1177/904
f 1170/1181/908 1171/1182/909 1172/1183/910
f 1171/1182/909 1170/1181/908 1173/1184/911
f 1174/1185/912 1175/1186/913 1176/1187/914
f 1175/1186/913 1174/1185/912 1177/1188/915
f 1178/1189/916 1179/1190/917 1180/1191/918
f 1181/1192/919 1178/1189/916 1180/1191/918
f 1182/1193/920 1183/1194/921 1184/1195/922
f 1183/1194/921 1182/1193/920 1185/1196/923
f 1186/1197/924 1187/1198/925 1188/1199/926
f 1189/1200/927 1186/1197/924 1188/1199/926
f 1190/1201/928 1191/1202/929 1192/1203/930
f 1191/1202/929 1190/1201/928 1193/1204/931
f 1194/1205/932 1195/1206/933 1196/1207/934
f 1196/1207/934 1195/1206/933 1197/1208/935
f 1202/1209/936 1203/1210/937 1204/1211/938
f 1203/1210/937 1202/1209/936 1205/1212/939
f 1206/1213/940 1207/1214/941 1208/1215/942
f 1207/1214/941 1206/1213/940 1209/1216/943
f 1210/1217/944 1211/1218/945 1212/1219/946
f 1211/1218/945 1210/1217/944 1213/1220/947
f 1214/1221/948 1215/1222/949 1216/1223/950
f 1217/1224/951 1214/1221/948 1216/1223/950
f 1218/1225/952 1219/1226/953 1220/1227/954
f 1221/1228/955 1218/1225/952 1220/1227/954
f 1226/1229/956 1227/1230/957 1228/1231/958
f 1227/1230/957 1226/1229/956 1229/1232/959
f 1230/1233/960 1231/1234/961 1232/1235/962
f 1233/1236/963 1231/1234/961 1230/1233/960
f 1234/1237/964 1235/1238/965 1236/1239/966
f 1237/1240/967 1235/1238/965 1234/1237/964
f 1241/1241/968 1242/1242/969 1243/1243/970
f 1242/1242/969 1241/1241/968 1244/1244/971
f 1245/1245/972 1246/1246/973 1247/1247/974
f 1246/1246/973 1245/1245/972 1248/1248/975
f 1249/1249/976 1250/1250/977 1251/1251/978
f 1250/1250/977 1249/1249/976 1252/1252/979
f 1253/1253/980 1254/1254/981 1255/1255/982
f 1256/1256/983 1255/1255/982 1254/1254/981
f 1257/1257/984 1258/1258/985 1259/1259/986
f 1260/1260/987 1258/1258/985 1257/1257/984
usemtl Brown
s off
f 1261/1261/988 1262/1262/988 1263/1263/988
f 1262/1262/989 1261/1261/989 1264/1264/989
f 1273/1265/990 1274/1266/990 1275/1267/990
f 1274/1266/991 1273/1265/991 1276/1268/991
f 1277/1269/992 1278/1270/992 1279/1271/992
f 1284/1272/993 1285/1273/993 1286/1274/993
f 1291/1275/994 1292/1276/994 1293/1277/994
f 1291/1275/995 1293/1277/995 1294/1278/995
f 1431/1279/996 1432/1280/996 1433/1281/996
f 1434/1282/997 1433/1281/997 1432/1280/997
f 1439/1283/998 1440/1284/998 1441/1285/998
f 1442/1286/999 1441/1285/999 1440/1284/999
f 1443/1287/1000 1444/1288/1000 1445/1289/1000
f 1445/1289/1001 1446/1290/1001 1443/1287/1001
f 1447/1291/1002 1448/1292/1002 1449/1293/1002
f 1448/1292/1003 1447/1291/1003 1450/1294/1003
f 1452/1295/1004 1451/1296/1004 1454/1297/1004
f 1487/1298/1005 1488/1299/1005 1489/1300/1005
f 1490/1301/1006 1491/1302/1006 1492/1303/1006
f 1493/1304/1007 1494/1305/1007 1495/1306/1007
f 1496/1307/1008 1497/1308/1008 1498/1309/1008
f 1499/1310/1009 1500/1311/1009 1501/1312/1009
f 1502/1313/1010 1503/1314/1010 1504/1315/1010
f 1505/1316/1011 1506/1317/1011 1507/1318/1011
f 1508/1319/1012 1509/1320/1012 1510/1321/1012
f 1511/1322/1013 1512/1323/1013 1513/1324/1013
f 1574/1325/1014 1575/1326/1014 1576/1327/1014
f 1802/1328/1015 1803/1329/1016 1804/1330/1017
f 1826/1331/1018 1827/1332/1018 1828/1333/1019
f 1827/1332/1020 1826/1331/1020 1829/1334/1020
f 1930/1335/1021 1931/1336/1021 1932/1337/1021
f 1931/1336/1022 1930/1335/1022 1933/1338/1022
f 1942/1339/1023 1943/1340/1023 1944/1341/1023
f 1943/1340/1024 1942/1339/1024 1945/1342/1024
f 1946/1343/1025 1947/1344/1025 1948/1345/1025
f 1953/1346/1026 1954/1347/1026 1955/1348/1026
f 1960/1349/1027 1961/1350/1027 1962/1351/1027
f 1961/1350/1028 1960/1349/1028 1963/1352/1028
f 2100/1353/1029 2101/1354/1029 2102/1355/1029
f 2103/1356/1030 2100/1353/1030 2102/1355/1030
f 2108/1357/1031 2109/1358/1031 2110/1359/1031
f 2108/1357/1032 2111/1360/1032 2109/1358/1032
f 2112/1361/1033 2113/1362/1033 2114/1363/1033
f 2113/1362/1034 2112/1361/1034 2115/1364/1034
f 2117/1365/1035 2116/1366/1035 2119/1367/1035
f 2121/1368/1036 2120/1369/1036 2123/1370/1036
f 2156/1371/1037 2157/1372/1037 2158/1373/1037
f 2159/1374/1038 2160/1375/1038 2161/1376/1038
f 2162/1377/1039 2163/1378/1039 2164/1379/1039
f 2165/1380/1040 2166/1381/1040 2167/1382/1040
f 2168/1383/1041 2169/1384/1041 2170/1385/1041
f 2171/1386/1042 2172/1387/1042 2173/1388/1042
f 2174/1389/1043 2175/1390/1043 2176/1391/1043
f 2177/1392/1044 2178/1393/1044 2179/1394/1044
f 2180/1395/1045 2181/1396/1045 2182/1397/1045
f 2244/1398/1046 2243/1399/1046 2246/1400/1046
f 2495/1401/1047 2496/1402/1047 2497/1403/1047
f 2496/1402/1048 2495/1401/1048 2498/1404/1048
s 1
f 1265/1405/1049 1266/1406/1050 1267/1407/1051
f 1266/1406/1050 1265/1405/1049 1268/1408/1052
f 1269/1409/1053 1270/1410/1054 1271/1411/1055
f 1270/1410/1054 1269/1409/1053 1272/1412/1056
f 1280/1413/1057 1281/1414/1058 1282/1415/1059
f 1281/1414/1058 1280/1413/1057 1283/1416/1060
f 1287/1417/1061 1288/1418/1062 1289/1419/1063
f 1287/1417/1061 1289/1419/1063 1290/1420/1064
f 1295/1421/1065 1296/1422/1066 1297/1423/1067
f 1296/1422/1066 1295/1421/1065 1298/1424/1068
f 1299/1425/1069 1300/1426/1070 1301/1427/1069
f 1300/1426/1070 1299/1425/1069 1302/1428/1070
f 1303/1429/1071 1304/1430/1072 1305/1431/1073
f 1304/1430/1072 1303/1429/1071 1306/1432/1073
f 1307/1433/1074 1308/1434/1075 1309/1435/1074
f 1308/1434/1075 1307/1433/1074 1310/1436/1074
f 1311/1437/1076 1312/1438/1077 1313/1439/1078
f 1314/1440/1079 1313/1439/1078 1312/1438/1077
f 1315/1441/1080 1316/1442/1081 1317/1443/1082
f 1316/1442/1081 1315/1441/1080 1318/1444/1083
f 1319/1445/1084 1320/1446/1085 1321/1447/1086
f 1320/1446/1085 1319/1445/1084 1322/1448/1087
f 1323/1449/1088 1324/1450/1089 1325/1451/1090
f 1324/1450/1089 1323/1449/1088 1326/1452/1089
f 1327/1453/1091 1328/1454/1091 1329/1455/1091
f 1328/1454/1091 1327/1453/1091 1330/1456/1091
f 1331/1457/1092 1332/1458/1092 1333/1459/1092
f 1332/1458/1092 1331/1457/1092 1334/1460/1093
f 1335/1461/1094 1336/1462/1094 1337/1463/1095
f 1335/1461/1094 1338/1464/1095 1336/1462/1094
f 1339/1465/1096 1340/1466/1096 1341/1467/1096
f 1340/1466/1096 1339/1465/1096 1342/1468/1096
f 1343/1469/1097 1344/1470/1098 1345/1471/1097
f 1343/1469/1097 1346/1472/1097 1344/1470/1098
f 1347/1473/1099 1348/1474/1100 1349/1475/1101
f 1348/1474/1100 1347/1473/1099 1350/1476/1102
f 1351/1477/1103 1352/1478/1103 1353/1479/1103
f 1354/1480/1103 1352/1478/1103 1351/1477/1103
f 1355/1481/1104 1356/1482/1105 1357/1483/1106
f 1356/1482/1105 1355/1481/1104 1358/1484/1107
f 1359/1485/1108 1360/1486/1109 1361/1487/1108
f 1360/1486/1109 1359/1485/1108 1362/1488/1108
f 1363/1489/1110 1364/1490/1110 1365/1491/1110
f 1364/1490/1110 1363/1489/1110 1366/1492/1110
f 1367/1493/1111 1368/1494/1112 1369/1495/1113
f 1368/1494/1112 1367/1493/1111 1370/1496/1113
f 1371/1497/1114 1372/1498/1114 1373/1499/1114
f 1371/1497/1114 1374/1500/1114 1372/1498/1114
f 1375/1501/1115 1376/1502/1115 1377/1503/1115
f 1376/1502/1115 1375/1501/1115 1378/1504/1115
f 1379/1505/1116 1380/1506/1117 1381/1507/1117
f 1380/1506/1117 1379/1505/1116 1382/1508/1117
f 1383/1509/1118 1384/1510/1119 1385/1511/1119
f 1384/1510/1119 1383/1509/1118 1386/1512/1119
f 1387/1513/1120 1388/1514/1121 1389/1515/1122
f 1390/1516/1122 1388/1514/1121 1387/1513/1120
f 1391/1517/1123 1392/1518/1123 1393/1519/1123
f 1392/1518/1123 1391/1517/1123 1394/1520/1123
f 1395/1521/1124 1396/1522/1125 1397/1523/1124
f 1396/1522/1125 1395/1521/1124 1398/1524/1126
f 1399/1525/1127 1400/1526/1127 1401/1527/1127
f 1400/1526/1127 1399/1525/1127 1402/1528/1127
f 1403/1529/1128 1404/1530/1128 1405/1531/1128
f 1404/1530/1128 1403/1529/1128 1406/1532/1128
f 1407/1533/1129 1408/1534/1129 1409/1535/1129
f 1407/1533/1129 1410/1536/1129 1408/1534/1129
f 1411/1537/1130 1412/1538/1130 1413/1539/1130
f 1411/1537/1130 1414/1540/1130 1412/1538/1130
f 1415/1541/1131 1416/1542/1131 1417/1543/1132
f 1415/1541/1131 1418/1544/1131 1416/1542/1131
f 1419/1545/1133 1420/1546/1133 1421/1547/1133
f 1422/1548/1134 1420/1546/1133 1419/1545/1133
f 1423/1549/1135 1424/1550/1135 1425/1551/1135
f 1424/1550/1135 1423/1549/1135 1426/1552/1135
f 1427/1553/1136 1428/1554/1136 1429/1555/1136
f 1427/1553/1136 1429/1555/1136 1430/1556/1136
f 1435/1557/1137 1436/1558/1138 1437/1559/1139
f 1436/1558/1138 1435/1557/1137 1438/1560/1140
f 1451/1296/1141 1452/1295/1141 1453/1561/1141
f 1455/1562/1142 1456/1563/1143 1457/1564/1144
f 1456/1563/1143 1455/1562/1142 1458/1565/1145
f 1459/1566/1146 1460/1567/1147 1461/1568/1148
f 1460/1567/1147 1459/1566/1146 1462/1569/1149
f 1463/1570/1150 1464/1571/1151 1465/1572/1152
f 1466/1573/1153 1463/1570/1150 1465/1572/1152
f 1467/1574/1154 1468/1575/1155 1469/1576/1156
f 1469/1576/1156 1468/1575/1155 1470/1577/1157
f 1471/1578/1158 1472/1579/1159 1473/1580/1160
f 1472/1579/1159 1471/1578/1158 1474/1581/1161
f 1475/1582/1162 1476/1583/1163 1477/1584/1164
f 1476/1583/1163 1475/1582/1162 1478/1585/1165
f 1479/1586/1166 1480/1587/1167 1481/1588/1168
f 1480/1587/1167 1479/1586/1166 1482/1589/1169
f 1483/1590/1170 1484/1591/1171 1485/1592/1172
f 1486/1593/1173 1484/1591/1171 1483/1590/1170
f 1514/1594/1174 1515/1595/1175 1516/1596/1175
f 1515/1595/1175 1514/1594/1174 1517/1597/1175
f 1518/1598/1176 1519/1599/1177 1520/1600/1177
f 1521/1601/1177 1519/1599/1177 1518/1598/1176
f 1522/1602/1178 1523/1603/1179 1524/1604/1179
f 1523/1603/1179 1522/1602/1178 1525/1605/1179
f 1526/1606/1180 1527/1607/1180 1528/1608/1180
f 1527/1607/1180 1526/1606/1180 1529/1609/1180
f 1530/1610/1181 1531/1611/1181 1532/1612/1181
f 1531/1611/1181 1530/1610/1181 1533/1613/1181
f 1534/1614/1182 1535/1615/1183 1536/1616/1182
f 1535/1615/1183 1534/1614/1182 1537/1617/1184
f 1538/1618/1185 1539/1619/1186 1540/1620/1185
f 1539/1619/1186 1538/1618/1185 1541/1621/1185
f 1542/1622/1187 1543/1623/1187 1544/1624/1188
f 1543/1623/1187 1542/1622/1187 1545/1625/1187
f 1546/1626/1189 1547/1627/1190 1548/1628/1189
f 1547/1627/1190 1546/1626/1189 1549/1629/1189
f 1550/1630/1191 1551/1631/1191 1552/1632/1191
f 1553/1633/1191 1551/1631/1191 1550/1630/1191
f 1554/1634/1192 1555/1635/1193 1556/1636/1194
f 1555/1635/1193 1554/1634/1192 1557/1637/1195
f 1558/1638/1196 1559/1639/1196 1560/1640/1196
f 1561/1641/1196 1559/1639/1196 1558/1638/1196
f 1562/1642/1197 1563/1643/1198 1564/1644/1198
f 1563/1643/1198 1562/1642/1197 1565/1645/1198
f 1566/1646/1199 1567/1647/1200 1568/1648/1200
f 1567/1647/1200 1566/1646/1199 1569/1649/1199
f 1570/1650/1201 1571/1651/1202 1572/1652/1201
f 1571/1651/1202 1570/1650/1201 1573/1653/1202
f 1575/1326/1203 1574/1325/1203 1577/1654/1203
f 1578/1655/1204 1579/1656/1204 1580/1657/1204
f 1581/1658/1204 1579/1656/1204 1578/1655/1204
f 1582/1659/1205 1583/1660/1206 1584/1661/1207
f 1583/1660/1206 1582/1659/1205 1585/1662/1208
f 1586/1663/1209 1587/1664/1209 1588/1665/1209
f 1587/1664/1209 1586/1663/1209 1589/1666/1210
f 1590/1667/1211 1591/1668/1212 1592/1669/1212
f 1590/1667/1211 1592/1669/1212 1593/1670/1213
f 1594/1671/1214 1595/1672/1214 1596/1673/1215
f 1595/1672/1214 1594/1671/1214 1597/1674/1216
f 1598/1675/1217 1599/1676/1217 1600/1677/1217
f 1599/1676/1217 1598/1675/1217 1601/1678/1217
f 1602/1679/1218 1603/1680/1219 1604/1681/1218
f 1603/1680/1219 1602/1679/1218 1605/1682/1220
f 1606/1683/1221 1607/1684/1221 1608/1685/1221
f 1607/1684/1221 1606/1683/1221 1609/1686/1221
f 1610/1687/1222 1611/1688/1223 1612/1689/1223
f 1613/1690/1222 1611/1688/1223 1610/1687/1222
f 1614/1691/1224 1615/1692/1224 1616/1693/1224
f 1615/1692/1224 1614/1691/1224 1617/1694/1224
f 1618/1695/1225 1619/1696/1225 1620/1697/1226
f 1620/1697/1226 1621/1698/1226 1618/1695/1225
f 1622/1699/1227 1623/1700/1228 1624/1701/1229
f 1623/1700/1228 1622/1699/1227 1625/1702/1230
f 1626/1703/1231 1627/1704/1232 1628/1705/1233
f 1628/1705/1233 1629/1706/1234 1626/1703/1231
f 1630/1707/1235 1631/1708/1236 1632/1709/1237
f 1633/1710/1238 1630/1707/1235 1632/1709/1237
f 1634/1711/1239 1635/1712/1240 1636/1713/1241
f 1635/1712/1240 1634/1711/1239 1637/1714/1242
f 1638/1715/1243 1639/1716/1244 1640/1717/1245
f 1640/1717/1245 1641/1718/1246 1638/1715/1243
f 1642/1719/1247 1643/1720/1248 1644/1721/1249
f 1643/1720/1248 1642/1719/1247 1645/1722/1250
f 1646/1723/1251 1647/1724/1252 1648/1725/1253
f 1648/1725/1253 1649/1726/1254 1646/1723/1251
f 1650/1727/1255 1651/1728/1256 1652/1729/1257
f 1651/1728/1256 1650/1727/1255 1653/1730/1258
f 1654/1731/1259 1655/1732/1260 1656/1733/1261
f 1656/1733/1261 1657/1734/1262 1654/1731/1259
f 1658/1735/1263 1659/1736/1263 1660/1737/1264
f 1661/1738/1263 1658/1735/1263 1660/1737/1264
f 1662/1739/1265 1663/1740/1266 1664/1741/1267
f 1662/1739/1265 1664/1741/1267 1665/1742/1268
f 1666/1743/1269 1667/1744/1270 1668/1745/1271
f 1668/1745/1271 1669/1746/1272 1666/1743/1269
f 1670/1747/1273 1671/1748/1274 1672/1749/1275
f 1672/1749/1275 1673/1750/1276 1670/1747/1273
f 1674/1751/1277 1675/1752/1278 1676/1753/1279
f 1675/1752/1278 1674/1751/1277 1677/1754/1280
f 1678/1755/1281 1679/1756/1281 1680/1757/1281
f 1679/1756/1281 1678/1755/1281 1681/1758/1281
f 1682/1759/1282 1683/1760/1283 1684/1761/1284
f 1685/1762/1285 1682/1759/1282 1684/1761/1284
f 1686/1763/1286 1687/1764/1287 1688/1765/1288
f 1687/1764/1287 1686/1763/1286 1689/1766/1289
f 1690/1767/1290 1691/1768/1291 1692/1769/1292
f 1693/1770/1293 1690/1767/1290 1692/1769/1292
f 1694/1771/1294 1695/1772/1295 1696/1773/1296
f 1696/1773/1296 1697/1774/1297 1694/1771/1294
f 1698/1775/1298 1699/1776/1299 1700/1777/1300
f 1699/1776/1299 1698/1775/1298 1701/1778/1301
f 1702/1779/1302 1703/1780/1303 1704/1781/1304
f 1704/1781/1304 1705/1782/1305 1702/1779/1302
f 1706/1783/1306 1707/1784/1307 1708/1785/1308
f 1708/1785/1308 1709/1786/1309 1706/1783/1306
f 1710/1787/1310 1711/1788/1311 1712/1789/1312
f 1710/1787/1310 1712/1789/1312 1713/1790/1313
f 1714/1791/1314 1715/1792/1315 1716/1793/1316
f 1715/1792/1315 1714/1791/1314 1717/1794/1317
f 1718/1795/1318 1719/1796/1319 1720/1797/1318
f 1719/1796/1319 1718/1795/1318 1721/1798/1319
f 1722/1799/1320 1723/1800/1321 1724/1801/1322
f 1723/1800/1321 1722/1799/1320 1725/1802/1323
f 1726/1803/1324 1727/1804/1325 1728/1805/1325
f 1727/1804/1325 1726/1803/1324 1729/1806/1324
f 1730/1807/1326 1731/1808/1327 1732/1809/1328
f 1731/1808/1327 1730/1807/1326 1733/1810/1329
f 1734/1811/1330 1735/1812/1331 1736/1813/1332
f 1735/1812/1331 1734/1811/1330 1737/1814/1333
f 1738/1815/1334 1739/1816/1335 1740/1817/1336
f 1739/1816/1335 1738/1815/1334 1741/1818/1337
f 1742/1819/1338 1743/1820/1339 1744/1821/1340
f 1745/1822/1341 1742/1819/1338 1744/1821/1340
f 1746/1823/1342 1747/1824/1343 1748/1825/1344
f 1747/1824/1343 1746/1823/1342 1749/1826/1345
f 1750/1827/1346 1751/1828/1347 1752/1829/1348
f 1751/1828/1347 1750/1827/1346 1753/1830/1349
f 1754/1831/1350 1755/1832/1351 1756/1833/1352
f 1757/1834/1353 1755/1832/1351 1754/1831/1350
f 1758/1835/1354 1759/1836/1355 1760/1837/1356
f 1760/1837/1356 1761/1838/1357 1758/1835/1354
f 1762/1839/1358 1763/1840/1359 1764/1841/1360
f 1764/1841/1360 1765/1842/1361 1762/1839/1358
f 1766/1843/1362 1767/1844/1363 1768/1845/1364
f 1769/1846/1365 1767/1844/1363 1766/1843/1362
f 1770/1847/1366 1771/1848/1367 1772/1849/1368
f 1771/1848/1367 1770/1847/1366 1773/1850/1369
f 1774/1851/1370 1775/1852/1371 1776/1853/1372
f 1775/1852/1371 1774/1851/1370 1777/1854/1373
f 1778/1855/1374 1779/1856/1375 1780/1857/1376
f 1779/1856/1375 1778/1855/1374 1781/1858/1377
f 1782/1859/1378 1783/1860/1379 1784/1861/1380
f 1783/1860/1379 1782/1859/1378 1785/1862/1381
f 1786/1863/1382 1787/1864/1383 1788/1865/1384
f 1789/1866/1385 1786/1863/1382 1788/1865/1384
f 1790/1867/1386 1791/1868/1387 1792/1869/1388
f 1791/1868/1387 1790/1867/1386 1793/1870/1389
f 1794/1871/1390 1795/1872/1391 1796/1873/1392
f 1795/1872/1391 1794/1871/1390 1797/1874/1393
f 1798/1875/1394 1799/1876/1395 1800/1877/1396
f 1799/1876/1395 1798/1875/1394 1801/1878/1397
f 1805/1879/1398 1802/1328/1398 1804/1330/1399
f 1806/1880/1400 1807/1881/1401 1808/1882/1402
f 1809/1883/1403 1806/1880/1400 1808/1882/1402
f 1810/1884/1404 1811/1885/1405 1812/1886/1406
f 1811/1885/1405 1810/1884/1404 1813/1887/1407
f 1814/1888/1408 1815/1889/1409 1816/1890/1410
f 1816/1890/1410 1817/1891/1411 1814/1888/1408
f 1818/1892/1412 1819/1893/1413 1820/1894/1414
f 1821/1895/1415 1818/1892/1412 1820/1894/1414
f 1822/1896/1416 1823/1897/1417 1824/1898/1418
f 1825/1899/1419 1823/1897/1417 1822/1896/1416
f 1830/1900/1420 1831/1901/1420 1832/1902/1421
f 1831/1901/1420 1830/1900/1420 1833/1903/1421
f 1834/1904/1422 1835/1905/1423 1836/1906/1424
f 1837/1907/1425 1834/1904/1422 1836/1906/1424
f 1838/1908/1426 1839/1909/1427 1840/1910/1428
f 1840/1910/1428 1841/1911/1429 1838/1908/1426
f 1842/1912/1430 1843/1913/1431 1844/1914/1432
f 1843/1913/1431 1842/1912/1430 1845/1915/1433
f 1846/1916/1434 1847/1917/1435 1848/1918/1436
f 1847/1917/1435 1846/1916/1434 1849/1919/1437
f 1850/1920/1438 1851/1921/1439 1852/1922/1440
f 1850/1920/1438 1853/1923/1441 1851/1921/1439
f 1854/1924/1442 1855/1925/1443 1856/1926/1444
f 1855/1925/1443 1854/1924/1442 1857/1927/1445
f 1858/1928/1446 1859/1929/1447 1860/1930/1448
f 1860/1930/1448 1861/1931/1449 1858/1928/1446
f 1862/1932/1450 1863/1933/1451 1864/1934/1452
f 1865/1935/1453 1862/1932/1450 1864/1934/1452
f 1866/1936/1454 1867/1937/1454 1868/1938/1455
f 1867/1937/1454 1866/1936/1454 1869/1939/1456
f 1870/1940/1457 1871/1941/1458 1872/1942/1459
f 1871/1941/1458 1870/1940/1457 1873/1943/1460
f 1874/1944/1461 1875/1945/1462 1876/1946/1463
f 1877/1947/1464 1876/1946/1463 1875/1945/1462
f 1878/1948/1465 1879/1949/1466 1880/1950/1467
f 1879/1949/1466 1878/1948/1465 1881/1951/1468
f 1882/1952/1469 1883/1953/1470 1884/1954/1471
f 1883/1953/1470 1882/1952/1469 1885/1955/1472
f 1886/1956/1473 1887/1957/1474 1888/1958/1475
f 1887/1957/1474 1886/1956/1473 1889/1959/1476
f 1890/1960/1477 1891/1961/1478 1892/1962/1479
f 1891/1961/1478 1890/1960/1477 1893/1963/1480
f 1894/1964/1481 1895/1965/1482 1896/1966/1483
f 1895/1965/1482 1894/1964/1481 1897/1967/1484
f 1898/1968/1485 1899/1969/1486 1900/1970/1487
f 1899/1969/1486 1898/1968/1485 1901/1971/1488
f 1902/1972/1489 1903/1973/1490 1904/1974/1491
f 1903/1973/1490 1902/1972/1489 1905/1975/1492
f 1906/1976/1493 1907/1977/1494 1908/1978/1495
f 1907/1977/1494 1906/1976/1493 1909/1979/1496
f 1910/1980/1497 1911/1981/1498 1912/1982/1499
f 1911/1981/1498 1910/1980/1497 1913/1983/1500
f 1914/1984/1501 1915/1985/1502 1916/1986/1503
f 1914/1984/1501 1917/1987/1504 1915/1985/1502
f 1918/1988/1505 1919/1989/1506 1920/1990/1507
f 1919/1989/1506 1918/1988/1505 1921/1991/1508
f 1922/1992/1509 1923/1993/1510 1924/1994/1511
f 1923/1993/1510 1922/1992/1509 1925/1995/1512
f 1926/1996/1513 1927/1997/1513 1928/1998/1513
f 1927/1997/1513 1926/1996/1513 1929/1999/1513
f 1934/2000/1514 1935/2001/1515 1936/2002/1516
f 1937/2003/1517 1934/2000/1514 1936/2002/1516
f 1938/2004/1518 1939/2005/1519 1940/2006/1520
f 1939/2005/1519 1938/2004/1518 1941/2007/1521
f 1949/2008/1522 1950/2009/1523 1951/2010/1524
f 1949/2008/1522 1952/2011/1525 1950/2009/1523
f 1956/2012/1526 1957/2013/1527 1958/2014/1528
f 1957/2013/1527 1956/2012/1526 1959/2015/1529
f 1964/2016/1530 1965/2017/1531 1966/2018/1532
f 1965/2017/1531 1964/2016/1530 1967/2019/1533
f 1968/2020/1534 1969/2021/1534 1970/2022/1534
f 1969/2021/1534 1968/2020/1534 1971/2023/1534
f 1972/2024/1535 1973/2025/1536 1974/2026/1537
f 1973/2025/1536 1972/2024/1535 1975/2027/1537
f 1976/2028/1538 1977/2029/1538 1978/2030/1538
f 1977/2029/1538 1976/2028/1538 1979/2031/1538
f 1980/2032/1539 1981/2033/1540 1982/2034/1541
f 1980/2032/1539 1983/2035/1542 1981/2033/1540
f 1984/2036/1543 1985/2037/1544 1986/2038/1545
f 1984/2036/1543 1987/2039/1546 1985/2037/1544
f 1988/2040/1547 1989/2041/1548 1990/2042/1549
f 1989/2041/1548 1988/2040/1547 1991/2043/1550
f 1992/2044/1551 1993/2045/1551 1994/2046/1552
f 1993/2045/1551 1992/2044/1551 1995/2047/1553
f 1996/2048/1554 1997/2049/1554 1998/2050/1554
f 1997/2049/1554 1996/2048/1554 1999/2051/1555
f 2000/2052/1556 2001/2053/1556 2002/2054/1556
f 2001/2053/1556 2000/2052/1556 2003/2055/1556
f 2004/2056/1557 2005/2057/1558 2006/2058/1558
f 2005/2057/1558 2004/2056/1557 2007/2059/1558
f 2008/2060/1559 2009/2061/1560 2010/2062/1559
f 2009/2061/1560 2008/2060/1559 2011/2063/1559
f 2012/2064/1561 2013/2065/1561 2014/2066/1561
f 2013/2065/1561 2012/2064/1561 2015/2067/1561
f 2016/2068/1562 2017/2069/1563 2018/2070/1564
f 2017/2069/1563 2016/2068/1562 2019/2071/1565
f 2020/2072/1566 2021/2073/1566 2022/2074/1567
f 2022/2074/1567 2023/2075/1566 2020/2072/1566
f 2024/2076/1568 2025/2077/1569 2026/2078/1570
f 2025/2077/1569 2024/2076/1568 2027/2079/1571
f 2028/2080/1572 2029/2081/1573 2030/2082/1572
f 2029/2081/1573 2028/2080/1572 2031/2083/1574
f 2032/2084/1575 2033/2085/1576 2034/2086/1576
f 2032/2084/1575 2034/2086/1576 2035/2087/1576
f 2036/2088/1577 2037/2089/1577 2038/2090/1577
f 2036/2088/1577 2038/2090/1577 2039/2091/1577
f 2040/2092/1578 2041/2093/1578 2042/2094/1578
f 2041/2093/1578 2040/2092/1578 2043/2095/1578
f 2044/2096/1579 2045/2097/1579 2046/2098/1579
f 2046/2098/1579 2047/2099/1580 2044/2096/1579
f 2048/2100/1581 2049/2101/1582 2050/2102/1583
f 2049/2101/1582 2048/2100/1581 2051/2103/1583
f 2052/2104/1584 2053/2105/1584 2054/2106/1585
f 2053/2105/1584 2052/2104/1584 2055/2107/1585
f 2056/2108/1586 2057/2109/1587 2058/2110/1588
f 2059/2111/1587 2056/2108/1586 2058/2110/1588
f 2060/2112/1589 2061/2113/1590 2062/2114/1590
f 2061/2113/1590 2060/2112/1589 2063/2115/1590
f 2064/2116/1591 2065/2117/1592 2066/2118/1593
f 2065/2117/1592 2064/2116/1591 2067/2119/1591
f 2068/2120/1594 2069/2121/1594 2070/2122/1594
f 2069/2121/1594 2068/2120/1594 2071/2123/1594
f 2072/2124/1595 2073/2125/1595 2074/2126/1595
f 2073/2125/1595 2072/2124/1595 2075/2127/1595
f 2076/2128/1596 2077/2129/1596 2078/2130/1596
f 2079/2131/1596 2078/2130/1596 2077/2129/1596
f 2080/2132/1597 2081/2133/1597 2082/2134/1597
f 2081/2133/1597 2080/2132/1597 2083/2135/1597
f 2084/2136/1598 2085/2137/1598 2086/2138/1599
f 2087/2139/1599 2086/2138/1599 2085/2137/1598
f 2088/2140/1600 2089/2141/1601 2090/2142/1602
f 2091/2143/1603 2088/2140/1600 2090/2142/1602
f 2092/2144/1604 2093/2145/1604 2094/2146/1604
f 2093/2145/1604 2092/2144/1604 2095/2147/1604
f 2096/2148/1605 2097/2149/1605 2098/2150/1605
f 2097/2149/1605 2096/2148/1605 2099/2151/1605
f 2104/2152/1606 2105/2153/1607 2106/2154/1608
f 2106/2154/1608 2107/2155/1609 2104/2152/1606
f 2116/1366/1610 2117/1365/1610 2118/2156/1610
f 2120/1369/1611 2121/1368/1611 2122/2157/1611
f 2124/2158/1612 2125/2159/1613 2126/2160/1614
f 2125/2159/1613 2124/2158/1612 2127/2161/1615
f 2128/2162/1616 2129/2163/1617 2130/2164/1618
f 2129/2163/1617 2128/2162/1616 2131/2165/1619
f 2132/2166/1620 2133/2167/1621 2134/2168/1622
f 2133/2167/1621 2132/2166/1620 2135/2169/1623
f 2136/2170/1624 2137/2171/1625 2138/2172/1626
f 2138/2172/1626 2139/2173/1627 2136/2170/1624
f 2140/2174/1628 2141/2175/1629 2142/2176/1630
f 2141/2175/1629 2140/2174/1628 2143/2177/1631
f 2144/2178/1632 2145/2179/1633 2146/2180/1634
f 2145/2179/1633 2144/2178/1632 2147/2181/1635
f 2148/2182/1636 2149/2183/1637 2150/2184/1638
f 2149/2183/1637 2148/2182/1636 2151/2185/1639
f 2152/2186/1640 2153/2187/1641 2154/2188/1642
f 2153/2187/1641 2152/2186/1640 2155/2189/1643
f 2183/2190/1644 2184/2191/1645 2185/2192/1644
f 2184/2191/1645 2183/2190/1644 2186/2193/1645
f 2187/2194/1646 2188/2195/1647 2189/2196/1646
f 2187/2194/1646 2190/2197/1646 2188/2195/1647
f 2191/2198/1648 2192/2199/1649 2193/2200/1649
f 2192/2199/1649 2191/2198/1648 2194/2201/1649
f 2195/2202/1650 2196/2203/1650 2197/2204/1650
f 2195/2202/1650 2198/2205/1650 2196/2203/1650
f 2199/2206/1651 2200/2207/1651 2201/2208/1651
f 2200/2207/1651 2199/2206/1651 2202/2209/1651
f 2203/2210/1652 2204/2211/1652 2205/2212/1652
f 2203/2210/1652 2206/2213/1653 2204/2211/1652
f 2207/2214/1654 2208/2215/1654 2209/2216/1655
f 2208/2215/1654 2207/2214/1654 2210/2217/1655
f 2211/2218/1656 2212/2219/1656 2213/2220/1657
f 2211/2218/1656 2214/2221/1656 2212/2219/1656
f 2215/2222/1658 2216/2223/1659 2217/2224/1658
f 2216/2223/1659 2215/2222/1658 2218/2225/1658
f 2219/2226/1660 2220/2227/1660 2221/2228/1660
f 2219/2226/1660 2221/2228/1660 2222/2229/1660
f 2223/2230/1661 2224/2231/1662 2225/2232/1663
f 2224/2231/1662 2223/2230/1661 2226/2233/1664
f 2227/2234/1665 2228/2235/1665 2229/2236/1665
f 2228/2235/1665 2227/2234/1665 2230/2237/1665
f 2231/2238/1666 2232/2239/1666 2233/2240/1666
f 2232/2239/1666 2231/2238/1666 2234/2241/1666
f 2235/2242/1667 2236/2243/1667 2237/2244/1667
f 2236/2243/1667 2235/2242/1667 2238/2245/1668
f 2239/2246/1669 2240/2247/1670 2241/2248/1669
f 2240/2247/1670 2239/2246/1669 2242/2249/1669
f 2243/1399/1671 2244/1398/1671 2245/2250/1671
f 2247/2251/1672 2248/2252/1672 2249/2253/1673
f 2248/2252/1672 2247/2251/1672 2250/2254/1673
f 2251/2255/1674 2252/2256/1674 2253/2257/1674
f 2252/2256/1674 2251/2255/1674 2254/2258/1674
f 2255/2259/1675 2256/2260/1675 2257/2261/1675
f 2256/2260/1675 2255/2259/1675 2258/2262/1675
f 2259/2263/1676 2260/2264/1677 2261/2265/1677
f 2259/2263/1676 2262/2266/1677 2260/2264/1677
f 2263/2267/1678 2264/2268/1678 2265/2269/1678
f 2264/2268/1678 2263/2267/1678 2266/2270/1678
f 2267/2271/1679 2268/2272/1679 2269/2273/1679
f 2270/2274/1679 2268/2272/1679 2267/2271/1679
f 2271/2275/1680 2272/2276/1681 2273/2277/1682
f 2274/2278/1683 2272/2276/1681 2271/2275/1680
f 2275/2279/1684 2276/2280/1685 2277/2281/1686
f 2276/2280/1685 2275/2279/1684 2278/2282/1684
f 2279/2283/1687 2280/2284/1687 2281/2285/1687
f 2279/2283/1687 2282/2286/1687 2280/2284/1687
f 2283/2287/1688 2284/2288/1688 2285/2289/1688
f 2284/2288/1688 2283/2287/1688 2286/2290/1688
f 2287/2291/1689 2288/2292/1689 2289/2293/1689
f 2288/2292/1689 2287/2291/1689 2290/2294/1689
f 2291/2295/1690 2292/2296/1691 2293/2297/1692
f 2292/2296/1691 2291/2295/1690 2294/2298/1693
f 2295/2299/1694 2296/2300/1695 2297/2301/1696
f 2298/2302/1697 2296/2300/1695 2295/2299/1694
f 2299/2303/1698 2300/2304/1699 2301/2305/1700
f 2302/2306/1701 2300/2304/1699 2299/2303/1698
f 2303/2307/1702 2304/2308/1703 2305/2309/1704
f 2304/2308/1703 2303/2307/1702 2306/2310/1705
f 2307/2311/1706 2308/2312/1707 2309/2313/1708
f 2310/2314/1709 2308/2312/1707 2307/2311/1706
f 2311/2315/1710 2312/2316/1711 2313/2317/1712
f 2312/2316/1711 2311/2315/1710 2314/2318/1713
f 2315/2319/1714 2316/2320/1715 2317/2321/1716
f 2318/2322/1717 2316/2320/1715 2315/2319/1714
f 2319/2323/1718 2320/2324/1719 2321/2325/1720
f 2320/2324/1719 2319/2323/1718 2322/2326/1721
f 2323/2327/1722 2324/2328/1723 2325/2329/1724
f 2326/2330/1725 2324/2328/1723 2323/2327/1722
f 2327/2331/1726 2328/2332/1727 2329/2333/1727
f 2330/2334/1727 2328/2332/1727 2327/2331/1726
f 2331/2335/1728 2332/2336/1729 2333/2337/1730
f 2334/2338/1731 2332/2336/1729 2331/2335/1728
f 2335/2339/1732 2336/2340/1733 2337/2341/1734
f 2338/2342/1735 2336/2340/1733 2335/2339/1732
f 2339/2343/1736 2340/2344/1737 2341/2345/1738
f 2340/2344/1737 2339/2343/1736 2342/2346/1739
f 2343/2347/1740 2344/2348/1741 2345/2349/1742
f 2343/2347/1740 2346/2350/1743 2344/2348/1741
f 2347/2351/1744 2348/2352/1744 2349/2353/1744
f 2347/2351/1744 2350/2354/1744 2348/2352/1744
f 2351/2355/1745 2352/2356/1746 2353/2357/1747
f 2354/2358/1748 2352/2356/1746 2351/2355/1745
f 2355/2359/1749 2356/2360/1750 2357/2361/1751
f 2356/2360/1750 2355/2359/1749 2358/2362/1752
f 2359/2363/1753 2360/2364/1754 2361/2365/1755
f 2362/2366/1756 2360/2364/1754 2359/2363/1753
f 2363/2367/1757 2364/2368/1758 2365/2369/1759
f 2366/2370/1760 2364/2368/1758 2363/2367/1757
f 2367/2371/1761 2368/2372/1762 2369/2373/1763
f 2368/2372/1762 2367/2371/1761 2370/2374/1764
f 2371/2375/1765 2372/2376/1766 2373/2377/1767
f 2372/2376/1766 2371/2375/1765 2374/2378/1768
f 2375/2379/1769 2376/2380/1770 2377/2381/1771
f 2376/2380/1770 2375/2379/1769 2378/2382/1772
f 2379/2383/1773 2380/2384/1774 2381/2385/1775
f 2382/2386/1776 2381/2385/1775 2380/2384/1774
f 2383/2387/1777 2384/2388/1778 2385/2389/1779
f 2384/2388/1778 2383/2387/1777 2386/2390/1780
f 2387/2391/1781 2388/2392/1781 2389/2393/1781
f 2388/2392/1781 2387/2391/1781 2390/2394/1781
f 2391/2395/1782 2392/2396/1783 2393/2397/1784
f 2392/2396/1783 2391/2395/1782 2394/2398/1785
f 2395/2399/1786 2396/2400/1787 2397/2401/1786
f 2395/2399/1786 2398/2402/1787 2396/2400/1787
f 2399/2403/1788 2400/2404/1789 2401/2405/1790
f 2400/2404/1789 2399/2403/1788 2402/2406/1791
f 2403/2407/1792 2404/2408/1793 2405/2409/1794
f 2403/2407/1792 2406/2410/1795 2404/2408/1793
f 2407/2411/1796 2408/2412/1797 2409/2413/1798
f 2408/2412/1797 2407/2411/1796 2410/2414/1799
f 2411/2415/1800 2412/2416/1801 2413/2417/1802
f 2414/2418/1803 2412/2416/1801 2411/2415/1800
f 2415/2419/1804 2416/2420/1805 2417/2421/1806
f 2416/2420/1805 2415/2419/1804 2418/2422/1807
f 2419/2423/1808 2420/2424/1809 2421/2425/1810
f 2420/2424/1809 2419/2423/1808 2422/2426/1811
f 2423/2427/1812 2424/2428/1813 2425/2429/1814
f 2426/2430/1815 2423/2427/1812 2425/2429/1814
f 2427/2431/1816 2428/2432/1817 2429/2433/1818
f 2430/2434/1819 2428/2432/1817 2427/2431/1816
f 2431/2435/1820 2432/2436/1821 2433/2437/1822
f 2432/2436/1821 2431/2435/1820 2434/2438/1823
f 2435/2439/1824 2436/2440/1825 2437/2441/1826
f 2437/2441/1826 2438/2442/1827 2435/2439/1824
f 2439/2443/1828 2440/2444/1829 2441/2445/1830
f 2440/2444/1829 2439/2443/1828 2442/2446/1831
f 2443/2447/1832 2444/2448/1833 2445/2449/1834
f 2444/2448/1833 2443/2447/1832 2446/2450/1835
f 2447/2451/1836 2448/2452/1837 2449/2453/1838
f 2448/2452/1837 2447/2451/1836 2450/2454/1839
f 2451/2455/1840 2452/2456/1841 2453/2457/1842
f 2452/2456/1841 2451/2455/1840 2454/2458/1843
f 2455/2459/1844 2456/2460/1845 2457/2461/1846
f 2458/2462/1847 2456/2460/1845 2455/2459/1844
f 2459/2463/1848 2460/2464/1849 2461/2465/1850
f 2460/2464/1849 2459/2463/1848 2462/2466/1851
f 2463/2467/1852 2464/2468/1853 2465/2469/1854
f 2464/2468/1853 2463/2467/1852 2466/2470/1855
f 2467/2471/1856 2468/2472/1857 2469/2473/1858
f 2468/2472/1857 2467/2471/1856 2470/2474/1859
f 2471/2475/1860 2472/2476/1861 2473/2477/1862
f 2474/2478/1863 2472/2476/1861 2471/2475/1860
f 2475/2479/1864 2476/2480/1865 2477/2481/1866
f 2478/2482/1867 2476/2480/1865 2475/2479/1864
f 2479/2483/1868 2480/2484/1869 2481/2485/1870
f 2480/2484/1869 2479/2483/1868 2482/2486/1871
f 2483/2487/1872 2484/2488/1873 2485/2489/1874
f 2486/2490/1875 2484/2488/1873 2483/2487/1872
f 2487/2491/1876 2488/2492/1877 2489/2493/1878
f 2488/2492/1877 2487/2491/1876 2490/2494/1879
f 2491/2495/1880 2492/2496/1881 2493/2497/1882
f 2494/2498/1883 2491/2495/1880 2493/2497/1882
f 2499/2499/1884 2500/2500/1885 2501/2501/1886
f 2500/2500/1885 2499/2499/1884 2502/2502/1886
f 2503/2503/1887 2504/2504/1888 2505/2505/1889
f 2506/2506/1890 2504/2504/1888 2503/2503/1887
f 2507/2507/1891 2508/2508/1892 2509/2509/1893
f 2510/2510/1894 2509/2509/1893 2508/2508/1892
f 2511/2511/1895 2512/2512/1896 2513/2513/1897
f 2512/2512/1896 2511/2511/1895 2514/2514/1898
f 2515/2515/1899 2516/2516/1900 2517/2517/1901
f 2516/2516/1900 2515/2515/1899 2518/2518/1902
f 2519/2519/1903 2520/2520/1904 2521/2521/1905
f 2522/2522/1906 2520/2520/1904 2519/2519/1903
f 2523/2523/1907 2524/2524/1908 2525/2525/1909
f 2524/2524/1908 2523/2523/1907 2526/2526/1910
f 2527/2527/1911 2528/2528/1912 2529/2529/1913
f 2530/2530/1914 2529/2529/1913 2528/2528/1912
f 2531/2531/1915 2532/2532/1916 2533/2533/1917
f 2532/2532/1916 2531/2531/1915 2534/2534/1918
f 2535/2535/1919 2536/2536/1919 2537/2537/1920
f 2536/2536/1919 2535/2535/1919 2538/2538/1921
f 2539/2539/1922 2540/2540/1923 2541/2541/1924
f 2540/2540/1923 2539/2539/1922 2542/2542/1925
f 2543/2543/1926 2544/2544/1927 2545/2545/1928
f 2544/2544/1927 2543/2543/1926 2546/2546/1929
f 2547/2547/1930 2548/2548/1931 2549/2549/1932
f 2548/2548/1931 2547/2547/1930 2550/2550/1933
f 2551/2551/1934 2552/2552/1935 2553/2553/1936
f 2552/2552/1935 2551/2551/1934 2554/2554/1937
f 2555/2555/1938 2556/2556/1939 2557/2557/1940
f 2556/2556/1939 2555/2555/1938 2558/2558/1941
f 2559/2559/1942 2560/2560/1943 2561/2561/1944
f 2560/2560/1943 2559/2559/1942 2562/2562/1945
f 2563/2563/1946 2564/2564/1947 2565/2565/1948
f 2564/2564/1947 2563/2563/1946 2566/2566/1949
f 2567/2567/1950 2568/2568/1951 2569/2569/1952
f 2568/2568/1951 2567/2567/1950 2570/2570/1953
f 2571/2571/1954 2572/2572/1955 2573/2573/1956
f 2572/2572/1955 2571/2571/1954 2574/2574/1957
f 2575/2575/1958 2576/2576/1959 2577/2577/1960
f 2576/2576/1959 2575/2575/1958 2578/2578/1961
f 2579/2579/1962 2580/2580/1963 2581/2581/1964
f 2582/2582/1965 2579/2579/1962 2581/2581/1964
f 2583/2583/1966 2584/2584/1967 2585/2585/1968
f 2584/2584/1967 2583/2583/1966 2586/2586/1969
f 2587/2587/1970 2588/2588/1971 2589/2589/1972
f 2590/2590/1973 2588/2588/1971 2587/2587/1970
f 2591/2591/1974 2592/2592/1975 2593/2593/1976
f 2592/2592/1975 2591/2591/1974 2594/2594/1977
f 2595/2595/1978 2596/2596/1978 2597/2597/1978
f 2596/2596/1978 2595/2595/1978 2598/2598/1978
o Worker_Body
v 0.133895 -0.009837 1.482208
v 0.105773 -0.019157 1.484363
v 0.129273 -0.012576 1.474545
v 0.111888 -0.007042 1.503514
v 0.090783 0.003044 1.148175
v 0.050867 -0.018065 1.117114
v 0.092798 0.000631 1.114309
v 0.048069 -0.020946 1.152131
v 0.114130 0.018377 1.267940
v 0.090783 0.003044 1.148175
v 0.112368 0.014890 1.146189
v 0.095209 0.003666 1.270445
v 0.114130 0.018377 1.267940
v 0.097868 -0.002889 1.326536
v 0.095209 0.003666 1.270445
v 0.115349 0.011121 1.327867
v 0.113392 0.117252 1.498324
v 0.151250 0.092273 1.499733
v 0.150240 0.105242 1.491604
v 0.119693 0.089450 1.513789
v 0.118414 0.013093 1.520018
v 0.148851 0.037922 1.511170
v 0.122593 0.040915 1.526154
v 0.144059 0.006205 1.503809
v 0.120597 0.060563 1.522493
v 0.148851 0.037922 1.511170
v 0.149691 0.060750 1.508862
v 0.122593 0.040915 1.526154
v 0.119693 0.089450 1.513789
v 0.149691 0.060750 1.508862
v 0.151250 0.092273 1.499733
v 0.120597 0.060563 1.522493
v 0.111888 -0.007042 1.503514
v 0.144059 0.006205 1.503809
v 0.118414 0.013093 1.520018
v 0.133895 -0.009837 1.482208
v 0.084342 0.150415 1.147505
v 0.107328 0.132392 1.249745
v 0.107818 0.129452 1.146377
v 0.083342 0.152266 1.253379
v 0.123292 0.099846 1.144554
v 0.124243 0.096915 1.109359
v 0.109103 0.120947 1.110067
v 0.107818 0.129452 1.146377
v 0.112368 0.014890 1.146189
v 0.092798 0.000631 1.114309
v 0.117267 0.011436 1.112822
v 0.090783 0.003044 1.148175
v 0.048069 -0.020946 1.152131
v -0.000039 -0.026155 1.154241
v -0.000050 -0.022622 1.117171
v 0.050867 -0.018065 1.117114
v 0.115349 0.011121 1.327867
v 0.097005 -0.024440 1.386154
v 0.097868 -0.002889 1.326536
v 0.118282 -0.012842 1.391866
v 0.118282 -0.012842 1.391866
v 0.096924 -0.025889 1.413302
v 0.097005 -0.024440 1.386154
v 0.118438 -0.017312 1.417514
v 0.118438 -0.017312 1.417514
v 0.098020 -0.024664 1.446019
v 0.096924 -0.025889 1.413302
v 0.120000 -0.017621 1.444951
v 0.129273 -0.012576 1.474545
v 0.098020 -0.024664 1.446019
v 0.120000 -0.017621 1.444951
v 0.105773 -0.019157 1.484363
v 0.097886 0.159732 1.408780
v 0.120525 0.144765 1.351981
v 0.090419 0.156320 1.333439
v 0.130474 0.144008 1.417931
v 0.105648 0.141553 1.456861
v 0.130474 0.144008 1.417931
v 0.097886 0.159732 1.408780
v 0.137744 0.131573 1.456454
v 0.086888 0.149671 1.309440
v 0.107328 0.132392 1.249745
v 0.083342 0.152266 1.253379
v 0.116037 0.135038 1.315820
v 0.107818 0.129452 1.146377
v 0.109103 0.120947 1.110067
v 0.084878 0.146216 1.110993
v 0.084342 0.150415 1.147505
v 0.026083 0.165546 1.112027
v 0.084342 0.150415 1.147505
v 0.084878 0.146216 1.110993
v 0.021792 0.167144 1.150559
v 0.133064 0.067623 1.110814
v 0.112368 0.014890 1.146189
v 0.117267 0.011436 1.112822
v 0.129863 0.071719 1.142597
v 0.124243 0.096915 1.109359
v 0.129863 0.071719 1.142597
v 0.133064 0.067623 1.110814
v 0.123292 0.099846 1.144554
v 0.090419 0.156320 1.333439
v 0.116037 0.135038 1.315820
v 0.086888 0.149671 1.309440
v 0.120525 0.144765 1.351981
v 0.105648 0.141553 1.456861
v 0.150240 0.105242 1.491604
v 0.137744 0.131573 1.456454
v 0.113392 0.117252 1.498324
v -0.111791 -0.007101 1.503573
v -0.133808 -0.009907 1.482279
v -0.105680 -0.019213 1.484419
v -0.129188 -0.012645 1.474613
v -0.090889 0.002996 1.148225
v -0.092938 0.000580 1.114363
v -0.050980 -0.018096 1.117144
v -0.048152 -0.020971 1.152157
v -0.090889 0.002996 1.148225
v -0.114171 0.018317 1.268000
v -0.112488 0.014833 1.146250
v -0.095241 0.003616 1.270496
v -0.114171 0.018317 1.268000
v -0.097868 -0.002941 1.326588
v -0.115355 0.011060 1.327928
v -0.095241 0.003616 1.270496
v -0.113363 0.117192 1.498384
v -0.151207 0.092194 1.499813
v -0.119642 0.089387 1.513852
v -0.150209 0.105163 1.491684
v -0.148774 0.037844 1.511249
v -0.118319 0.013031 1.520081
v -0.122509 0.040850 1.526219
v -0.143969 0.006129 1.503885
v -0.120526 0.060500 1.522557
v -0.148774 0.037844 1.511249
v -0.122509 0.040850 1.526219
v -0.149627 0.060671 1.508941
v -0.119642 0.089387 1.513852
v -0.149627 0.060671 1.508941
v -0.120526 0.060500 1.522557
v -0.151207 0.092194 1.499813
v -0.143969 0.006129 1.503885
v -0.111791 -0.007101 1.503573
v -0.118319 0.013031 1.520081
v -0.133808 -0.009907 1.482279
v -0.107440 0.132336 1.249802
v -0.084516 0.150371 1.147550
v -0.107982 0.129397 1.146434
v -0.083462 0.152222 1.253423
v -0.123445 0.099787 1.144618
v -0.109279 0.120894 1.110123
v -0.124413 0.096859 1.109423
v -0.107982 0.129397 1.146434
v -0.092938 0.000580 1.114363
v -0.112488 0.014833 1.146250
v -0.117419 0.011380 1.112887
v -0.090889 0.002996 1.148225
v -0.000050 -0.022622 1.117171
v -0.048152 -0.020971 1.152157
v -0.050980 -0.018096 1.117144
v -0.000039 -0.026155 1.154241
v -0.115355 0.011060 1.327928
v -0.096962 -0.024491 1.386206
v -0.118241 -0.012905 1.391929
v -0.097868 -0.002941 1.326588
v -0.118241 -0.012905 1.391929
v -0.096865 -0.025940 1.413353
v -0.118382 -0.017374 1.417577
v -0.096962 -0.024491 1.386206
v -0.118382 -0.017374 1.417577
v -0.097944 -0.024716 1.446071
v -0.119928 -0.017684 1.445015
v -0.096865 -0.025940 1.413353
v -0.097944 -0.024716 1.446071
v -0.129188 -0.012645 1.474613
v -0.119928 -0.017684 1.445015
v -0.105680 -0.019213 1.484419
v -0.097927 0.159681 1.408832
v -0.090498 0.156272 1.333487
v -0.120589 0.144701 1.352045
v -0.130502 0.143940 1.418000
v -0.130502 0.143940 1.418000
v -0.105654 0.141497 1.456917
v -0.097927 0.159681 1.408832
v -0.137745 0.131500 1.456527
v -0.107440 0.132336 1.249802
v -0.086977 0.149625 1.309486
v -0.083462 0.152222 1.253423
v -0.116115 0.134977 1.315881
v -0.107982 0.129397 1.146434
v -0.085064 0.146171 1.111037
v -0.109279 0.120894 1.110123
v -0.084516 0.150371 1.147550
v -0.026282 0.165529 1.112041
v -0.084516 0.150371 1.147550
v -0.021974 0.167132 1.150571
v -0.085064 0.146171 1.111037
v -0.112488 0.014833 1.146250
v -0.133229 0.067566 1.110883
v -0.117419 0.011380 1.112887
v -0.130008 0.071657 1.142665
v -0.124413 0.096859 1.109423
v -0.130008 0.071657 1.142665
v -0.123445 0.099787 1.144618
v -0.133229 0.067566 1.110883
v -0.116115 0.134977 1.315881
v -0.090498 0.156272 1.333487
v -0.086977 0.149625 1.309486
v -0.120589 0.144701 1.352045
v -0.105654 0.141497 1.456917
v -0.150209 0.105163 1.491684
v -0.113363 0.117192 1.498384
v -0.137745 0.131500 1.456527
v 0.168212 0.036199 1.495451
v 0.166849 0.065742 1.498447
v 0.163597 0.037370 1.499327
v 0.172039 0.071525 1.493316
v 0.151153 0.004667 1.492669
v 0.168212 0.036199 1.495451
v 0.163597 0.037370 1.499327
v 0.155755 0.003395 1.486928
v 0.151153 0.004667 1.492669
v 0.144779 -0.010952 1.472981
v 0.155755 0.003395 1.486928
v 0.138330 -0.012302 1.474602
v 0.138330 -0.012302 1.474602
v 0.128737 -0.014820 1.443506
v 0.136315 -0.008823 1.447515
v 0.144779 -0.010952 1.472981
v 0.128737 -0.014820 1.443506
v 0.127349 -0.012556 1.422361
v 0.135131 -0.008660 1.426237
v 0.136315 -0.008823 1.447515
v 0.127349 -0.012556 1.422361
v 0.127334 -0.006110 1.399420
v 0.135949 -0.000634 1.411427
v 0.135131 -0.008660 1.426237
v 0.127334 -0.006110 1.399420
v 0.124589 0.018393 1.328565
v 0.133715 0.022161 1.372168
v 0.135949 -0.000634 1.411427
v 0.145937 0.067217 1.341547
v 0.124589 0.018393 1.328565
v 0.130785 0.066874 1.277014
v 0.133715 0.022161 1.372168
v 0.145937 0.067217 1.341547
v 0.137757 0.121929 1.324080
v 0.155574 0.105782 1.376453
v 0.130785 0.066874 1.277014
v 0.155574 0.105782 1.376453
v 0.144453 0.135685 1.370292
v 0.165892 0.121738 1.413225
v 0.137757 0.121929 1.324080
v 0.165892 0.121738 1.413225
v 0.150616 0.132888 1.422933
v 0.166916 0.121211 1.440802
v 0.144453 0.135685 1.370292
v 0.166916 0.121211 1.440802
v 0.162914 0.120272 1.458344
v 0.170148 0.117710 1.457512
v 0.150616 0.132888 1.422933
v 0.162914 0.120272 1.458344
v 0.174362 0.092124 1.483893
v 0.170148 0.117710 1.457512
v 0.167824 0.095685 1.487726
v 0.167824 0.095685 1.487726
v 0.166849 0.065742 1.498447
v 0.172039 0.071525 1.493316
v 0.174362 0.092124 1.483893
v 0.102354 -0.016594 1.035256
v 0.127819 -0.000750 1.033619
v 0.117267 0.011436 1.112822
v 0.092798 0.000631 1.114309
v 0.127349 -0.012556 1.422361
v 0.120000 -0.017621 1.444951
v 0.118438 -0.017312 1.417514
v 0.128737 -0.014820 1.443506
v 0.127334 -0.006110 1.399420
v 0.118438 -0.017312 1.417514
v 0.118282 -0.012842 1.391866
v 0.127349 -0.012556 1.422361
v 0.114130 0.018377 1.267940
v 0.124589 0.018393 1.328565
v 0.115349 0.011121 1.327867
v 0.128737 -0.014820 1.443506
v 0.129273 -0.012576 1.474545
v 0.120000 -0.017621 1.444951
v 0.138330 -0.012302 1.474602
v 0.118282 -0.012842 1.391866
v 0.124589 0.018393 1.328565
v 0.127334 -0.006110 1.399420
v 0.115349 0.011121 1.327867
v 0.150240 0.105242 1.491604
v 0.162914 0.120272 1.458344
v 0.137744 0.131573 1.456454
v 0.167824 0.095685 1.487726
v 0.120525 0.144765 1.351981
v 0.137757 0.121929 1.324080
v 0.116037 0.135038 1.315820
v 0.144453 0.135685 1.370292
v 0.119837 0.120740 1.032710
v 0.124243 0.096915 1.109359
v 0.136613 0.091786 1.029124
v 0.109103 0.120947 1.110067
v 0.116037 0.135038 1.315820
v 0.121945 0.104728 1.246815
v 0.107328 0.132392 1.249745
v 0.137757 0.121929 1.324080
v 0.137744 0.131573 1.456454
v 0.162914 0.120272 1.458344
v 0.150616 0.132888 1.422933
v 0.130474 0.144008 1.417931
v 0.130474 0.144008 1.417931
v 0.144453 0.135685 1.370292
v 0.120525 0.144765 1.351981
v 0.150616 0.132888 1.422933
v 0.048069 -0.020946 1.152131
v 0.095209 0.003666 1.270445
v 0.051731 -0.027916 1.275755
v 0.090783 0.003044 1.148175
v 0.089200 0.018772 1.533867
v 0.118414 0.013093 1.520018
v 0.122593 0.040915 1.526154
v 0.093742 0.042024 1.536434
v 0.111888 -0.007042 1.503514
v 0.046700 -0.030066 1.488454
v 0.105773 -0.019157 1.484363
v 0.077382 0.005481 1.527953
v 0.035433 -0.016732 1.517367
v 0.089200 0.018772 1.533867
v 0.111888 -0.007042 1.503514
v 0.118414 0.013093 1.520018
v 0.077382 0.005481 1.527953
v 0.077337 0.103708 1.511262
v 0.119693 0.089450 1.513789
v 0.113392 0.117252 1.498324
v 0.084406 0.083133 1.523629
v 0.093742 0.042024 1.536434
v 0.120597 0.060563 1.522493
v 0.091921 0.059291 1.530751
v 0.122593 0.040915 1.526154
v 0.084406 0.083133 1.523629
v 0.120597 0.060563 1.522493
v 0.119693 0.089450 1.513789
v 0.091921 0.059291 1.530751
v 0.050867 -0.018065 1.117114
v 0.000045 -0.042094 1.041052
v 0.068653 -0.038114 1.039039
v -0.000050 -0.022622 1.117171
v 0.058292 0.046534 1.525992
v 0.068245 0.021440 1.545674
v 0.074044 0.045163 1.548217
v 0.054927 0.027944 1.523917
v 0.068245 0.021440 1.545674
v 0.054927 0.027944 1.523917
v 0.049888 0.015147 1.521536
v 0.060084 0.005358 1.542714
v 0.070272 0.062815 1.544497
v 0.055083 0.059936 1.522792
v 0.058292 0.046534 1.525992
v 0.074044 0.045163 1.548217
v 0.026188 0.002288 1.515733
v 0.000057 -0.013715 1.530665
v 0.027987 -0.010531 1.535948
v -0.001882 -0.000732 1.512214
v 0.063926 0.080556 1.538841
v 0.050643 0.073167 1.518160
v 0.055083 0.059936 1.522792
v 0.070272 0.062815 1.544497
v 0.049888 0.015147 1.521536
v 0.027987 -0.010531 1.535948
v 0.060084 0.005358 1.542714
v 0.026188 0.002288 1.515733
v 0.038600 0.096770 1.529978
v 0.050643 0.073167 1.518160
v 0.063926 0.080556 1.538841
v 0.032081 0.084785 1.510700
v 0.079031 0.063580 1.544042
v 0.070272 0.062815 1.544497
v 0.074044 0.045163 1.548217
v 0.083394 0.044648 1.548368
v 0.071994 0.082296 1.537707
v 0.040806 0.100525 1.527190
v 0.063926 0.080556 1.538841
v 0.038600 0.096770 1.529978
v 0.068245 0.021440 1.545674
v 0.068444 0.002385 1.541966
v 0.076923 0.018967 1.545514
v 0.060084 0.005358 1.542714
v 0.060084 0.005358 1.542714
v 0.029526 -0.015286 1.533949
v 0.068444 0.002385 1.541966
v 0.027987 -0.010531 1.535948
v 0.071994 0.082296 1.537707
v 0.063926 0.080556 1.538841
v 0.070272 0.062815 1.544497
v 0.079031 0.063580 1.544042
v 0.074044 0.045163 1.548217
v 0.076923 0.018967 1.545514
v 0.083394 0.044648 1.548368
v 0.068245 0.021440 1.545674
v 0.000058 -0.019182 1.528326
v 0.029526 -0.015286 1.533949
v 0.000057 -0.013715 1.530665
v 0.027987 -0.010531 1.535948
v 0.114130 0.018377 1.267940
v 0.130785 0.066874 1.277014
v 0.124589 0.018393 1.328565
v 0.126362 0.069640 1.244710
v 0.112368 0.014890 1.146189
v 0.126362 0.069640 1.244710
v 0.114130 0.018377 1.267940
v 0.129863 0.071719 1.142597
v 0.121945 0.104728 1.246815
v 0.137757 0.121929 1.324080
v 0.130785 0.066874 1.277014
v 0.126362 0.069640 1.244710
v 0.051731 -0.027916 1.275755
v -0.000039 -0.026155 1.154241
v 0.048069 -0.020946 1.152131
v 0.000113 -0.033307 1.283793
v 0.097005 -0.024440 1.386154
v 0.058719 -0.043485 1.411791
v 0.061188 -0.043005 1.380611
v 0.096924 -0.025889 1.413302
v 0.027927 0.171546 1.396102
v 0.090419 0.156320 1.333439
v 0.020155 0.177986 1.324129
v 0.097886 0.159732 1.408780
v 0.000010 -0.039968 1.327742
v 0.061188 -0.043005 1.380611
v 0.000026 -0.047631 1.379271
v 0.058347 -0.037259 1.323383
v 0.123292 0.099846 1.144554
v 0.126362 0.069640 1.244710
v 0.129863 0.071719 1.142597
v 0.121945 0.104728 1.246815
v 0.089200 0.018772 1.533867
v 0.068444 0.002385 1.541966
v 0.077382 0.005481 1.527953
v 0.076923 0.018967 1.545514
v 0.133895 -0.009837 1.482208
v 0.151153 0.004667 1.492669
v 0.144059 0.006205 1.503809
v 0.138330 -0.012302 1.474602
v 0.079031 0.063580 1.544042
v 0.083394 0.044648 1.548368
v 0.093742 0.042024 1.536434
v 0.091921 0.059291 1.530751
v 0.163597 0.037370 1.499327
v 0.166849 0.065742 1.498447
v 0.149691 0.060750 1.508862
v 0.148851 0.037922 1.511170
v 0.098020 -0.024664 1.446019
v 0.058719 -0.043485 1.411791
v 0.096924 -0.025889 1.413302
v 0.053362 -0.041157 1.443853
v 0.000113 -0.033307 1.283793
v 0.058347 -0.037259 1.323383
v 0.000010 -0.039968 1.327742
v 0.051731 -0.027916 1.275755
v 0.138330 -0.012302 1.474602
v 0.133895 -0.009837 1.482208
v 0.129273 -0.012576 1.474545
v 0.037670 0.156940 1.442277
v 0.105648 0.141553 1.456861
v 0.097886 0.159732 1.408780
v 0.027927 0.171546 1.396102
v 0.046700 -0.030066 1.488454
v 0.000043 -0.049175 1.440455
v 0.053362 -0.041157 1.443853
v 0.000051 -0.036971 1.484450
v 0.071994 0.082296 1.537707
v 0.077337 0.103708 1.511262
v 0.040806 0.100525 1.527190
v 0.084406 0.083133 1.523629
v 0.039756 0.118057 1.506408
v 0.049870 0.134126 1.490582
v 0.077337 0.103708 1.511262
v 0.113392 0.117252 1.498324
v 0.039756 0.118057 1.506408
v 0.163597 0.037370 1.499327
v 0.144059 0.006205 1.503809
v 0.151153 0.004667 1.492669
v 0.148851 0.037922 1.511170
v 0.166849 0.065742 1.498447
v 0.167824 0.095685 1.487726
v 0.151250 0.092273 1.499733
v 0.149691 0.060750 1.508862
v 0.035433 -0.016732 1.517367
v 0.000051 -0.036971 1.484450
v 0.046700 -0.030066 1.488454
v -0.002274 -0.023259 1.512484
v 0.095209 0.003666 1.270445
v 0.058347 -0.037259 1.323383
v 0.051731 -0.027916 1.275755
v 0.097868 -0.002889 1.326536
v 0.068653 -0.038114 1.039039
v 0.102354 -0.016594 1.035256
v 0.092798 0.000631 1.114309
v 0.050867 -0.018065 1.117114
v 0.068444 0.002385 1.541966
v 0.035433 -0.016732 1.517367
v 0.077382 0.005481 1.527953
v 0.029526 -0.015286 1.533949
v 0.097868 -0.002889 1.326536
v 0.061188 -0.043005 1.380611
v 0.058347 -0.037259 1.323383
v 0.097005 -0.024440 1.386154
v 0.024786 0.172006 1.308022
v 0.086888 0.149671 1.309440
v 0.083342 0.152266 1.253379
v 0.023121 0.168525 1.252008
v 0.107818 0.129452 1.146377
v 0.121945 0.104728 1.246815
v 0.123292 0.099846 1.144554
v 0.107328 0.132392 1.249745
v 0.000035 -0.050258 1.408311
v 0.058719 -0.043485 1.411791
v 0.053362 -0.041157 1.443853
v 0.000043 -0.049175 1.440455
v 0.039706 0.167746 1.034895
v 0.084878 0.146216 1.110993
v 0.090360 0.151351 1.034911
v 0.026083 0.165546 1.112027
v 0.058719 -0.043485 1.411791
v 0.000026 -0.047631 1.379271
v 0.061188 -0.043005 1.380611
v 0.000035 -0.050258 1.408311
v 0.029526 -0.015286 1.533949
v -0.002274 -0.023259 1.512484
v 0.035433 -0.016732 1.517367
v 0.000058 -0.019182 1.528326
v 0.143673 0.054555 1.026791
v 0.117267 0.011436 1.112822
v 0.127819 -0.000750 1.033619
v 0.133064 0.067623 1.110814
v 0.021792 0.167144 1.150559
v 0.083342 0.152266 1.253379
v 0.084342 0.150415 1.147505
v 0.023121 0.168525 1.252008
v 0.071994 0.082296 1.537707
v 0.091921 0.059291 1.530751
v 0.084406 0.083133 1.523629
v 0.079031 0.063580 1.544042
v 0.105773 -0.019157 1.484363
v 0.046700 -0.030066 1.488454
v 0.053362 -0.041157 1.443853
v 0.098020 -0.024664 1.446019
v 0.024786 0.172006 1.308022
v 0.090419 0.156320 1.333439
v 0.086888 0.149671 1.309440
v 0.020155 0.177986 1.324129
v 0.090360 0.151351 1.034911
v 0.109103 0.120947 1.110067
v 0.119837 0.120740 1.032710
v 0.084878 0.146216 1.110993
v 0.105648 0.141553 1.456861
v 0.037670 0.156940 1.442277
v 0.049870 0.134126 1.490582
v 0.113392 0.117252 1.498324
v 0.136613 0.091786 1.029124
v 0.133064 0.067623 1.110814
v 0.143673 0.054555 1.026791
v 0.124243 0.096915 1.109359
v 0.167824 0.095685 1.487726
v 0.150240 0.105242 1.491604
v 0.151250 0.092273 1.499733
v 0.093742 0.042024 1.536434
v 0.076923 0.018967 1.545514
v 0.089200 0.018772 1.533867
v 0.083394 0.044648 1.548368
v -0.171989 0.071434 1.493407
v -0.168142 0.036110 1.495540
v -0.166793 0.065654 1.498535
v -0.163526 0.037284 1.499414
v -0.168142 0.036110 1.495540
v -0.151068 0.004587 1.492749
v -0.163526 0.037284 1.499414
v -0.155672 0.003313 1.487010
v -0.144696 -0.011028 1.473057
v -0.151068 0.004587 1.492749
v -0.155672 0.003313 1.487010
v -0.138245 -0.012375 1.474676
v -0.128668 -0.014888 1.443574
v -0.138245 -0.012375 1.474676
v -0.136247 -0.008895 1.447588
v -0.144696 -0.011028 1.473057
v -0.127292 -0.012623 1.422429
v -0.128668 -0.014888 1.443574
v -0.135074 -0.008731 1.426308
v -0.136247 -0.008895 1.447588
v -0.127293 -0.006177 1.399488
v -0.127292 -0.012623 1.422429
v -0.135904 -0.000706 1.411499
v -0.135074 -0.008731 1.426308
v -0.124599 0.018327 1.328631
v -0.127293 -0.006177 1.399488
v -0.133703 0.022091 1.372239
v -0.135904 -0.000706 1.411499
v -0.145965 0.067141 1.341624
v -0.130848 0.066805 1.277083
v -0.124599 0.018327 1.328631
v -0.133703 0.022091 1.372239
v -0.137823 0.121857 1.324153
v -0.145965 0.067141 1.341624
v -0.155604 0.105700 1.376535
v -0.130848 0.066805 1.277083
v -0.144502 0.135609 1.370369
v -0.155604 0.105700 1.376535
v -0.165911 0.121651 1.413313
v -0.137823 0.121857 1.324153
v -0.150635 0.132809 1.423013
v -0.165911 0.121651 1.413313
v -0.166920 0.121123 1.440890
v -0.144502 0.135609 1.370369
v -0.162908 0.120186 1.458430
v -0.166920 0.121123 1.440890
v -0.170141 0.117620 1.457602
v -0.150635 0.132809 1.423013
v -0.162908 0.120186 1.458430
v -0.170141 0.117620 1.457602
v -0.174328 0.092032 1.483986
v -0.167790 0.095597 1.487814
v -0.167790 0.095597 1.487814
v -0.174328 0.092032 1.483986
v -0.171989 0.071434 1.493407
v -0.166793 0.065654 1.498535
v -0.102593 -0.016657 1.035327
v -0.117419 0.011380 1.112887
v -0.128070 -0.000795 1.033696
v -0.092938 0.000580 1.114363
v -0.127292 -0.012623 1.422429
v -0.119928 -0.017684 1.445015
v -0.128668 -0.014888 1.443574
v -0.118382 -0.017374 1.417577
v -0.127293 -0.006177 1.399488
v -0.118382 -0.017374 1.417577
v -0.127292 -0.012623 1.422429
v -0.118241 -0.012905 1.391929
v -0.114171 0.018317 1.268000
v -0.115355 0.011060 1.327928
v -0.124599 0.018327 1.328631
v -0.128668 -0.014888 1.443574
v -0.129188 -0.012645 1.474613
v -0.138245 -0.012375 1.474676
v -0.119928 -0.017684 1.445015
v -0.124599 0.018327 1.328631
v -0.118241 -0.012905 1.391929
v -0.127293 -0.006177 1.399488
v -0.115355 0.011060 1.327928
v -0.150209 0.105163 1.491684
v -0.162908 0.120186 1.458430
v -0.167790 0.095597 1.487814
v -0.137745 0.131500 1.456527
v -0.120589 0.144701 1.352045
v -0.137823 0.121857 1.324153
v -0.144502 0.135609 1.370369
v -0.116115 0.134977 1.315881
v -0.120027 0.120687 1.032767
v -0.124413 0.096859 1.109423
v -0.109279 0.120894 1.110123
v -0.136799 0.091748 1.029185
v -0.116115 0.134977 1.315881
v -0.122043 0.104664 1.246880
v -0.137823 0.121857 1.324153
v -0.107440 0.132336 1.249802
v -0.150635 0.132809 1.423013
v -0.137745 0.131500 1.456527
v -0.130502 0.143940 1.418000
v -0.162908 0.120186 1.458430
v -0.130502 0.143940 1.418000
v -0.144502 0.135609 1.370369
v -0.150635 0.132809 1.423013
v -0.120589 0.144701 1.352045
v -0.048152 -0.020971 1.152157
v -0.095241 0.003616 1.270496
v -0.090889 0.002996 1.148225
v -0.051745 -0.027943 1.275782
v -0.122509 0.040850 1.526219
v -0.089100 0.018725 1.533915
v -0.093654 0.041975 1.536483
v -0.118319 0.013031 1.520081
v -0.077279 0.005440 1.527994
v -0.046598 -0.030090 1.488479
v -0.035324 -0.016750 1.517386
v -0.111791 -0.007101 1.503573
v -0.105680 -0.019213 1.484419
v -0.089100 0.018725 1.533915
v -0.111791 -0.007101 1.503573
v -0.077279 0.005440 1.527994
v -0.118319 0.013031 1.520081
v -0.077294 0.103667 1.511303
v -0.119642 0.089387 1.513852
v -0.084346 0.083088 1.523674
v -0.113363 0.117192 1.498384
v -0.120526 0.060500 1.522557
v -0.093654 0.041975 1.536483
v -0.091845 0.059243 1.530800
v -0.122509 0.040850 1.526219
v -0.084346 0.083088 1.523674
v -0.120526 0.060500 1.522557
v -0.091845 0.059243 1.530800
v -0.119642 0.089387 1.513852
v 0.000045 -0.042094 1.041052
v -0.050980 -0.018096 1.117144
v -0.068832 -0.038169 1.039088
v -0.000050 -0.022622 1.117171
v -0.058211 0.046503 1.526023
v -0.068141 0.021404 1.545711
v -0.054838 0.027915 1.523946
v -0.073951 0.045124 1.548256
v -0.068141 0.021404 1.545711
v -0.049794 0.015121 1.521562
v -0.054838 0.027915 1.523946
v -0.059973 0.005327 1.542746
v -0.070191 0.062778 1.544535
v -0.058211 0.046503 1.526023
v -0.055011 0.059907 1.522822
v -0.073951 0.045124 1.548256
v -0.026090 0.002274 1.515747
v 0.000057 -0.013715 1.530665
v -0.001882 -0.000732 1.512214
v -0.027871 -0.010545 1.535963
v -0.063856 0.080522 1.538875
v -0.055011 0.059907 1.522822
v -0.050580 0.073140 1.518187
v -0.070191 0.062778 1.544535
v -0.049794 0.015121 1.521562
v -0.027871 -0.010545 1.535963
v -0.026090 0.002274 1.515747
v -0.059973 0.005327 1.542746
v -0.038544 0.096750 1.529998
v -0.063856 0.080522 1.538875
v -0.050580 0.073140 1.518187
v -0.032028 0.084768 1.510716
v -0.078949 0.063538 1.544084
v -0.073951 0.045124 1.548256
v -0.070191 0.062778 1.544535
v -0.083301 0.044604 1.548412
v -0.040753 0.100504 1.527212
v -0.071926 0.082258 1.537746
v -0.063856 0.080522 1.538875
v -0.038544 0.096750 1.529998
v -0.068332 0.002349 1.542003
v -0.068141 0.021404 1.545711
v -0.076818 0.018926 1.545555
v -0.059973 0.005327 1.542746
v -0.059973 0.005327 1.542746
v -0.029408 -0.015302 1.533965
v -0.027871 -0.010545 1.535963
v -0.068332 0.002349 1.542003
v -0.071926 0.082258 1.537746
v -0.070191 0.062778 1.544535
v -0.063856 0.080522 1.538875
v -0.078949 0.063538 1.544084
v -0.076818 0.018926 1.545555
v -0.073951 0.045124 1.548256
v -0.083301 0.044604 1.548412
v -0.068141 0.021404 1.545711
v -0.029408 -0.015302 1.533965
v 0.000058 -0.019182 1.528326
v 0.000057 -0.013715 1.530665
v -0.027871 -0.010545 1.535963
v -0.130848 0.066805 1.277083
v -0.114171 0.018317 1.268000
v -0.124599 0.018327 1.328631
v -0.126443 0.069574 1.244777
v -0.112488 0.014833 1.146250
v -0.126443 0.069574 1.244777
v -0.130008 0.071657 1.142665
v -0.114171 0.018317 1.268000
v -0.130848 0.066805 1.277083
v -0.122043 0.104664 1.246880
v -0.126443 0.069574 1.244777
v -0.137823 0.121857 1.324153
v -0.000039 -0.026155 1.154241
v -0.051745 -0.027943 1.275782
v -0.048152 -0.020971 1.152157
v 0.000113 -0.033307 1.283793
v -0.096962 -0.024491 1.386206
v -0.058651 -0.043515 1.411822
v -0.096865 -0.025940 1.413353
v -0.061138 -0.043037 1.380643
v -0.090498 0.156272 1.333487
v -0.027981 0.171531 1.396117
v -0.020251 0.177975 1.324140
v -0.097927 0.159681 1.408832
v 0.000010 -0.039968 1.327742
v -0.061138 -0.043037 1.380643
v -0.058329 -0.037289 1.323414
v 0.000026 -0.047631 1.379271
v -0.123445 0.099787 1.144618
v -0.126443 0.069574 1.244777
v -0.122043 0.104664 1.246880
v -0.130008 0.071657 1.142665
v -0.089100 0.018725 1.533915
v -0.068332 0.002349 1.542003
v -0.076818 0.018926 1.545555
v -0.077279 0.005440 1.527994
v -0.151068 0.004587 1.492749
v -0.133808 -0.009907 1.482279
v -0.143969 0.006129 1.503885
v -0.138245 -0.012375 1.474676
v -0.093654 0.041975 1.536483
v -0.078949 0.063538 1.544084
v -0.091845 0.059243 1.530800
v -0.083301 0.044604 1.548412
v -0.166793 0.065654 1.498535
v -0.163526 0.037284 1.499414
v -0.149627 0.060671 1.508941
v -0.148774 0.037844 1.511249
v -0.058651 -0.043515 1.411822
v -0.097944 -0.024716 1.446071
v -0.096865 -0.025940 1.413353
v -0.053278 -0.041185 1.443881
v 0.000113 -0.033307 1.283793
v -0.058329 -0.037289 1.323414
v -0.051745 -0.027943 1.275782
v 0.000010 -0.039968 1.327742
v -0.138245 -0.012375 1.474676
v -0.129188 -0.012645 1.474613
v -0.133808 -0.009907 1.482279
v -0.097927 0.159681 1.408832
v -0.037692 0.156920 1.442297
v -0.027981 0.171531 1.396117
v -0.105654 0.141497 1.456917
v 0.000043 -0.049175 1.440455
v -0.046598 -0.030090 1.488479
v -0.053278 -0.041185 1.443881
v 0.000051 -0.036971 1.484450
v -0.040753 0.100504 1.527212
v -0.077294 0.103667 1.511303
v -0.071926 0.082258 1.537746
v -0.039723 0.118037 1.506429
v -0.084346 0.083088 1.523674
v -0.077294 0.103667 1.511303
v -0.049855 0.134100 1.490609
v -0.113363 0.117192 1.498384
v -0.039723 0.118037 1.506429
v -0.163526 0.037284 1.499414
v -0.143969 0.006129 1.503885
v -0.148774 0.037844 1.511249
v -0.151068 0.004587 1.492749
v -0.167790 0.095597 1.487814
v -0.166793 0.065654 1.498535
v -0.151207 0.092194 1.499813
v -0.149627 0.060671 1.508941
v -0.035324 -0.016750 1.517386
v -0.046598 -0.030090 1.488479
v 0.000051 -0.036971 1.484450
v -0.002274 -0.023259 1.512484
v -0.058329 -0.037289 1.323414
v -0.095241 0.003616 1.270496
v -0.051745 -0.027943 1.275782
v -0.097868 -0.002941 1.326588
v -0.068832 -0.038169 1.039088
v -0.092938 0.000580 1.114363
v -0.102593 -0.016657 1.035327
v -0.050980 -0.018096 1.117144
v -0.035324 -0.016750 1.517386
v -0.068332 0.002349 1.542003
v -0.077279 0.005440 1.527994
v -0.029408 -0.015302 1.533965
v -0.097868 -0.002941 1.326588
v -0.061138 -0.043037 1.380643
v -0.096962 -0.024491 1.386206
v -0.058329 -0.037289 1.323414
v -0.083462 0.152222 1.253423
v -0.024887 0.171993 1.308035
v -0.023250 0.168513 1.252020
v -0.086977 0.149625 1.309486
v -0.122043 0.104664 1.246880
v -0.107982 0.129397 1.146434
v -0.123445 0.099787 1.144618
v -0.107440 0.132336 1.249802
v 0.000035 -0.050258 1.408311
v -0.053278 -0.041185 1.443881
v -0.058651 -0.043515 1.411822
v 0.000043 -0.049175 1.440455
v -0.039932 0.167714 1.034917
v -0.085064 0.146171 1.111037
v -0.026282 0.165529 1.112041
v -0.090569 0.151300 1.034956
v 0.000026 -0.047631 1.379271
v -0.058651 -0.043515 1.411822
v -0.061138 -0.043037 1.380643
v 0.000035 -0.050258 1.408311
v -0.002274 -0.023259 1.512484
v -0.029408 -0.015302 1.533965
v -0.035324 -0.016750 1.517386
v 0.000058 -0.019182 1.528326
v -0.143884 0.054527 1.026857
v -0.117419 0.011380 1.112887
v -0.133229 0.067566 1.110883
v -0.128070 -0.000795 1.033696
v -0.021974 0.167132 1.150571
v -0.083462 0.152222 1.253423
v -0.023250 0.168513 1.252020
v -0.084516 0.150371 1.147550
v -0.071926 0.082258 1.537746
v -0.091845 0.059243 1.530800
v -0.078949 0.063538 1.544084
v -0.084346 0.083088 1.523674
v -0.053278 -0.041185 1.443881
v -0.105680 -0.019213 1.484419
v -0.097944 -0.024716 1.446071
v -0.046598 -0.030090 1.488479
v -0.024887 0.171993 1.308035
v -0.090498 0.156272 1.333487
v -0.020251 0.177975 1.324140
v -0.086977 0.149625 1.309486
v -0.090569 0.151300 1.034956
v -0.109279 0.120894 1.110123
v -0.085064 0.146171 1.111037
v -0.120027 0.120687 1.032767
v -0.105654 0.141497 1.456917
v -0.049855 0.134100 1.490609
v -0.037692 0.156920 1.442297
v -0.113363 0.117192 1.498384
v -0.133229 0.067566 1.110883
v -0.136799 0.091748 1.029185
v -0.143884 0.054527 1.026857
v -0.124413 0.096859 1.109423
v -0.167790 0.095597 1.487814
v -0.151207 0.092194 1.499813
v -0.150209 0.105163 1.491684
v -0.093654 0.041975 1.536483
v -0.076818 0.018926 1.545555
v -0.083301 0.044604 1.548412
v -0.089100 0.018725 1.533915
v 0.091588 0.028409 1.001170
v 0.055995 0.054214 1.001682
v 0.083130 0.057811 1.001055
v 0.062769 0.003299 1.002864
v 0.083130 0.057811 1.001055
v 0.093242 0.079625 1.000023
v 0.097415 0.059738 0.999919
v 0.076898 0.085890 1.002146
v 0.055995 0.054214 1.001682
v 0.062769 0.003299 1.002864
v -0.000086 0.000657 1.006658
v -0.000099 0.049481 1.003992
v 0.076898 0.085890 1.002146
v 0.083130 0.057811 1.001055
v 0.055995 0.054214 1.001682
v 0.051883 0.084738 1.001109
v 0.051883 0.084738 1.001109
v 0.055995 0.054214 1.001682
v -0.000099 0.049481 1.003992
v -0.000108 0.085736 1.002166
v 0.076898 0.085890 1.002146
v 0.066722 0.116935 1.000314
v 0.084114 0.096862 1.000895
v 0.093242 0.079625 1.000023
v 0.097415 0.059738 0.999919
v 0.091588 0.028409 1.001170
v 0.083130 0.057811 1.001055
v 0.066722 0.116935 1.000314
v 0.076898 0.085890 1.002146
v 0.051883 0.084738 1.001109
v 0.046929 0.124945 1.000715
v 0.091588 0.028409 1.001170
v 0.123626 0.056828 1.006370
v 0.116661 0.018611 1.008249
v 0.097415 0.059738 0.999919
v -0.000080 -0.015514 1.014831
v 0.062769 0.003299 1.002864
v 0.080997 -0.012578 1.010096
v -0.000086 0.000657 1.006658
v 0.061572 0.137416 1.007594
v 0.066722 0.116935 1.000314
v 0.046929 0.124945 1.000715
v 0.085943 0.127457 1.007074
v -0.000114 0.142515 1.008536
v 0.046929 0.124945 1.000715
v -0.000115 0.128978 1.001407
v 0.061572 0.137416 1.007594
v 0.084114 0.096862 1.000895
v 0.085943 0.127457 1.007074
v 0.107282 0.102630 1.007646
v 0.066722 0.116935 1.000314
v 0.097415 0.059738 0.999919
v 0.118416 0.081452 1.006382
v 0.123626 0.056828 1.006370
v 0.093242 0.079625 1.000023
v 0.093242 0.079625 1.000023
v 0.107282 0.102630 1.007646
v 0.118416 0.081452 1.006382
v 0.084114 0.096862 1.000895
v 0.116661 0.018611 1.008249
v 0.080997 -0.012578 1.010096
v 0.091588 0.028409 1.001170
v 0.062769 0.003299 1.002864
v 0.152887 0.067900 1.380645
v 0.142154 0.040588 1.380395
v 0.149431 0.034584 1.398977
v 0.149087 0.076916 1.368183
v 0.158646 -0.000631 1.403939
v 0.180685 -0.000171 1.435667
v 0.153848 -0.001461 1.430152
v 0.190278 -0.005151 1.407772
v 0.169275 0.096083 1.409772
v 0.205947 0.088702 1.399772
v 0.182481 0.091362 1.381893
v 0.181112 0.105404 1.434416
v 0.213256 0.024625 1.427733
v 0.234256 0.051739 1.405295
v 0.228174 0.060627 1.429816
v 0.221645 0.018193 1.403624
v 0.213256 0.024625 1.427733
v 0.190278 -0.005151 1.407772
v 0.221645 0.018193 1.403624
v 0.180685 -0.000171 1.435667
v 0.169275 0.096083 1.409772
v 0.149087 0.076916 1.368183
v 0.152887 0.067900 1.380645
v 0.182481 0.091362 1.381893
v 0.142154 0.040588 1.380395
v 0.153848 -0.001461 1.430152
v 0.149431 0.034584 1.398977
v 0.158646 -0.000631 1.403939
v 0.228174 0.060627 1.429816
v 0.205947 0.088702 1.399772
v 0.181112 0.105404 1.434416
v 0.234256 0.051739 1.405295
v 0.152887 0.067900 1.380645
v 0.149431 0.034584 1.398977
v 0.133715 0.022161 1.372168
v 0.145937 0.067217 1.341547
v 0.169275 0.096083 1.409772
v 0.165892 0.121738 1.413225
v 0.181112 0.105404 1.434416
v 0.155574 0.105782 1.376453
v 0.135949 -0.000634 1.411427
v 0.149431 0.034584 1.398977
v 0.153848 -0.001461 1.430152
v 0.133715 0.022161 1.372168
v 0.189141 0.086138 1.346811
v 0.227451 0.070322 1.317441
v 0.202747 0.081391 1.304903
v 0.213264 0.078058 1.363755
v 0.172471 0.062148 1.293522
v 0.162240 0.026836 1.303937
v 0.169182 0.065353 1.296306
v 0.157863 0.027435 1.308588
v 0.169182 0.065353 1.296306
v 0.203731 0.077222 1.300347
v 0.172471 0.062148 1.293522
v 0.202747 0.081391 1.304903
v 0.246476 0.035046 1.323196
v 0.248147 0.035909 1.330314
v 0.242853 0.003043 1.329255
v 0.242122 0.004210 1.322172
v 0.227657 0.013195 1.380808
v 0.208238 -0.018430 1.328692
v 0.242853 0.003043 1.329255
v 0.197723 -0.008258 1.382193
v 0.227451 0.070322 1.317441
v 0.246476 0.035046 1.323196
v 0.226876 0.066965 1.311472
v 0.248147 0.035909 1.330314
v 0.176845 -0.012024 1.324489
v 0.197723 -0.008258 1.382193
v 0.164028 -0.001084 1.374777
v 0.208238 -0.018430 1.328692
v 0.162240 0.026836 1.303937
v 0.176845 -0.012024 1.324489
v 0.157863 0.027435 1.308588
v 0.180744 -0.010093 1.317860
v 0.155574 0.105782 1.376453
v 0.169275 0.096083 1.409772
v 0.152887 0.067900 1.380645
v 0.145937 0.067217 1.341547
v 0.176845 -0.012024 1.324489
v 0.145727 0.036678 1.347756
v 0.157863 0.027435 1.308588
v 0.164028 -0.001084 1.374777
v 0.210334 -0.015989 1.321445
v 0.176845 -0.012024 1.324489
v 0.180744 -0.010093 1.317860
v 0.208238 -0.018430 1.328692
v 0.213264 0.078058 1.363755
v 0.248147 0.035909 1.330314
v 0.227451 0.070322 1.317441
v 0.236738 0.044449 1.381346
v 0.242853 0.003043 1.329255
v 0.210334 -0.015989 1.321445
v 0.242122 0.004210 1.322172
v 0.208238 -0.018430 1.328692
v 0.227657 0.013195 1.380808
v 0.248147 0.035909 1.330314
v 0.236738 0.044449 1.381346
v 0.242853 0.003043 1.329255
v 0.156775 0.070149 1.328049
v 0.202747 0.081391 1.304903
v 0.169182 0.065353 1.296306
v 0.189141 0.086138 1.346811
v 0.157863 0.027435 1.308588
v 0.145727 0.036678 1.347756
v 0.156775 0.070149 1.328049
v 0.169182 0.065353 1.296306
v 0.202747 0.081391 1.304903
v 0.226876 0.066965 1.311472
v 0.203731 0.077222 1.300347
v 0.227451 0.070322 1.317441
v 0.205947 0.088702 1.399772
v 0.236738 0.044449 1.381346
v 0.213264 0.078058 1.363755
v 0.234256 0.051739 1.405295
v 0.142154 0.040588 1.380395
v 0.145727 0.036678 1.347756
v 0.164028 -0.001084 1.374777
v 0.158646 -0.000631 1.403939
v 0.149087 0.076916 1.368183
v 0.189141 0.086138 1.346811
v 0.156775 0.070149 1.328049
v 0.182481 0.091362 1.381893
v 0.221645 0.018193 1.403624
v 0.197723 -0.008258 1.382193
v 0.227657 0.013195 1.380808
v 0.190278 -0.005151 1.407772
v 0.170148 0.117710 1.457512
v 0.184061 0.104225 1.461700
v 0.186176 0.105440 1.448757
v 0.166916 0.121211 1.440802
v 0.135131 -0.008660 1.426237
v 0.153848 -0.001461 1.430152
v 0.153838 -0.006674 1.445649
v 0.135949 -0.000634 1.411427
v 0.195931 0.035697 1.466984
v 0.212796 0.070244 1.453955
v 0.197260 0.074315 1.472880
v 0.204588 0.030275 1.445145
v 0.195931 0.035697 1.466984
v 0.174493 0.002023 1.452775
v 0.204588 0.030275 1.445145
v 0.170369 0.003429 1.462424
v 0.212796 0.070244 1.453955
v 0.184061 0.104225 1.461700
v 0.197260 0.074315 1.472880
v 0.186176 0.105440 1.448757
v 0.153720 -0.003786 1.456454
v 0.174493 0.002023 1.452775
v 0.170369 0.003429 1.462424
v 0.153838 -0.006674 1.445649
v 0.221645 0.018193 1.403624
v 0.236738 0.044449 1.381346
v 0.234256 0.051739 1.405295
v 0.227657 0.013195 1.380808
v 0.182481 0.091362 1.381893
v 0.213264 0.078058 1.363755
v 0.189141 0.086138 1.346811
v 0.205947 0.088702 1.399772
v 0.164028 -0.001084 1.374777
v 0.190278 -0.005151 1.407772
v 0.158646 -0.000631 1.403939
v 0.197723 -0.008258 1.382193
v 0.149087 0.076916 1.368183
v 0.145727 0.036678 1.347756
v 0.142154 0.040588 1.380395
v 0.156775 0.070149 1.328049
v 0.163734 0.001293 1.478550
v 0.155755 0.003395 1.486928
v 0.144779 -0.010952 1.472981
v 0.151345 -0.007223 1.470509
v 0.151345 -0.007223 1.470509
v 0.170369 0.003429 1.462424
v 0.163734 0.001293 1.478550
v 0.153720 -0.003786 1.456454
v 0.153838 -0.006674 1.445649
v 0.180685 -0.000171 1.435667
v 0.174493 0.002023 1.452775
v 0.153848 -0.001461 1.430152
v 0.172039 0.071525 1.493316
v 0.178144 0.037086 1.485493
v 0.181561 0.074197 1.487008
v 0.168212 0.036199 1.495451
v 0.228174 0.060627 1.429816
v 0.186176 0.105440 1.448757
v 0.212796 0.070244 1.453955
v 0.181112 0.105404 1.434416
v 0.197260 0.074315 1.472880
v 0.180886 0.089631 1.480239
v 0.181561 0.074197 1.487008
v 0.184061 0.104225 1.461700
v 0.204588 0.030275 1.445145
v 0.180685 -0.000171 1.435667
v 0.213256 0.024625 1.427733
v 0.174493 0.002023 1.452775
v 0.170369 0.003429 1.462424
v 0.195931 0.035697 1.466984
v 0.178144 0.037086 1.485493
v 0.163734 0.001293 1.478550
v 0.178144 0.037086 1.485493
v 0.197260 0.074315 1.472880
v 0.181561 0.074197 1.487008
v 0.195931 0.035697 1.466984
v 0.204588 0.030275 1.445145
v 0.228174 0.060627 1.429816
v 0.212796 0.070244 1.453955
v 0.213256 0.024625 1.427733
v 0.136315 -0.008823 1.447515
v 0.153838 -0.006674 1.445649
v 0.153720 -0.003786 1.456454
v 0.135131 -0.008660 1.426237
v 0.170148 0.117710 1.457512
v 0.174362 0.092124 1.483893
v 0.184061 0.104225 1.461700
v 0.180886 0.089631 1.480239
v 0.168212 0.036199 1.495451
v 0.163734 0.001293 1.478550
v 0.178144 0.037086 1.485493
v 0.155755 0.003395 1.486928
v 0.166916 0.121211 1.440802
v 0.186176 0.105440 1.448757
v 0.181112 0.105404 1.434416
v 0.165892 0.121738 1.413225
v 0.153720 -0.003786 1.456454
v 0.144779 -0.010952 1.472981
v 0.136315 -0.008823 1.447515
v 0.151345 -0.007223 1.470509
v 0.174362 0.092124 1.483893
v 0.181561 0.074197 1.487008
v 0.180886 0.089631 1.480239
v 0.172039 0.071525 1.493316
v 0.133325 -0.003218 1.007947
v 0.137516 -0.007837 1.014934
v 0.111277 -0.029255 1.017476
v 0.127819 -0.000750 1.033619
v 0.111277 -0.029255 1.017476
v 0.137516 -0.007837 1.014934
v 0.102354 -0.016594 1.035256
v 0.120593 0.115735 1.007561
v 0.141164 0.088476 1.014156
v 0.136333 0.085583 1.005554
v 0.124473 0.120647 1.015921
v 0.124473 0.120647 1.015921
v 0.136613 0.091786 1.029124
v 0.141164 0.088476 1.014156
v 0.119837 0.120740 1.032710
v 0.141164 0.088476 1.014156
v 0.143673 0.054555 1.026791
v 0.148787 0.050615 1.013140
v 0.136613 0.091786 1.029124
v 0.124473 0.120647 1.015921
v 0.092319 0.157560 1.013609
v 0.090360 0.151351 1.034911
v 0.119837 0.120740 1.032710
v 0.148787 0.050615 1.013140
v 0.127819 -0.000750 1.033619
v 0.137516 -0.007837 1.014934
v 0.143673 0.054555 1.026791
v 0.054948 0.173311 1.013917
v 0.090360 0.151351 1.034911
v 0.092319 0.157560 1.013609
v 0.039706 0.167746 1.034895
v -0.000414 0.180646 1.014509
v 0.039706 0.167746 1.034895
v 0.054948 0.173311 1.013917
v -0.000366 0.174887 1.035330
v 0.102354 -0.016594 1.035256
v 0.083057 -0.052972 1.021476
v 0.111277 -0.029255 1.017476
v 0.068653 -0.038114 1.039039
v 0.120593 0.115735 1.007561
v 0.085943 0.127457 1.007074
v 0.090280 0.150925 1.006386
v 0.107282 0.102630 1.007646
v 0.133325 -0.003218 1.007947
v 0.080997 -0.012578 1.010096
v 0.116661 0.018611 1.008249
v 0.083278 -0.046807 1.011328
v 0.083278 -0.046807 1.011328
v -0.000080 -0.015514 1.014831
v 0.080997 -0.012578 1.010096
v -0.000075 -0.051031 1.018878
v 0.116661 0.018611 1.008249
v 0.143496 0.050655 1.005303
v 0.133325 -0.003218 1.007947
v 0.123626 0.056828 1.006370
v 0.055896 0.164889 1.007344
v 0.090280 0.150925 1.006386
v 0.061572 0.137416 1.007594
v 0.085943 0.127457 1.007074
v -0.000407 0.171812 1.008700
v 0.055896 0.164889 1.007344
v -0.000114 0.142515 1.008536
v 0.061572 0.137416 1.007594
v 0.107282 0.102630 1.007646
v 0.136333 0.085583 1.005554
v 0.118416 0.081452 1.006382
v 0.120593 0.115735 1.007561
v 0.123626 0.056828 1.006370
v 0.136333 0.085583 1.005554
v 0.143496 0.050655 1.005303
v 0.118416 0.081452 1.006382
v 0.046929 0.124945 1.000715
v 0.051883 0.084738 1.001109
v -0.000108 0.085736 1.002166
v -0.000115 0.128978 1.001407
v 0.050643 0.073167 1.518160
v 0.032081 0.084785 1.510700
v 0.029019 0.075090 1.510349
v 0.000027 0.076791 1.505038
v 0.032081 0.084785 1.510700
v -0.001091 0.087730 1.504787
v 0.029019 0.075090 1.510349
v 0.050643 0.073167 1.518160
v 0.025995 0.062441 1.510200
v 0.055083 0.059936 1.522792
v 0.029019 0.075090 1.510349
v 0.029019 0.075090 1.510349
v 0.000031 0.063226 1.506035
v 0.025995 0.062441 1.510200
v 0.000027 0.076791 1.505038
v 0.055083 0.059936 1.522792
v 0.024308 0.047671 1.510722
v 0.058292 0.046534 1.525992
v 0.025995 0.062441 1.510200
v 0.024308 0.047671 1.510722
v 0.025995 0.062441 1.510200
v 0.000031 0.063226 1.506035
v 0.000035 0.046833 1.507281
v 0.024987 0.028670 1.512672
v 0.024308 0.047671 1.510722
v 0.000035 0.046833 1.507281
v 0.000041 0.028420 1.508723
v 0.054927 0.027944 1.523917
v 0.058292 0.046534 1.525992
v 0.024308 0.047671 1.510722
v 0.024987 0.028670 1.512672
v 0.025785 0.015054 1.514301
v 0.024987 0.028670 1.512672
v 0.000041 0.028420 1.508723
v -0.000814 0.014556 1.510323
v 0.049888 0.015147 1.521536
v 0.054927 0.027944 1.523917
v 0.024987 0.028670 1.512672
v 0.025785 0.015054 1.514301
v 0.026188 0.002288 1.515733
v 0.049888 0.015147 1.521536
v 0.025785 0.015054 1.514301
v -0.000814 0.014556 1.510323
v 0.026188 0.002288 1.515733
v 0.025785 0.015054 1.514301
v -0.001882 -0.000732 1.512214
v -0.004075 0.101330 1.523292
v -0.001091 0.087730 1.504787
v 0.032081 0.084785 1.510700
v 0.038600 0.096770 1.529978
v -0.004218 0.105695 1.519357
v 0.038600 0.096770 1.529978
v 0.040806 0.100525 1.527190
v -0.004075 0.101330 1.523292
v -0.000146 0.169529 1.112569
v 0.021792 0.167144 1.150559
v 0.026083 0.165546 1.112027
v -0.000092 0.169744 1.151857
v 0.136333 0.085583 1.005554
v 0.148787 0.050615 1.013140
v 0.143496 0.050655 1.005303
v 0.141164 0.088476 1.014156
v 0.090280 0.150925 1.006386
v 0.124473 0.120647 1.015921
v 0.120593 0.115735 1.007561
v 0.092319 0.157560 1.013609
v 0.148787 0.050615 1.013140
v 0.137516 -0.007837 1.014934
v 0.133325 -0.003218 1.007947
v 0.143496 0.050655 1.005303
v 0.055896 0.164889 1.007344
v 0.092319 0.157560 1.013609
v 0.090280 0.150925 1.006386
v 0.054948 0.173311 1.013917
v -0.000407 0.171812 1.008700
v 0.054948 0.173311 1.013917
v 0.055896 0.164889 1.007344
v -0.000414 0.180646 1.014509
v 0.083278 -0.046807 1.011328
v 0.133325 -0.003218 1.007947
v 0.111277 -0.029255 1.017476
v 0.083057 -0.052972 1.021476
v 0.068653 -0.038114 1.039039
v 0.000067 -0.056996 1.029070
v 0.083057 -0.052972 1.021476
v 0.000045 -0.042094 1.041052
v -0.000092 0.169744 1.151857
v 0.023121 0.168525 1.252008
v 0.021792 0.167144 1.150559
v -0.000065 0.171653 1.253962
v -0.000029 0.174536 1.392818
v 0.020155 0.177986 1.324129
v -0.000050 0.182961 1.322027
v 0.027927 0.171546 1.396102
v -0.000013 0.158905 1.434875
v 0.027927 0.171546 1.396102
v -0.000029 0.174536 1.392818
v 0.037670 0.156940 1.442277
v 0.039756 0.118057 1.506408
v -0.004218 0.105695 1.519357
v 0.040806 0.100525 1.527190
v -0.004161 0.119258 1.502207
v 0.083057 -0.052972 1.021476
v -0.000075 -0.051031 1.018878
v 0.083278 -0.046807 1.011328
v 0.000067 -0.056996 1.029070
v -0.004088 0.134744 1.483084
v 0.039756 0.118057 1.506408
v 0.049870 0.134126 1.490582
v -0.004161 0.119258 1.502207
v -0.000065 0.171653 1.253962
v 0.024786 0.172006 1.308022
v 0.023121 0.168525 1.252008
v -0.000053 0.178300 1.307182
v -0.004088 0.134744 1.483084
v 0.037670 0.156940 1.442277
v -0.000013 0.158905 1.434875
v 0.049870 0.134126 1.490582
v -0.000053 0.178300 1.307182
v 0.020155 0.177986 1.324129
v 0.024786 0.172006 1.308022
v -0.000050 0.182961 1.322027
v -0.000366 0.174887 1.035330
v 0.026083 0.165546 1.112027
v 0.039706 0.167746 1.034895
v -0.000146 0.169529 1.112569
v -0.091814 0.028335 1.001232
v -0.056200 0.054157 1.001720
v -0.062969 0.003241 1.002908
v -0.083337 0.057737 1.001108
v -0.083337 0.057737 1.001108
v -0.097622 0.059672 0.999975
v -0.093442 0.079559 1.000075
v -0.077099 0.085825 1.002191
v -0.056200 0.054157 1.001720
v -0.000086 0.000657 1.006658
v -0.062969 0.003241 1.002908
v -0.000099 0.049481 1.003992
v -0.077099 0.085825 1.002191
v -0.056200 0.054157 1.001720
v -0.083337 0.057737 1.001108
v -0.052091 0.084686 1.001142
v -0.052091 0.084686 1.001142
v -0.000099 0.049481 1.003992
v -0.056200 0.054157 1.001720
v -0.000108 0.085736 1.002166
v -0.077099 0.085825 1.002191
v -0.093442 0.079559 1.000075
v -0.084316 0.096801 1.000941
v -0.066935 0.116882 1.000350
v -0.097622 0.059672 0.999975
v -0.083337 0.057737 1.001108
v -0.091814 0.028335 1.001232
v -0.066935 0.116882 1.000350
v -0.052091 0.084686 1.001142
v -0.077099 0.085825 1.002191
v -0.047150 0.124902 1.000742
v -0.091814 0.028335 1.001232
v -0.123833 0.056773 1.006434
v -0.097622 0.059672 0.999975
v -0.116879 0.018551 1.008316
v -0.000080 -0.015514 1.014831
v -0.081195 -0.012637 1.010149
v -0.062969 0.003241 1.002908
v -0.000086 0.000657 1.006658
v -0.066935 0.116882 1.000350
v -0.061792 0.137369 1.007627
v -0.047150 0.124902 1.000742
v -0.086153 0.127403 1.007118
v -0.047150 0.124902 1.000742
v -0.000114 0.142515 1.008536
v -0.000115 0.128978 1.001407
v -0.061792 0.137369 1.007627
v -0.086153 0.127403 1.007118
v -0.084316 0.096801 1.000941
v -0.107483 0.102572 1.007700
v -0.066935 0.116882 1.000350
v -0.118617 0.081395 1.006442
v -0.097622 0.059672 0.999975
v -0.123833 0.056773 1.006434
v -0.093442 0.079559 1.000075
v -0.107483 0.102572 1.007700
v -0.093442 0.079559 1.000075
v -0.118617 0.081395 1.006442
v -0.084316 0.096801 1.000941
v -0.081195 -0.012637 1.010149
v -0.091814 0.028335 1.001232
v -0.062969 0.003241 1.002908
v -0.116879 0.018551 1.008316
v -0.152895 0.067819 1.380726
v -0.149412 0.034506 1.399056
v -0.142147 0.040513 1.380471
v -0.149106 0.076837 1.368262
v -0.180628 -0.000266 1.435762
v -0.158605 -0.000715 1.404023
v -0.153794 -0.001542 1.430234
v -0.190233 -0.005252 1.407873
v -0.169282 0.095994 1.409861
v -0.205955 0.088594 1.399881
v -0.181111 0.105308 1.434512
v -0.182501 0.091266 1.381990
v -0.213216 0.024513 1.427846
v -0.228152 0.060506 1.429937
v -0.234243 0.051615 1.405419
v -0.221615 0.018076 1.403742
v -0.190233 -0.005252 1.407873
v -0.213216 0.024513 1.427846
v -0.221615 0.018076 1.403742
v -0.180628 -0.000266 1.435762
v -0.169282 0.095994 1.409861
v -0.152895 0.067819 1.380726
v -0.149106 0.076837 1.368262
v -0.182501 0.091266 1.381990
v -0.153794 -0.001542 1.430234
v -0.142147 0.040513 1.380471
v -0.149412 0.034506 1.399056
v -0.158605 -0.000715 1.404023
v -0.228152 0.060506 1.429937
v -0.181111 0.105308 1.434512
v -0.205955 0.088594 1.399881
v -0.234243 0.051615 1.405419
v -0.152895 0.067819 1.380726
v -0.133703 0.022091 1.372239
v -0.149412 0.034506 1.399056
v -0.145965 0.067141 1.341624
v -0.169282 0.095994 1.409861
v -0.181111 0.105308 1.434512
v -0.165911 0.121651 1.413313
v -0.155604 0.105700 1.376535
v -0.149412 0.034506 1.399056
v -0.135904 -0.000706 1.411499
v -0.153794 -0.001542 1.430234
v -0.133703 0.022091 1.372239
v -0.189176 0.086038 1.346911
v -0.227494 0.070203 1.317561
v -0.213286 0.077946 1.363868
v -0.202802 0.081284 1.305011
v -0.162266 0.026751 1.304023
v -0.169233 0.065264 1.296396
v -0.157888 0.027352 1.308671
v -0.172522 0.062057 1.293613
v -0.169233 0.065264 1.296396
v -0.203787 0.077115 1.300455
v -0.202802 0.081284 1.305011
v -0.172522 0.062057 1.293613
v -0.242854 0.002915 1.329384
v -0.248164 0.035778 1.330445
v -0.246497 0.034916 1.323326
v -0.242127 0.004082 1.322300
v -0.227636 0.013074 1.380929
v -0.208228 -0.018540 1.328802
v -0.197690 -0.008363 1.382298
v -0.242854 0.002915 1.329384
v -0.227494 0.070203 1.317561
v -0.246497 0.034916 1.323326
v -0.248164 0.035778 1.330445
v -0.226920 0.066846 1.311592
v -0.197690 -0.008363 1.382298
v -0.176840 -0.012117 1.324582
v -0.164002 -0.001171 1.374864
v -0.208228 -0.018540 1.328802
v -0.162266 0.026751 1.304023
v -0.176840 -0.012117 1.324582
v -0.180744 -0.010188 1.317955
v -0.157888 0.027352 1.308671
v -0.155604 0.105700 1.376535
v -0.152895 0.067819 1.380726
v -0.169282 0.095994 1.409861
v -0.145965 0.067141 1.341624
v -0.176840 -0.012117 1.324582
v -0.157888 0.027352 1.308671
v -0.145736 0.036601 1.347834
v -0.164002 -0.001171 1.374864
v -0.210329 -0.016100 1.321556
v -0.176840 -0.012117 1.324582
v -0.208228 -0.018540 1.328802
v -0.180744 -0.010188 1.317955
v -0.213286 0.077946 1.363868
v -0.248164 0.035778 1.330445
v -0.236733 0.044324 1.381472
v -0.227494 0.070203 1.317561
v -0.242854 0.002915 1.329384
v -0.210329 -0.016100 1.321556
v -0.208228 -0.018540 1.328802
v -0.242127 0.004082 1.322300
v -0.248164 0.035778 1.330445
v -0.227636 0.013074 1.380929
v -0.236733 0.044324 1.381472
v -0.242854 0.002915 1.329384
v -0.156812 0.070066 1.328132
v -0.202802 0.081284 1.305011
v -0.189176 0.086038 1.346911
v -0.169233 0.065264 1.296396
v -0.157888 0.027352 1.308671
v -0.156812 0.070066 1.328132
v -0.145736 0.036601 1.347834
v -0.169233 0.065264 1.296396
v -0.202802 0.081284 1.305011
v -0.226920 0.066846 1.311592
v -0.227494 0.070203 1.317561
v -0.203787 0.077115 1.300455
v -0.205955 0.088594 1.399881
v -0.236733 0.044324 1.381472
v -0.234243 0.051615 1.405419
v -0.213286 0.077946 1.363868
v -0.142147 0.040513 1.380471
v -0.164002 -0.001171 1.374864
v -0.145736 0.036601 1.347834
v -0.158605 -0.000715 1.404023
v -0.189176 0.086038 1.346911
v -0.149106 0.076837 1.368262
v -0.156812 0.070066 1.328132
v -0.182501 0.091266 1.381990
v -0.197690 -0.008363 1.382298
v -0.221615 0.018076 1.403742
v -0.227636 0.013074 1.380929
v -0.190233 -0.005252 1.407873
v -0.170141 0.117620 1.457602
v -0.186167 0.105342 1.448856
v -0.184045 0.104128 1.461797
v -0.166920 0.121123 1.440890
v -0.153794 -0.001542 1.430234
v -0.135074 -0.008731 1.426308
v -0.153772 -0.006755 1.445730
v -0.135904 -0.000706 1.411499
v -0.212766 0.070132 1.454067
v -0.195876 0.035594 1.467088
v -0.197223 0.074211 1.472985
v -0.204542 0.030167 1.445253
v -0.195876 0.035594 1.467088
v -0.174427 0.001931 1.452868
v -0.170300 0.003339 1.462514
v -0.204542 0.030167 1.445253
v -0.184045 0.104128 1.461797
v -0.212766 0.070132 1.454067
v -0.197223 0.074211 1.472985
v -0.186167 0.105342 1.448856
v -0.174427 0.001931 1.452868
v -0.153650 -0.003867 1.456535
v -0.170300 0.003339 1.462514
v -0.153772 -0.006755 1.445730
v -0.221615 0.018076 1.403742
v -0.234243 0.051615 1.405419
v -0.236733 0.044324 1.381472
v -0.227636 0.013074 1.380929
v -0.182501 0.091266 1.381990
v -0.213286 0.077946 1.363868
v -0.205955 0.088594 1.399881
v -0.189176 0.086038 1.346911
v -0.190233 -0.005252 1.407873
v -0.164002 -0.001171 1.374864
v -0.158605 -0.000715 1.404023
v -0.197690 -0.008363 1.382298
v -0.149106 0.076837 1.368262
v -0.142147 0.040513 1.380471
v -0.145736 0.036601 1.347834
v -0.156812 0.070066 1.328132
v -0.144696 -0.011028 1.473057
v -0.163655 0.001207 1.478637
v -0.151266 -0.007303 1.470589
v -0.155672 0.003313 1.487010
v -0.170300 0.003339 1.462514
v -0.151266 -0.007303 1.470589
v -0.163655 0.001207 1.478637
v -0.153650 -0.003867 1.456535
v -0.180628 -0.000266 1.435762
v -0.153772 -0.006755 1.445730
v -0.174427 0.001931 1.452868
v -0.153794 -0.001542 1.430234
v -0.171989 0.071434 1.493407
v -0.178080 0.036992 1.485587
v -0.168142 0.036110 1.495540
v -0.181516 0.074101 1.487104
v -0.186167 0.105342 1.448856
v -0.228152 0.060506 1.429937
v -0.212766 0.070132 1.454067
v -0.181111 0.105308 1.434512
v -0.197223 0.074211 1.472985
v -0.181516 0.074101 1.487104
v -0.180852 0.089536 1.480335
v -0.184045 0.104128 1.461797
v -0.204542 0.030167 1.445253
v -0.180628 -0.000266 1.435762
v -0.174427 0.001931 1.452868
v -0.213216 0.024513 1.427846
v -0.170300 0.003339 1.462514
v -0.178080 0.036992 1.485587
v -0.195876 0.035594 1.467088
v -0.163655 0.001207 1.478637
v -0.197223 0.074211 1.472985
v -0.178080 0.036992 1.485587
v -0.181516 0.074101 1.487104
v -0.195876 0.035594 1.467088
v -0.228152 0.060506 1.429937
v -0.204542 0.030167 1.445253
v -0.212766 0.070132 1.454067
v -0.213216 0.024513 1.427846
v -0.153772 -0.006755 1.445730
v -0.136247 -0.008895 1.447588
v -0.153650 -0.003867 1.456535
v -0.135074 -0.008731 1.426308
v -0.174328 0.092032 1.483986
v -0.184045 0.104128 1.461797
v -0.180852 0.089536 1.480335
v -0.170141 0.117620 1.457602
v -0.168142 0.036110 1.495540
v -0.163655 0.001207 1.478637
v -0.155672 0.003313 1.487010
v -0.178080 0.036992 1.485587
v -0.166920 0.121123 1.440890
v -0.181111 0.105308 1.434512
v -0.186167 0.105342 1.448856
v -0.165911 0.121651 1.413313
v -0.153650 -0.003867 1.456535
v -0.144696 -0.011028 1.473057
v -0.151266 -0.007303 1.470589
v -0.136247 -0.008895 1.447588
v -0.174328 0.092032 1.483986
v -0.181516 0.074101 1.487104
v -0.171989 0.071434 1.493407
v -0.180852 0.089536 1.480335
v -0.133566 -0.003268 1.008024
v -0.111516 -0.029317 1.017550
v -0.137766 -0.007881 1.015013
v -0.128070 -0.000795 1.033696
v -0.111516 -0.029317 1.017550
v -0.102593 -0.016657 1.035327
v -0.137766 -0.007881 1.015013
v -0.141355 0.088436 1.014218
v -0.120789 0.115680 1.007617
v -0.136530 0.085537 1.005617
v -0.124665 0.120594 1.015978
v -0.136799 0.091748 1.029185
v -0.124665 0.120594 1.015978
v -0.141355 0.088436 1.014218
v -0.120027 0.120687 1.032767
v -0.143884 0.054527 1.026857
v -0.141355 0.088436 1.014218
v -0.149001 0.050584 1.013209
v -0.136799 0.091748 1.029185
v -0.124665 0.120594 1.015978
v -0.090569 0.151300 1.034956
v -0.092537 0.157507 1.013654
v -0.120027 0.120687 1.032767
v -0.128070 -0.000795 1.033696
v -0.149001 0.050584 1.013209
v -0.137766 -0.007881 1.015013
v -0.143884 0.054527 1.026857
v -0.055181 0.173271 1.013946
v -0.090569 0.151300 1.034956
v -0.039932 0.167714 1.034917
v -0.092537 0.157507 1.013654
v -0.039932 0.167714 1.034917
v -0.000414 0.180646 1.014509
v -0.055181 0.173271 1.013946
v -0.000366 0.174887 1.035330
v -0.102593 -0.016657 1.035327
v -0.083251 -0.053032 1.021534
v -0.068832 -0.038169 1.039088
v -0.111516 -0.029317 1.017550
v -0.120789 0.115680 1.007617
v -0.090498 0.150872 1.006430
v -0.086153 0.127403 1.007118
v -0.107483 0.102572 1.007700
v -0.081195 -0.012637 1.010149
v -0.133566 -0.003268 1.008024
v -0.116879 0.018551 1.008316
v -0.083480 -0.046870 1.011386
v -0.083480 -0.046870 1.011386
v -0.000080 -0.015514 1.014831
v -0.000075 -0.051031 1.018878
v -0.081195 -0.012637 1.010149
v -0.116879 0.018551 1.008316
v -0.143710 0.050614 1.005372
v -0.123833 0.056773 1.006434
v -0.133566 -0.003268 1.008024
v -0.090498 0.150872 1.006430
v -0.061792 0.137369 1.007627
v -0.086153 0.127403 1.007118
v -0.056127 0.164847 1.007373
v -0.056127 0.164847 1.007373
v -0.000114 0.142515 1.008536
v -0.061792 0.137369 1.007627
v -0.000407 0.171812 1.008700
v -0.136530 0.085537 1.005617
v -0.107483 0.102572 1.007700
v -0.118617 0.081395 1.006442
v -0.120789 0.115680 1.007617
v -0.136530 0.085537 1.005617
v -0.123833 0.056773 1.006434
v -0.143710 0.050614 1.005372
v -0.118617 0.081395 1.006442
v -0.047150 0.124902 1.000742
v -0.000108 0.085736 1.002166
v -0.052091 0.084686 1.001142
v -0.000115 0.128978 1.001407
v -0.050580 0.073140 1.518187
v -0.028961 0.075075 1.510364
v -0.032028 0.084768 1.510716
v -0.032028 0.084768 1.510716
v 0.000027 0.076791 1.505038
v -0.001091 0.087730 1.504787
v -0.028961 0.075075 1.510364
v -0.050580 0.073140 1.518187
v -0.025931 0.062427 1.510213
v -0.028961 0.075075 1.510364
v -0.055011 0.059907 1.522822
v -0.028961 0.075075 1.510364
v 0.000031 0.063226 1.506035
v 0.000027 0.076791 1.505038
v -0.025931 0.062427 1.510213
v -0.055011 0.059907 1.522822
v -0.024236 0.047659 1.510735
v -0.025931 0.062427 1.510213
v -0.058211 0.046503 1.526023
v -0.024236 0.047659 1.510735
v 0.000031 0.063226 1.506035
v -0.025931 0.062427 1.510213
v 0.000035 0.046833 1.507281
v -0.024904 0.028657 1.512685
v 0.000035 0.046833 1.507281
v -0.024236 0.047659 1.510735
v 0.000041 0.028420 1.508723
v -0.054838 0.027915 1.523946
v -0.024236 0.047659 1.510735
v -0.058211 0.046503 1.526023
v -0.024904 0.028657 1.512685
v -0.025694 0.015041 1.514314
v 0.000041 0.028420 1.508723
v -0.024904 0.028657 1.512685
v -0.000814 0.014556 1.510323
v -0.049794 0.015121 1.521562
v -0.024904 0.028657 1.512685
v -0.054838 0.027915 1.523946
v -0.025694 0.015041 1.514314
v -0.026090 0.002274 1.515747
v -0.025694 0.015041 1.514314
v -0.049794 0.015121 1.521562
v -0.000814 0.014556 1.510323
v -0.026090 0.002274 1.515747
v -0.001882 -0.000732 1.512214
v -0.025694 0.015041 1.514314
v -0.004075 0.101330 1.523292
v -0.032028 0.084768 1.510716
v -0.001091 0.087730 1.504787
v -0.038544 0.096750 1.529998
v -0.004218 0.105695 1.519357
v -0.040753 0.100504 1.527212
v -0.038544 0.096750 1.529998
v -0.004075 0.101330 1.523292
v -0.021974 0.167132 1.150571
v -0.000146 0.169529 1.112569
v -0.026282 0.165529 1.112041
v -0.000092 0.169744 1.151857
v -0.136530 0.085537 1.005617
v -0.149001 0.050584 1.013209
v -0.141355 0.088436 1.014218
v -0.143710 0.050614 1.005372
v -0.090498 0.150872 1.006430
v -0.124665 0.120594 1.015978
v -0.092537 0.157507 1.013654
v -0.120789 0.115680 1.007617
v -0.133566 -0.003268 1.008024
v -0.149001 0.050584 1.013209
v -0.143710 0.050614 1.005372
v -0.137766 -0.007881 1.015013
v -0.056127 0.164847 1.007373
v -0.092537 0.157507 1.013654
v -0.055181 0.173271 1.013946
v -0.090498 0.150872 1.006430
v -0.000407 0.171812 1.008700
v -0.055181 0.173271 1.013946
v -0.000414 0.180646 1.014509
v -0.056127 0.164847 1.007373
v -0.133566 -0.003268 1.008024
v -0.083480 -0.046870 1.011386
v -0.111516 -0.029317 1.017550
v -0.083251 -0.053032 1.021534
v -0.068832 -0.038169 1.039088
v 0.000067 -0.056996 1.029070
v 0.000045 -0.042094 1.041052
v -0.083251 -0.053032 1.021534
v -0.000092 0.169744 1.151857
v -0.023250 0.168513 1.252020
v -0.000065 0.171653 1.253962
v -0.021974 0.167132 1.150571
v -0.020251 0.177975 1.324140
v -0.000029 0.174536 1.392818
v -0.000050 0.182961 1.322027
v -0.027981 0.171531 1.396117
v -0.027981 0.171531 1.396117
v -0.000013 0.158905 1.434875
v -0.000029 0.174536 1.392818
v -0.037692 0.156920 1.442297
v -0.039723 0.118037 1.506429
v -0.004218 0.105695 1.519357
v -0.004161 0.119258 1.502207
v -0.040753 0.100504 1.527212
v -0.000075 -0.051031 1.018878
v -0.083251 -0.053032 1.021534
v -0.083480 -0.046870 1.011386
v 0.000067 -0.056996 1.029070
v -0.039723 0.118037 1.506429
v -0.004088 0.134744 1.483084
v -0.049855 0.134100 1.490609
v -0.004161 0.119258 1.502207
v -0.000065 0.171653 1.253962
v -0.024887 0.171993 1.308035
v -0.000053 0.178300 1.307182
v -0.023250 0.168513 1.252020
v -0.037692 0.156920 1.442297
v -0.004088 0.134744 1.483084
v -0.000013 0.158905 1.434875
v -0.049855 0.134100 1.490609
v -0.020251 0.177975 1.324140
v -0.000053 0.178300 1.307182
v -0.024887 0.171993 1.308035
v -0.000050 0.182961 1.322027
v -0.026282 0.165529 1.112041
v -0.000366 0.174887 1.035330
v -0.039932 0.167714 1.034917
v -0.000146 0.169529 1.112569
v 0.232978 0.100179 1.006098
v 0.249113 0.077567 1.040621
v 0.243621 0.084993 1.000984
v 0.236272 0.094977 1.045199
v 0.203362 0.068428 0.873611
v 0.204260 0.056527 0.871350
v 0.202556 0.056829 0.875910
v 0.205238 0.067214 0.869578
v 0.219017 0.044783 0.878314
v 0.202565 0.046218 0.879709
v 0.204186 0.046218 0.874327
v 0.219448 0.043828 0.873356
v 0.242070 0.066633 0.874562
v 0.237621 0.055065 0.870928
v 0.239755 0.065732 0.867688
v 0.238683 0.055177 0.877862
v 0.222402 0.069434 0.873330
v 0.239755 0.065732 0.867688
v 0.221996 0.069065 0.867977
v 0.242070 0.066633 0.874562
v 0.202556 0.056829 0.875910
v 0.204186 0.046218 0.874327
v 0.202565 0.046218 0.879709
v 0.204260 0.056527 0.871350
v 0.233718 0.045076 0.874900
v 0.219017 0.044783 0.878314
v 0.219448 0.043828 0.873356
v 0.234271 0.044691 0.880437
v 0.238683 0.055177 0.877862
v 0.233718 0.045076 0.874900
v 0.237621 0.055065 0.870928
v 0.234271 0.044691 0.880437
v 0.205238 0.067214 0.869578
v 0.222402 0.069434 0.873330
v 0.221996 0.069065 0.867977
v 0.203362 0.068428 0.873611
v 0.209567 0.024422 0.884305
v 0.218727 0.023371 0.888636
v 0.206842 0.024671 0.887771
v 0.219396 0.022896 0.882349
v 0.233552 0.042257 0.881089
v 0.232729 0.032828 0.878131
v 0.231673 0.041396 0.874700
v 0.233610 0.033535 0.885985
v 0.217152 0.044517 0.878628
v 0.231673 0.041396 0.874700
v 0.217439 0.044545 0.874828
v 0.233552 0.042257 0.881089
v 0.202661 0.042350 0.881537
v 0.205340 0.034541 0.881641
v 0.204283 0.034432 0.885572
v 0.204582 0.042507 0.878345
v 0.219396 0.022896 0.882349
v 0.230750 0.023137 0.888846
v 0.218727 0.023371 0.888636
v 0.230452 0.023112 0.880562
v 0.233610 0.033535 0.885985
v 0.230452 0.023112 0.880562
v 0.232729 0.032828 0.878131
v 0.230750 0.023137 0.888846
v 0.202661 0.042350 0.881537
v 0.217152 0.044517 0.878628
v 0.204582 0.042507 0.878345
v 0.217439 0.044545 0.874828
v 0.204283 0.034432 0.885572
v 0.209567 0.024422 0.884305
v 0.206842 0.024671 0.887771
v 0.205340 0.034541 0.881641
v 0.208092 0.072825 0.868859
v 0.223316 0.070126 0.873415
v 0.205735 0.072571 0.872818
v 0.224759 0.070061 0.869217
v 0.241763 0.096122 0.875471
v 0.243465 0.083723 0.869283
v 0.240828 0.095647 0.868673
v 0.243812 0.083661 0.876259
v 0.225396 0.098380 0.868011
v 0.240828 0.095647 0.868673
v 0.225136 0.097757 0.862733
v 0.241763 0.096122 0.875471
v 0.211874 0.096818 0.875030
v 0.208754 0.084702 0.870991
v 0.207289 0.084666 0.874753
v 0.212338 0.096460 0.870917
v 0.224759 0.070061 0.869217
v 0.242031 0.071489 0.874534
v 0.223316 0.070126 0.873415
v 0.241814 0.071848 0.868278
v 0.242031 0.071489 0.874534
v 0.243465 0.083723 0.869283
v 0.243812 0.083661 0.876259
v 0.241814 0.071848 0.868278
v 0.225396 0.098380 0.868011
v 0.212338 0.096460 0.870917
v 0.211874 0.096818 0.875030
v 0.225136 0.097757 0.862733
v 0.205735 0.072571 0.872818
v 0.208754 0.084702 0.870991
v 0.208092 0.072825 0.868859
v 0.207289 0.084666 0.874753
v 0.208525 0.109190 0.877644
v 0.212347 0.098824 0.871523
v 0.212081 0.097983 0.875006
v 0.208321 0.109775 0.874455
v 0.208114 0.123092 0.879772
v 0.220472 0.128030 0.881576
v 0.209237 0.123520 0.877364
v 0.220220 0.128109 0.877016
v 0.241665 0.101457 0.875984
v 0.239263 0.112914 0.872851
v 0.240090 0.111785 0.878530
v 0.240655 0.102777 0.870505
v 0.241665 0.101457 0.875984
v 0.225500 0.099365 0.867740
v 0.240655 0.102777 0.870505
v 0.225168 0.100193 0.863304
v 0.208114 0.123092 0.879772
v 0.208321 0.109775 0.874455
v 0.208525 0.109190 0.877644
v 0.209237 0.123520 0.877364
v 0.220472 0.128030 0.881576
v 0.235419 0.124060 0.876269
v 0.220220 0.128109 0.877016
v 0.236323 0.123560 0.881938
v 0.240090 0.111785 0.878530
v 0.235419 0.124060 0.876269
v 0.236323 0.123560 0.881938
v 0.239263 0.112914 0.872851
v 0.212347 0.098824 0.871523
v 0.225500 0.099365 0.867740
v 0.212081 0.097983 0.875006
v 0.225168 0.100193 0.863304
v 0.245293 0.084096 0.981963
v 0.246079 0.071237 0.988285
v 0.245428 0.069402 0.979759
v 0.245709 0.081519 0.990114
v 0.243621 0.084993 1.000984
v 0.246079 0.071237 0.988285
v 0.245709 0.081519 0.990114
v 0.241074 0.053218 0.999874
v 0.241074 0.053218 0.999874
v 0.240041 0.046428 0.973395
v 0.245428 0.069402 0.979759
v 0.246079 0.071237 0.988285
v 0.241619 0.097363 0.981145
v 0.243621 0.084993 1.000984
v 0.245709 0.081519 0.990114
v 0.245293 0.084096 0.981963
v 0.195256 0.110704 0.954152
v 0.200314 0.121041 0.931085
v 0.199602 0.104940 0.932279
v 0.195256 0.110704 0.954152
v 0.201714 0.091904 0.933327
v 0.199096 0.089794 0.959620
v 0.199602 0.104940 0.932279
v 0.225649 0.165953 0.939707
v 0.230603 0.145107 0.944432
v 0.228752 0.160611 0.931921
v 0.228219 0.153631 0.951294
v 0.234898 0.123311 0.978874
v 0.232722 0.133622 0.945442
v 0.229278 0.135755 0.974596
v 0.229500 0.143549 0.960092
v 0.195619 0.141738 0.945403
v 0.192563 0.123681 0.962224
v 0.194059 0.134428 0.958773
v 0.201570 0.131447 0.930296
v 0.210183 0.184905 0.896371
v 0.217756 0.193097 0.904052
v 0.217679 0.187503 0.900758
v 0.205923 0.191214 0.898860
v 0.217679 0.187503 0.900758
v 0.218094 0.182713 0.917027
v 0.220422 0.175399 0.910283
v 0.217756 0.193097 0.904052
v 0.194645 0.180473 0.920548
v 0.199464 0.190466 0.908561
v 0.197500 0.184415 0.903685
v 0.193968 0.173355 0.914114
v 0.194645 0.180473 0.920548
v 0.195265 0.168016 0.921476
v 0.195327 0.176352 0.928003
v 0.193968 0.173355 0.914114
v 0.210183 0.184905 0.896371
v 0.197500 0.184415 0.903685
v 0.205923 0.191214 0.898860
v 0.200695 0.178676 0.899777
v 0.222315 0.175177 0.927211
v 0.220422 0.175399 0.910283
v 0.218094 0.182713 0.917027
v 0.225575 0.166701 0.922899
v 0.195943 0.171284 0.934992
v 0.196236 0.150748 0.939538
v 0.195417 0.158915 0.949981
v 0.196715 0.162296 0.927700
v 0.220941 0.159372 0.954313
v 0.221663 0.155006 0.962413
v 0.229406 0.148336 0.955711
v 0.228219 0.153631 0.951294
v 0.229406 0.148336 0.955711
v 0.221663 0.155006 0.962413
v 0.229500 0.143549 0.960092
v 0.223170 0.151561 0.967326
v 0.194865 0.155577 0.952567
v 0.195619 0.141738 0.945403
v 0.194232 0.152351 0.955383
v 0.196132 0.147125 0.941253
v 0.194865 0.155577 0.952567
v 0.195417 0.158915 0.949981
v 0.196236 0.150748 0.939538
v 0.196132 0.147125 0.941253
v 0.218548 0.176297 0.936204
v 0.222315 0.175177 0.927211
v 0.215770 0.178391 0.930752
v 0.225199 0.171198 0.934077
v 0.225649 0.165953 0.939707
v 0.218548 0.176297 0.936204
v 0.217934 0.172128 0.939866
v 0.225199 0.171198 0.934077
v 0.196715 0.162296 0.927700
v 0.195943 0.171284 0.934992
v 0.195950 0.165238 0.924795
v 0.195689 0.173987 0.931737
v 0.195950 0.165238 0.924795
v 0.195327 0.176352 0.928003
v 0.195265 0.168016 0.921476
v 0.195689 0.173987 0.931737
v 0.206324 0.140115 0.974554
v 0.223170 0.151561 0.967326
v 0.206248 0.153642 0.961611
v 0.219546 0.141204 0.979031
v 0.216199 0.158797 0.921035
v 0.227941 0.163254 0.927525
v 0.218193 0.156121 0.924305
v 0.228752 0.160611 0.931921
v 0.214585 0.161244 0.917626
v 0.225575 0.166701 0.922899
v 0.216199 0.158797 0.921035
v 0.227941 0.163254 0.927525
v 0.205397 0.176838 0.934639
v 0.215770 0.178391 0.930752
v 0.204609 0.179674 0.931156
v 0.218548 0.176297 0.936204
v 0.205908 0.174077 0.938173
v 0.218548 0.176297 0.936204
v 0.205397 0.176838 0.934639
v 0.217934 0.172128 0.939866
v 0.220246 0.138577 0.936990
v 0.232722 0.133622 0.945442
v 0.218894 0.133104 0.936248
v 0.231293 0.141720 0.946247
v 0.220081 0.141990 0.936062
v 0.230603 0.145107 0.944432
v 0.220246 0.138577 0.936990
v 0.231293 0.141720 0.946247
v 0.206058 0.157126 0.958630
v 0.220941 0.159372 0.954313
v 0.206635 0.161863 0.953472
v 0.221663 0.155006 0.962413
v 0.206248 0.153642 0.961611
v 0.221663 0.155006 0.962413
v 0.206058 0.157126 0.958630
v 0.223170 0.151561 0.967326
v 0.202201 0.157589 0.918569
v 0.216199 0.158797 0.921035
v 0.203573 0.154445 0.920834
v 0.218193 0.156121 0.924305
v 0.214585 0.161244 0.917626
v 0.202201 0.157589 0.918569
v 0.201069 0.160526 0.915723
v 0.216199 0.158797 0.921035
v 0.195950 0.165238 0.924795
v 0.195265 0.168016 0.921476
v 0.201069 0.160526 0.915723
v 0.202201 0.157589 0.918569
v 0.196715 0.162296 0.927700
v 0.195950 0.165238 0.924795
v 0.202201 0.157589 0.918569
v 0.203573 0.154445 0.920834
v 0.227941 0.163254 0.927525
v 0.225199 0.171198 0.934077
v 0.228752 0.160611 0.931921
v 0.225649 0.165953 0.939707
v 0.225575 0.166701 0.922899
v 0.225199 0.171198 0.934077
v 0.227941 0.163254 0.927525
v 0.222315 0.175177 0.927211
v 0.195689 0.173987 0.931737
v 0.204609 0.179674 0.931156
v 0.195327 0.176352 0.928003
v 0.205397 0.176838 0.934639
v 0.195943 0.171284 0.934992
v 0.205397 0.176838 0.934639
v 0.195689 0.173987 0.931737
v 0.205908 0.174077 0.938173
v 0.201845 0.138317 0.930046
v 0.218894 0.133104 0.936248
v 0.201570 0.131447 0.930296
v 0.220246 0.138577 0.936990
v 0.201974 0.142179 0.929504
v 0.220081 0.141990 0.936062
v 0.201845 0.138317 0.930046
v 0.220246 0.138577 0.936990
v 0.196132 0.147125 0.941253
v 0.196236 0.150748 0.939538
v 0.201974 0.142179 0.929504
v 0.201845 0.138317 0.930046
v 0.195619 0.141738 0.945403
v 0.196132 0.147125 0.941253
v 0.201845 0.138317 0.930046
v 0.201570 0.131447 0.930296
v 0.231293 0.141720 0.946247
v 0.229500 0.143549 0.960092
v 0.232722 0.133622 0.945442
v 0.229406 0.148336 0.955711
v 0.230603 0.145107 0.944432
v 0.229406 0.148336 0.955711
v 0.231293 0.141720 0.946247
v 0.228219 0.153631 0.951294
v 0.194865 0.155577 0.952567
v 0.206635 0.161863 0.953472
v 0.195417 0.158915 0.949981
v 0.206058 0.157126 0.958630
v 0.194232 0.152351 0.955383
v 0.206058 0.157126 0.958630
v 0.194865 0.155577 0.952567
v 0.206248 0.153642 0.961611
v 0.208841 0.026372 0.829916
v 0.204119 0.024058 0.835443
v 0.202102 0.024518 0.832797
v 0.211031 0.026097 0.833065
v 0.206156 0.026589 0.827100
v 0.202102 0.024518 0.832797
v 0.199923 0.024791 0.830472
v 0.208841 0.026372 0.829916
v 0.205664 0.043628 0.836221
v 0.198146 0.042135 0.836785
v 0.199133 0.042322 0.839419
v 0.203956 0.043379 0.833202
v 0.203956 0.043379 0.833202
v 0.196793 0.042079 0.834527
v 0.198146 0.042135 0.836785
v 0.202068 0.043181 0.830639
v 0.211031 0.026097 0.833065
v 0.212876 0.022437 0.852022
v 0.204119 0.024058 0.835443
v 0.220716 0.024465 0.848767
v 0.213842 0.044102 0.852343
v 0.211772 0.039203 0.833593
v 0.205664 0.043628 0.836221
v 0.221322 0.039433 0.849646
v 0.215004 0.022136 0.855923
v 0.225343 0.024198 0.857129
v 0.216790 0.021917 0.859852
v 0.223155 0.024271 0.852748
v 0.212876 0.022437 0.852022
v 0.223155 0.024271 0.852748
v 0.215004 0.022136 0.855923
v 0.220716 0.024465 0.848767
v 0.215453 0.044172 0.855946
v 0.221322 0.039433 0.849646
v 0.213842 0.044102 0.852343
v 0.223454 0.039654 0.853580
v 0.216404 0.044442 0.859571
v 0.223454 0.039654 0.853580
v 0.215453 0.044172 0.855946
v 0.225020 0.040235 0.857856
v 0.211772 0.039203 0.833593
v 0.211166 0.032213 0.830106
v 0.209736 0.039127 0.830229
v 0.213338 0.032180 0.833707
v 0.207925 0.032206 0.826361
v 0.209736 0.039127 0.830229
v 0.211166 0.032213 0.830106
v 0.207210 0.039018 0.827157
v 0.196836 0.028391 0.837222
v 0.197925 0.028009 0.839628
v 0.196509 0.036105 0.840531
v 0.195639 0.036209 0.838167
v 0.195350 0.028641 0.835167
v 0.196836 0.028391 0.837222
v 0.195639 0.036209 0.838167
v 0.194307 0.036334 0.836156
v 0.220716 0.024465 0.848767
v 0.213338 0.032180 0.833707
v 0.221735 0.031770 0.847347
v 0.211031 0.026097 0.833065
v 0.201963 0.035788 0.855165
v 0.197925 0.028009 0.839628
v 0.203994 0.026859 0.854999
v 0.196509 0.036105 0.840531
v 0.224285 0.031743 0.851478
v 0.220716 0.024465 0.848767
v 0.221735 0.031770 0.847347
v 0.223155 0.024271 0.852748
v 0.226762 0.032107 0.857110
v 0.223155 0.024271 0.852748
v 0.224285 0.031743 0.851478
v 0.225343 0.024198 0.857129
v 0.205707 0.026551 0.858817
v 0.208025 0.025269 0.862743
v 0.204817 0.034795 0.863790
v 0.203609 0.035534 0.859060
v 0.203994 0.026859 0.854999
v 0.205707 0.026551 0.858817
v 0.203609 0.035534 0.859060
v 0.201963 0.035788 0.855165
v 0.211031 0.026097 0.833065
v 0.211166 0.032213 0.830106
v 0.213338 0.032180 0.833707
v 0.208841 0.026372 0.829916
v 0.208841 0.026372 0.829916
v 0.207925 0.032206 0.826361
v 0.211166 0.032213 0.830106
v 0.206156 0.026589 0.827100
v 0.202102 0.024518 0.832797
v 0.197925 0.028009 0.839628
v 0.196836 0.028391 0.837222
v 0.204119 0.024058 0.835443
v 0.195350 0.028641 0.835167
v 0.202102 0.024518 0.832797
v 0.196836 0.028391 0.837222
v 0.199923 0.024791 0.830472
v 0.196509 0.036105 0.840531
v 0.198146 0.042135 0.836785
v 0.195639 0.036209 0.838167
v 0.199133 0.042322 0.839419
v 0.195639 0.036209 0.838167
v 0.196793 0.042079 0.834527
v 0.194307 0.036334 0.836156
v 0.198146 0.042135 0.836785
v 0.205664 0.043628 0.836221
v 0.209736 0.039127 0.830229
v 0.203956 0.043379 0.833202
v 0.211772 0.039203 0.833593
v 0.203956 0.043379 0.833202
v 0.207210 0.039018 0.827157
v 0.202068 0.043181 0.830639
v 0.209736 0.039127 0.830229
v 0.221735 0.031770 0.847347
v 0.213338 0.032180 0.833707
v 0.211772 0.039203 0.833593
v 0.221322 0.039433 0.849646
v 0.201963 0.035788 0.855165
v 0.199133 0.042322 0.839419
v 0.196509 0.036105 0.840531
v 0.204812 0.042998 0.854553
v 0.203994 0.026859 0.854999
v 0.204119 0.024058 0.835443
v 0.212876 0.022437 0.852022
v 0.197925 0.028009 0.839628
v 0.199133 0.042322 0.839419
v 0.213842 0.044102 0.852343
v 0.205664 0.043628 0.836221
v 0.204812 0.042998 0.854553
v 0.223454 0.039654 0.853580
v 0.224285 0.031743 0.851478
v 0.221322 0.039433 0.849646
v 0.221735 0.031770 0.847347
v 0.225020 0.040235 0.857856
v 0.226762 0.032107 0.857110
v 0.223454 0.039654 0.853580
v 0.224285 0.031743 0.851478
v 0.204817 0.034795 0.863790
v 0.206289 0.042909 0.858322
v 0.203609 0.035534 0.859060
v 0.207047 0.042921 0.862785
v 0.203609 0.035534 0.859060
v 0.204812 0.042998 0.854553
v 0.201963 0.035788 0.855165
v 0.206289 0.042909 0.858322
v 0.215004 0.022136 0.855923
v 0.208025 0.025269 0.862743
v 0.205707 0.026551 0.858817
v 0.216790 0.021917 0.859852
v 0.212876 0.022437 0.852022
v 0.205707 0.026551 0.858817
v 0.203994 0.026859 0.854999
v 0.215004 0.022136 0.855923
v 0.206289 0.042909 0.858322
v 0.213842 0.044102 0.852343
v 0.204812 0.042998 0.854553
v 0.215453 0.044172 0.855946
v 0.205340 0.034541 0.881641
v 0.208025 0.025269 0.862743
v 0.209567 0.024422 0.884305
v 0.204817 0.034795 0.863790
v 0.188787 0.028473 0.811315
v 0.207925 0.032206 0.826361
v 0.206156 0.026589 0.827100
v 0.187928 0.033110 0.808611
v 0.217439 0.044545 0.874828
v 0.216404 0.044442 0.859571
v 0.207047 0.042921 0.862785
v 0.204582 0.042507 0.878345
v 0.185282 0.034586 0.814962
v 0.188085 0.041276 0.816483
v 0.189346 0.038587 0.810745
v 0.187928 0.033110 0.808611
v 0.188165 0.028941 0.823403
v 0.199923 0.024791 0.830472
v 0.195350 0.028641 0.835167
v 0.187398 0.026644 0.817490
v 0.194307 0.036334 0.836156
v 0.188863 0.040990 0.821730
v 0.184886 0.035949 0.822067
v 0.196793 0.042079 0.834527
v 0.207210 0.039018 0.827157
v 0.188085 0.041276 0.816483
v 0.202068 0.043181 0.830639
v 0.189346 0.038587 0.810745
v 0.232729 0.032828 0.878131
v 0.225343 0.024198 0.857129
v 0.226762 0.032107 0.857110
v 0.230452 0.023112 0.880562
v 0.202068 0.043181 0.830639
v 0.188863 0.040990 0.821730
v 0.196793 0.042079 0.834527
v 0.188085 0.041276 0.816483
v 0.185282 0.034586 0.814962
v 0.188787 0.028473 0.811315
v 0.187398 0.026644 0.817490
v 0.187928 0.033110 0.808611
v 0.216790 0.021917 0.859852
v 0.230452 0.023112 0.880562
v 0.219396 0.022896 0.882349
v 0.225343 0.024198 0.857129
v 0.187398 0.026644 0.817490
v 0.206156 0.026589 0.827100
v 0.199923 0.024791 0.830472
v 0.188787 0.028473 0.811315
v 0.204582 0.042507 0.878345
v 0.204817 0.034795 0.863790
v 0.205340 0.034541 0.881641
v 0.207047 0.042921 0.862785
v 0.184886 0.035949 0.822067
v 0.187398 0.026644 0.817490
v 0.188165 0.028941 0.823403
v 0.185282 0.034586 0.814962
v 0.207925 0.032206 0.826361
v 0.187928 0.033110 0.808611
v 0.189346 0.038587 0.810745
v 0.207210 0.039018 0.827157
v 0.194307 0.036334 0.836156
v 0.188165 0.028941 0.823403
v 0.195350 0.028641 0.835167
v 0.184886 0.035949 0.822067
v 0.188085 0.041276 0.816483
v 0.185282 0.034586 0.814962
v 0.184886 0.035949 0.822067
v 0.188863 0.040990 0.821730
v 0.217439 0.044545 0.874828
v 0.225020 0.040235 0.857856
v 0.216404 0.044442 0.859571
v 0.231673 0.041396 0.874700
v 0.231673 0.041396 0.874700
v 0.226762 0.032107 0.857110
v 0.225020 0.040235 0.857856
v 0.232729 0.032828 0.878131
v 0.208025 0.025269 0.862743
v 0.219396 0.022896 0.882349
v 0.209567 0.024422 0.884305
v 0.216790 0.021917 0.859852
v 0.216404 0.044442 0.859571
v 0.206289 0.042909 0.858322
v 0.207047 0.042921 0.862785
v 0.215453 0.044172 0.855946
v 0.211500 0.059067 0.806183
v 0.203763 0.062134 0.808536
v 0.206497 0.062900 0.812502
v 0.214340 0.059515 0.810541
v 0.209017 0.058721 0.803042
v 0.201645 0.061714 0.805559
v 0.203763 0.062134 0.808536
v 0.211500 0.059067 0.806183
v 0.203880 0.040759 0.811833
v 0.197608 0.042265 0.819103
v 0.196411 0.042208 0.815163
v 0.205852 0.040590 0.816118
v 0.202282 0.040758 0.808778
v 0.196411 0.042208 0.815163
v 0.195254 0.041963 0.812428
v 0.203880 0.040759 0.811833
v 0.227906 0.062388 0.833840
v 0.214340 0.059515 0.810541
v 0.218739 0.066225 0.836719
v 0.206497 0.062900 0.812502
v 0.213577 0.044525 0.813071
v 0.216683 0.040714 0.840247
v 0.205852 0.040590 0.816118
v 0.226362 0.045056 0.837339
v 0.229992 0.062730 0.838180
v 0.220429 0.066570 0.840406
v 0.221500 0.067260 0.844666
v 0.231626 0.063245 0.842903
v 0.227906 0.062388 0.833840
v 0.218739 0.066225 0.836719
v 0.220429 0.066570 0.840406
v 0.229992 0.062730 0.838180
v 0.217502 0.041090 0.843785
v 0.226362 0.045056 0.837339
v 0.227811 0.044790 0.841818
v 0.216683 0.040714 0.840247
v 0.217897 0.041330 0.848137
v 0.227811 0.044790 0.841818
v 0.228856 0.044520 0.846883
v 0.217502 0.041090 0.843785
v 0.213544 0.051949 0.807246
v 0.213577 0.044525 0.813071
v 0.211220 0.044453 0.808533
v 0.216167 0.052141 0.812105
v 0.209058 0.044455 0.805139
v 0.210373 0.051848 0.802922
v 0.213544 0.051949 0.807246
v 0.211220 0.044453 0.808533
v 0.197865 0.059128 0.812983
v 0.194665 0.050266 0.815496
v 0.195851 0.050764 0.818989
v 0.199531 0.059922 0.816588
v 0.196251 0.058699 0.810137
v 0.193243 0.049915 0.812771
v 0.194665 0.050266 0.815496
v 0.197865 0.059128 0.812983
v 0.227906 0.062388 0.833840
v 0.216167 0.052141 0.812105
v 0.214340 0.059515 0.810541
v 0.227637 0.053233 0.832492
v 0.207956 0.062904 0.838974
v 0.199531 0.059922 0.816588
v 0.203143 0.052510 0.840615
v 0.195851 0.050764 0.818989
v 0.227906 0.062388 0.833840
v 0.230416 0.053189 0.838096
v 0.227637 0.053233 0.832492
v 0.229992 0.062730 0.838180
v 0.229992 0.062730 0.838180
v 0.232196 0.053349 0.844387
v 0.230416 0.053189 0.838096
v 0.231626 0.063245 0.842903
v 0.209488 0.063707 0.842436
v 0.204759 0.053087 0.844840
v 0.205406 0.054565 0.851102
v 0.209949 0.065166 0.848912
v 0.207956 0.062904 0.838974
v 0.203143 0.052510 0.840615
v 0.204759 0.053087 0.844840
v 0.209488 0.063707 0.842436
v 0.213544 0.051949 0.807246
v 0.211500 0.059067 0.806183
v 0.214340 0.059515 0.810541
v 0.216167 0.052141 0.812105
v 0.210373 0.051848 0.802922
v 0.209017 0.058721 0.803042
v 0.211500 0.059067 0.806183
v 0.213544 0.051949 0.807246
v 0.197865 0.059128 0.812983
v 0.206497 0.062900 0.812502
v 0.203763 0.062134 0.808536
v 0.199531 0.059922 0.816588
v 0.196251 0.058699 0.810137
v 0.203763 0.062134 0.808536
v 0.201645 0.061714 0.805559
v 0.197865 0.059128 0.812983
v 0.195851 0.050764 0.818989
v 0.196411 0.042208 0.815163
v 0.197608 0.042265 0.819103
v 0.194665 0.050266 0.815496
v 0.194665 0.050266 0.815496
v 0.195254 0.041963 0.812428
v 0.196411 0.042208 0.815163
v 0.193243 0.049915 0.812771
v 0.211220 0.044453 0.808533
v 0.205852 0.040590 0.816118
v 0.203880 0.040759 0.811833
v 0.213577 0.044525 0.813071
v 0.209058 0.044455 0.805139
v 0.203880 0.040759 0.811833
v 0.202282 0.040758 0.808778
v 0.211220 0.044453 0.808533
v 0.227637 0.053233 0.832492
v 0.213577 0.044525 0.813071
v 0.216167 0.052141 0.812105
v 0.226362 0.045056 0.837339
v 0.203143 0.052510 0.840615
v 0.197608 0.042265 0.819103
v 0.204906 0.042600 0.841371
v 0.195851 0.050764 0.818989
v 0.207956 0.062904 0.838974
v 0.206497 0.062900 0.812502
v 0.199531 0.059922 0.816588
v 0.218739 0.066225 0.836719
v 0.205852 0.040590 0.816118
v 0.204906 0.042600 0.841371
v 0.197608 0.042265 0.819103
v 0.216683 0.040714 0.840247
v 0.230416 0.053189 0.838096
v 0.226362 0.045056 0.837339
v 0.227637 0.053233 0.832492
v 0.227811 0.044790 0.841818
v 0.232196 0.053349 0.844387
v 0.227811 0.044790 0.841818
v 0.230416 0.053189 0.838096
v 0.228856 0.044520 0.846883
v 0.206059 0.042967 0.845053
v 0.205406 0.054565 0.851102
v 0.204759 0.053087 0.844840
v 0.206207 0.043479 0.851187
v 0.204759 0.053087 0.844840
v 0.204906 0.042600 0.841371
v 0.206059 0.042967 0.845053
v 0.203143 0.052510 0.840615
v 0.209488 0.063707 0.842436
v 0.221500 0.067260 0.844666
v 0.220429 0.066570 0.840406
v 0.209949 0.065166 0.848912
v 0.218739 0.066225 0.836719
v 0.207956 0.062904 0.838974
v 0.209488 0.063707 0.842436
v 0.220429 0.066570 0.840406
v 0.216683 0.040714 0.840247
v 0.206059 0.042967 0.845053
v 0.204906 0.042600 0.841371
v 0.217502 0.041090 0.843785
v 0.217502 0.041090 0.843785
v 0.206207 0.043479 0.851187
v 0.206059 0.042967 0.845053
v 0.217897 0.041330 0.848137
v 0.209949 0.065166 0.848912
v 0.221996 0.069065 0.867977
v 0.221500 0.067260 0.844666
v 0.205238 0.067214 0.869578
v 0.237621 0.055065 0.870928
v 0.228856 0.044520 0.846883
v 0.232196 0.053349 0.844387
v 0.233718 0.045076 0.874900
v 0.228856 0.044520 0.846883
v 0.219448 0.043828 0.873356
v 0.217897 0.041330 0.848137
v 0.233718 0.045076 0.874900
v 0.183484 0.048691 0.792009
v 0.187357 0.041856 0.786954
v 0.187170 0.041777 0.793460
v 0.185418 0.049078 0.783607
v 0.193243 0.049915 0.812771
v 0.188568 0.056888 0.792646
v 0.183484 0.048691 0.792009
v 0.196251 0.058699 0.810137
v 0.210373 0.051848 0.802922
v 0.189840 0.043890 0.780273
v 0.189267 0.049618 0.776767
v 0.209058 0.044455 0.805139
v 0.183484 0.048691 0.792009
v 0.187845 0.058471 0.785903
v 0.185418 0.049078 0.783607
v 0.188568 0.056888 0.792646
v 0.204260 0.056527 0.871350
v 0.206207 0.043479 0.851187
v 0.204186 0.046218 0.874327
v 0.205406 0.054565 0.851102
v 0.187845 0.058471 0.785903
v 0.209017 0.058721 0.803042
v 0.190082 0.055283 0.779414
v 0.201645 0.061714 0.805559
v 0.221996 0.069065 0.867977
v 0.231626 0.063245 0.842903
v 0.221500 0.067260 0.844666
v 0.239755 0.065732 0.867688
v 0.190082 0.055283 0.779414
v 0.185418 0.049078 0.783607
v 0.187845 0.058471 0.785903
v 0.189267 0.049618 0.776767
v 0.187357 0.041856 0.786954
v 0.202282 0.040758 0.808778
v 0.187170 0.041777 0.793460
v 0.195254 0.041963 0.812428
v 0.239755 0.065732 0.867688
v 0.232196 0.053349 0.844387
v 0.231626 0.063245 0.842903
v 0.237621 0.055065 0.870928
v 0.189840 0.043890 0.780273
v 0.209058 0.044455 0.805139
v 0.187357 0.041856 0.786954
v 0.202282 0.040758 0.808778
v 0.187170 0.041777 0.793460
v 0.193243 0.049915 0.812771
v 0.183484 0.048691 0.792009
v 0.195254 0.041963 0.812428
v 0.188568 0.056888 0.792646
v 0.201645 0.061714 0.805559
v 0.187845 0.058471 0.785903
v 0.196251 0.058699 0.810137
v 0.185418 0.049078 0.783607
v 0.189840 0.043890 0.780273
v 0.187357 0.041856 0.786954
v 0.189267 0.049618 0.776767
v 0.217897 0.041330 0.848137
v 0.219448 0.043828 0.873356
v 0.206207 0.043479 0.851187
v 0.204186 0.046218 0.874327
v 0.190082 0.055283 0.779414
v 0.210373 0.051848 0.802922
v 0.189267 0.049618 0.776767
v 0.209017 0.058721 0.803042
v 0.205238 0.067214 0.869578
v 0.205406 0.054565 0.851102
v 0.204260 0.056527 0.871350
v 0.209949 0.065166 0.848912
v 0.216905 0.074226 0.792398
v 0.211520 0.070499 0.797687
v 0.209491 0.070804 0.793426
v 0.218999 0.074085 0.796650
v 0.214184 0.074436 0.787480
v 0.209491 0.070804 0.793426
v 0.207196 0.070878 0.788683
v 0.216905 0.074226 0.792398
v 0.202148 0.088853 0.802221
v 0.207496 0.091263 0.795921
v 0.201056 0.088450 0.798294
v 0.209216 0.091802 0.800061
v 0.207496 0.091263 0.795921
v 0.205367 0.090880 0.791419
v 0.199348 0.088262 0.794050
v 0.201056 0.088450 0.798294
v 0.224559 0.069230 0.829543
v 0.211520 0.070499 0.797687
v 0.218999 0.074085 0.796650
v 0.233500 0.072992 0.826898
v 0.221438 0.094943 0.831073
v 0.217155 0.088587 0.797987
v 0.209216 0.091802 0.800061
v 0.231249 0.090609 0.828852
v 0.235534 0.072664 0.832305
v 0.226354 0.069074 0.837744
v 0.225886 0.069212 0.834429
v 0.236377 0.072464 0.835924
v 0.233500 0.072992 0.826898
v 0.225886 0.069212 0.834429
v 0.224559 0.069230 0.829543
v 0.235534 0.072664 0.832305
v 0.222792 0.095275 0.835195
v 0.231249 0.090609 0.828852
v 0.221438 0.094943 0.831073
v 0.233218 0.090927 0.833809
v 0.223327 0.095693 0.838152
v 0.233218 0.090927 0.833809
v 0.222792 0.095275 0.835195
v 0.233986 0.091297 0.837227
v 0.217155 0.088587 0.797987
v 0.218781 0.080897 0.792821
v 0.215211 0.088334 0.793694
v 0.220852 0.081027 0.797673
v 0.218781 0.080897 0.792821
v 0.212543 0.088092 0.788948
v 0.215211 0.088334 0.793694
v 0.214541 0.080823 0.785751
v 0.200424 0.081613 0.802625
v 0.202415 0.073330 0.797658
v 0.203650 0.073147 0.801533
v 0.199397 0.081486 0.798977
v 0.199397 0.081486 0.798977
v 0.200573 0.073357 0.793103
v 0.202415 0.073330 0.797658
v 0.197556 0.081414 0.794633
v 0.233500 0.072992 0.826898
v 0.220852 0.081027 0.797673
v 0.234007 0.081794 0.825779
v 0.218999 0.074085 0.796650
v 0.208490 0.082256 0.831045
v 0.200424 0.081613 0.802625
v 0.203650 0.073147 0.801533
v 0.212591 0.072326 0.831166
v 0.236735 0.081777 0.831703
v 0.233500 0.072992 0.826898
v 0.234007 0.081794 0.825779
v 0.235534 0.072664 0.832305
v 0.236377 0.072464 0.835924
v 0.236735 0.081777 0.831703
v 0.237764 0.081868 0.836104
v 0.235534 0.072664 0.832305
v 0.210322 0.082708 0.840733
v 0.213642 0.072372 0.835769
v 0.213857 0.072258 0.840391
v 0.209948 0.082442 0.836145
v 0.209948 0.082442 0.836145
v 0.212591 0.072326 0.831166
v 0.213642 0.072372 0.835769
v 0.208490 0.082256 0.831045
v 0.218781 0.080897 0.792821
v 0.220852 0.081027 0.797673
v 0.218999 0.074085 0.796650
v 0.216905 0.074226 0.792398
v 0.214184 0.074436 0.787480
v 0.218781 0.080897 0.792821
v 0.216905 0.074226 0.792398
v 0.214541 0.080823 0.785751
v 0.202415 0.073330 0.797658
v 0.211520 0.070499 0.797687
v 0.203650 0.073147 0.801533
v 0.209491 0.070804 0.793426
v 0.200573 0.073357 0.793103
v 0.209491 0.070804 0.793426
v 0.202415 0.073330 0.797658
v 0.207196 0.070878 0.788683
v 0.200424 0.081613 0.802625
v 0.201056 0.088450 0.798294
v 0.199397 0.081486 0.798977
v 0.202148 0.088853 0.802221
v 0.199397 0.081486 0.798977
v 0.199348 0.088262 0.794050
v 0.197556 0.081414 0.794633
v 0.201056 0.088450 0.798294
v 0.209216 0.091802 0.800061
v 0.215211 0.088334 0.793694
v 0.207496 0.091263 0.795921
v 0.217155 0.088587 0.797987
v 0.207496 0.091263 0.795921
v 0.212543 0.088092 0.788948
v 0.205367 0.090880 0.791419
v 0.215211 0.088334 0.793694
v 0.234007 0.081794 0.825779
v 0.220852 0.081027 0.797673
v 0.217155 0.088587 0.797987
v 0.231249 0.090609 0.828852
v 0.208490 0.082256 0.831045
v 0.202148 0.088853 0.802221
v 0.200424 0.081613 0.802625
v 0.210415 0.091143 0.831175
v 0.212591 0.072326 0.831166
v 0.211520 0.070499 0.797687
v 0.224559 0.069230 0.829543
v 0.203650 0.073147 0.801533
v 0.210415 0.091143 0.831175
v 0.209216 0.091802 0.800061
v 0.202148 0.088853 0.802221
v 0.221438 0.094943 0.831073
v 0.236735 0.081777 0.831703
v 0.231249 0.090609 0.828852
v 0.233218 0.090927 0.833809
v 0.234007 0.081794 0.825779
v 0.237764 0.081868 0.836104
v 0.233218 0.090927 0.833809
v 0.233986 0.091297 0.837227
v 0.236735 0.081777 0.831703
v 0.210322 0.082708 0.840733
v 0.211718 0.091546 0.835488
v 0.209948 0.082442 0.836145
v 0.212074 0.092118 0.839930
v 0.209948 0.082442 0.836145
v 0.210415 0.091143 0.831175
v 0.208490 0.082256 0.831045
v 0.211718 0.091546 0.835488
v 0.213642 0.072372 0.835769
v 0.226354 0.069074 0.837744
v 0.213857 0.072258 0.840391
v 0.225886 0.069212 0.834429
v 0.224559 0.069230 0.829543
v 0.213642 0.072372 0.835769
v 0.212591 0.072326 0.831166
v 0.225886 0.069212 0.834429
v 0.211718 0.091546 0.835488
v 0.221438 0.094943 0.831073
v 0.210415 0.091143 0.831175
v 0.222792 0.095275 0.835195
v 0.218388 0.115064 0.812066
v 0.213318 0.110239 0.814375
v 0.212222 0.111060 0.810872
v 0.220110 0.114565 0.815665
v 0.216576 0.115545 0.808586
v 0.212222 0.111060 0.810872
v 0.210504 0.111966 0.807335
v 0.218388 0.115064 0.812066
v 0.200157 0.126721 0.823608
v 0.206517 0.130024 0.818253
v 0.199417 0.126852 0.820305
v 0.207840 0.130044 0.821775
v 0.206517 0.130024 0.818253
v 0.198447 0.127088 0.816911
v 0.199417 0.126852 0.820305
v 0.205131 0.130066 0.814730
v 0.220784 0.105636 0.836358
v 0.213318 0.110239 0.814375
v 0.220110 0.114565 0.815665
v 0.228900 0.112146 0.835324
v 0.214660 0.129290 0.842108
v 0.216165 0.128003 0.819396
v 0.207840 0.130044 0.821775
v 0.224558 0.126476 0.839635
v 0.230615 0.110990 0.839393
v 0.222862 0.104101 0.843959
v 0.222069 0.104872 0.840460
v 0.231867 0.109861 0.843014
v 0.228900 0.112146 0.835324
v 0.222069 0.104872 0.840460
v 0.220784 0.105636 0.836358
v 0.230615 0.110990 0.839393
v 0.216010 0.129083 0.846021
v 0.224558 0.126476 0.839635
v 0.214660 0.129290 0.842108
v 0.226261 0.126141 0.843830
v 0.216887 0.128924 0.849334
v 0.226261 0.126141 0.843830
v 0.216010 0.129083 0.846021
v 0.227457 0.125803 0.847589
v 0.216165 0.128003 0.819396
v 0.218570 0.121651 0.814126
v 0.214567 0.128300 0.815700
v 0.220219 0.121227 0.818171
v 0.218570 0.121651 0.814126
v 0.212827 0.128526 0.812137
v 0.214567 0.128300 0.815700
v 0.216099 0.122150 0.809260
v 0.200064 0.118365 0.822378
v 0.204720 0.111203 0.816237
v 0.205654 0.110533 0.819523
v 0.199322 0.118740 0.819212
v 0.199322 0.118740 0.819212
v 0.203600 0.111792 0.812829
v 0.204720 0.111203 0.816237
v 0.198290 0.119135 0.815893
v 0.228900 0.112146 0.835324
v 0.220110 0.114565 0.815665
v 0.220219 0.121227 0.818171
v 0.227911 0.119377 0.835755
v 0.204190 0.115934 0.840519
v 0.205654 0.110533 0.819523
v 0.210370 0.107013 0.838419
v 0.200064 0.118365 0.822378
v 0.229844 0.118805 0.840019
v 0.228900 0.112146 0.835324
v 0.227911 0.119377 0.835755
v 0.230615 0.110990 0.839393
v 0.231442 0.118058 0.844505
v 0.230615 0.110990 0.839393
v 0.229844 0.118805 0.840019
v 0.231867 0.109861 0.843014
v 0.205842 0.114863 0.848785
v 0.211372 0.106286 0.842464
v 0.211727 0.105405 0.846517
v 0.205264 0.115445 0.844574
v 0.205264 0.115445 0.844574
v 0.210370 0.107013 0.838419
v 0.211372 0.106286 0.842464
v 0.204190 0.115934 0.840519
v 0.218570 0.121651 0.814126
v 0.220219 0.121227 0.818171
v 0.220110 0.114565 0.815665
v 0.218388 0.115064 0.812066
v 0.216099 0.122150 0.809260
v 0.218570 0.121651 0.814126
v 0.218388 0.115064 0.812066
v 0.216576 0.115545 0.808586
v 0.204720 0.111203 0.816237
v 0.213318 0.110239 0.814375
v 0.205654 0.110533 0.819523
v 0.212222 0.111060 0.810872
v 0.203600 0.111792 0.812829
v 0.212222 0.111060 0.810872
v 0.204720 0.111203 0.816237
v 0.210504 0.111966 0.807335
v 0.200064 0.118365 0.822378
v 0.199417 0.126852 0.820305
v 0.199322 0.118740 0.819212
v 0.200157 0.126721 0.823608
v 0.199322 0.118740 0.819212
v 0.198447 0.127088 0.816911
v 0.198290 0.119135 0.815893
v 0.199417 0.126852 0.820305
v 0.207840 0.130044 0.821775
v 0.214567 0.128300 0.815700
v 0.206517 0.130024 0.818253
v 0.216165 0.128003 0.819396
v 0.206517 0.130024 0.818253
v 0.212827 0.128526 0.812137
v 0.205131 0.130066 0.814730
v 0.214567 0.128300 0.815700
v 0.227911 0.119377 0.835755
v 0.216165 0.128003 0.819396
v 0.224558 0.126476 0.839635
v 0.220219 0.121227 0.818171
v 0.204190 0.115934 0.840519
v 0.200157 0.126721 0.823608
v 0.200064 0.118365 0.822378
v 0.204277 0.125396 0.842325
v 0.205654 0.110533 0.819523
v 0.220784 0.105636 0.836358
v 0.210370 0.107013 0.838419
v 0.213318 0.110239 0.814375
v 0.204277 0.125396 0.842325
v 0.207840 0.130044 0.821775
v 0.200157 0.126721 0.823608
v 0.214660 0.129290 0.842108
v 0.229844 0.118805 0.840019
v 0.224558 0.126476 0.839635
v 0.226261 0.126141 0.843830
v 0.227911 0.119377 0.835755
v 0.231442 0.118058 0.844505
v 0.226261 0.126141 0.843830
v 0.227457 0.125803 0.847589
v 0.229844 0.118805 0.840019
v 0.205842 0.114863 0.848785
v 0.205324 0.125180 0.846255
v 0.205264 0.115445 0.844574
v 0.206383 0.125116 0.850022
v 0.205264 0.115445 0.844574
v 0.204277 0.125396 0.842325
v 0.204190 0.115934 0.840519
v 0.205324 0.125180 0.846255
v 0.211372 0.106286 0.842464
v 0.222862 0.104101 0.843959
v 0.211727 0.105405 0.846517
v 0.222069 0.104872 0.840460
v 0.220784 0.105636 0.836358
v 0.211372 0.106286 0.842464
v 0.210370 0.107013 0.838419
v 0.222069 0.104872 0.840460
v 0.205324 0.125180 0.846255
v 0.214660 0.129290 0.842108
v 0.204277 0.125396 0.842325
v 0.216010 0.129083 0.846021
v 0.206383 0.125116 0.850022
v 0.216010 0.129083 0.846021
v 0.205324 0.125180 0.846255
v 0.216887 0.128924 0.849334
v 0.208092 0.072825 0.868859
v 0.210322 0.082708 0.840733
v 0.213857 0.072258 0.840391
v 0.208754 0.084702 0.870991
v 0.202661 0.042350 0.881537
v 0.199160 0.044554 0.890936
v 0.202565 0.046218 0.879709
v 0.199828 0.069278 0.882066
v 0.205735 0.072571 0.872818
v 0.203362 0.068428 0.873611
v 0.246223 0.067013 0.886565
v 0.242070 0.066633 0.874562
v 0.242031 0.071489 0.874534
v 0.236150 0.042663 0.892674
v 0.233552 0.042257 0.881089
v 0.234271 0.044691 0.880437
v 0.233552 0.042257 0.881089
v 0.217152 0.044517 0.878628
v 0.219017 0.044783 0.878314
v 0.234271 0.044691 0.880437
v 0.202565 0.046218 0.879709
v 0.217152 0.044517 0.878628
v 0.202661 0.042350 0.881537
v 0.219017 0.044783 0.878314
v 0.242070 0.066633 0.874562
v 0.222402 0.069434 0.873330
v 0.223316 0.070126 0.873415
v 0.242031 0.071489 0.874534
v 0.205735 0.072571 0.872818
v 0.223316 0.070126 0.873415
v 0.222402 0.069434 0.873330
v 0.203362 0.068428 0.873611
v 0.199160 0.044554 0.890936
v 0.204283 0.034432 0.885572
v 0.201123 0.035803 0.895568
v 0.202661 0.042350 0.881537
v 0.217198 0.025288 0.901930
v 0.204912 0.026284 0.900432
v 0.206842 0.024671 0.887771
v 0.218727 0.023371 0.888636
v 0.234104 0.034501 0.897862
v 0.230750 0.023137 0.888846
v 0.233610 0.033535 0.885985
v 0.229517 0.025149 0.903322
v 0.236150 0.042663 0.892674
v 0.233610 0.033535 0.885985
v 0.233552 0.042257 0.881089
v 0.234104 0.034501 0.897862
v 0.201123 0.035803 0.895568
v 0.206842 0.024671 0.887771
v 0.204912 0.026284 0.900432
v 0.204283 0.034432 0.885572
v 0.229517 0.025149 0.903322
v 0.217198 0.025288 0.901930
v 0.218727 0.023371 0.888636
v 0.230750 0.023137 0.888846
v 0.199828 0.069278 0.882066
v 0.202556 0.056829 0.875910
v 0.198623 0.056188 0.886308
v 0.203362 0.068428 0.873611
v 0.240856 0.053954 0.888472
v 0.234271 0.044691 0.880437
v 0.238683 0.055177 0.877862
v 0.236150 0.042663 0.892674
v 0.246223 0.067013 0.886565
v 0.238683 0.055177 0.877862
v 0.242070 0.066633 0.874562
v 0.240856 0.053954 0.888472
v 0.198623 0.056188 0.886308
v 0.202565 0.046218 0.879709
v 0.199160 0.044554 0.890936
v 0.202556 0.056829 0.875910
v 0.202535 0.082003 0.882866
v 0.205735 0.072571 0.872818
v 0.199828 0.069278 0.882066
v 0.207289 0.084666 0.874753
v 0.246331 0.081280 0.886453
v 0.242031 0.071489 0.874534
v 0.243812 0.083661 0.876259
v 0.246223 0.067013 0.886565
v 0.211727 0.105405 0.846517
v 0.225168 0.100193 0.863304
v 0.212347 0.098824 0.871523
v 0.222862 0.104101 0.843959
v 0.243221 0.110363 0.888962
v 0.241665 0.101457 0.875984
v 0.240090 0.111785 0.878530
v 0.244385 0.097300 0.887653
v 0.206648 0.121877 0.888224
v 0.220472 0.128030 0.881576
v 0.208114 0.123092 0.879772
v 0.219576 0.127493 0.890510
v 0.243221 0.110363 0.888962
v 0.236323 0.123560 0.881938
v 0.236668 0.123278 0.892643
v 0.240090 0.111785 0.878530
v 0.206648 0.121877 0.888224
v 0.208525 0.109190 0.877644
v 0.204690 0.107941 0.884969
v 0.208114 0.123092 0.879772
v 0.219576 0.127493 0.890510
v 0.236323 0.123560 0.881938
v 0.220472 0.128030 0.881576
v 0.236668 0.123278 0.892643
v 0.212081 0.097983 0.875006
v 0.225396 0.098380 0.868011
v 0.211874 0.096818 0.875030
v 0.225500 0.099365 0.867740
v 0.207289 0.084666 0.874753
v 0.207081 0.095244 0.886623
v 0.211874 0.096818 0.875030
v 0.202535 0.082003 0.882866
v 0.225500 0.099365 0.867740
v 0.241763 0.096122 0.875471
v 0.225396 0.098380 0.868011
v 0.241665 0.101457 0.875984
v 0.241665 0.101457 0.875984
v 0.244385 0.097300 0.887653
v 0.241763 0.096122 0.875471
v 0.211874 0.096818 0.875030
v 0.207081 0.095244 0.886623
v 0.212081 0.097983 0.875006
v 0.199096 0.089794 0.959620
v 0.205198 0.100385 0.999684
v 0.195256 0.110704 0.954152
v 0.203267 0.087110 0.996536
v 0.217198 0.025288 0.901930
v 0.203114 0.028308 0.912047
v 0.204912 0.026284 0.900432
v 0.215914 0.027317 0.913755
v 0.216275 0.039191 0.994510
v 0.202292 0.033566 0.964023
v 0.216771 0.032920 0.965553
v 0.217146 0.129925 0.935835
v 0.219648 0.128699 0.902893
v 0.204318 0.121265 0.899972
v 0.200314 0.121041 0.931085
v 0.215326 0.029270 0.936487
v 0.216771 0.032920 0.965553
v 0.202292 0.033566 0.964023
v 0.201376 0.030126 0.934833
v 0.204690 0.107941 0.884969
v 0.212081 0.097983 0.875006
v 0.207081 0.095244 0.886623
v 0.208525 0.109190 0.877644
v 0.196715 0.162296 0.927700
v 0.201974 0.142179 0.929504
v 0.196236 0.150748 0.939538
v 0.203573 0.154445 0.920834
v 0.205198 0.100385 0.999684
v 0.230825 0.114379 0.992747
v 0.205354 0.113149 0.990399
v 0.232978 0.100179 1.006098
v 0.200314 0.121041 0.931085
v 0.192563 0.123681 0.962224
v 0.201570 0.131447 0.930296
v 0.195256 0.110704 0.954152
v 0.200695 0.178676 0.899777
v 0.210578 0.170146 0.905024
v 0.198891 0.166736 0.908430
v 0.210183 0.184905 0.896371
v 0.222315 0.175177 0.927211
v 0.211461 0.186525 0.920451
v 0.215770 0.178391 0.930752
v 0.218094 0.182713 0.917027
v 0.192573 0.138538 0.969690
v 0.206248 0.153642 0.961611
v 0.194232 0.152351 0.955383
v 0.206324 0.140115 0.974554
v 0.205923 0.191214 0.898860
v 0.199464 0.190466 0.908561
v 0.206189 0.195699 0.905279
v 0.197500 0.184415 0.903685
v 0.211461 0.186525 0.920451
v 0.206189 0.195699 0.905279
v 0.202175 0.187460 0.921998
v 0.213030 0.194382 0.906800
v 0.219546 0.141204 0.979031
v 0.205354 0.113149 0.990399
v 0.230825 0.114379 0.992747
v 0.206324 0.140115 0.974554
v 0.239263 0.112914 0.872851
v 0.227457 0.125803 0.847589
v 0.235419 0.124060 0.876269
v 0.231442 0.118058 0.844505
v 0.220220 0.128109 0.877016
v 0.227457 0.125803 0.847589
v 0.216887 0.128924 0.849334
v 0.235419 0.124060 0.876269
v 0.194937 0.128555 0.799231
v 0.197108 0.122925 0.788835
v 0.193522 0.121483 0.796292
v 0.196490 0.129619 0.793198
v 0.198290 0.119135 0.815893
v 0.193522 0.121483 0.796292
v 0.200119 0.114570 0.796850
v 0.203600 0.111792 0.812829
v 0.216099 0.122150 0.809260
v 0.200621 0.129317 0.787250
v 0.212827 0.128526 0.812137
v 0.202170 0.124281 0.783187
v 0.243221 0.110363 0.888962
v 0.245050 0.096529 0.902266
v 0.244385 0.097300 0.887653
v 0.239454 0.111368 0.905186
v 0.214541 0.080823 0.785751
v 0.198720 0.075087 0.761908
v 0.197909 0.080256 0.758426
v 0.214184 0.074436 0.787480
v 0.225136 0.097757 0.862733
v 0.212074 0.092118 0.839930
v 0.212338 0.096460 0.870917
v 0.223327 0.095693 0.838152
v 0.193169 0.080491 0.765253
v 0.193950 0.088066 0.768986
v 0.197093 0.086196 0.762307
v 0.197909 0.080256 0.758426
v 0.196437 0.071849 0.768606
v 0.207196 0.070878 0.788683
v 0.195588 0.073645 0.776496
v 0.200573 0.073357 0.793103
v 0.197556 0.081414 0.794633
v 0.193790 0.087185 0.775811
v 0.190508 0.080877 0.773979
v 0.199348 0.088262 0.794050
v 0.195327 0.176352 0.928003
v 0.202175 0.187460 0.921998
v 0.194645 0.180473 0.920548
v 0.204609 0.179674 0.931156
v 0.219648 0.128699 0.902893
v 0.206648 0.121877 0.888224
v 0.204318 0.121265 0.899972
v 0.219576 0.127493 0.890510
v 0.215914 0.027317 0.913755
v 0.201376 0.030126 0.934833
v 0.203114 0.028308 0.912047
v 0.215326 0.029270 0.936487
v 0.193522 0.121483 0.796292
v 0.201189 0.114033 0.790265
v 0.200119 0.114570 0.796850
v 0.197108 0.122925 0.788835
v 0.246329 0.069210 0.921151
v 0.241232 0.054824 0.903871
v 0.246382 0.066932 0.900801
v 0.242966 0.056027 0.922422
v 0.242966 0.056027 0.922422
v 0.236552 0.043967 0.906783
v 0.241232 0.054824 0.903871
v 0.238816 0.045168 0.923244
v 0.238816 0.045168 0.923244
v 0.232911 0.035921 0.910990
v 0.236552 0.043967 0.906783
v 0.234353 0.037256 0.925936
v 0.246329 0.069210 0.921151
v 0.246382 0.066932 0.900801
v 0.246084 0.081689 0.901358
v 0.246328 0.083169 0.922658
v 0.246328 0.083169 0.922658
v 0.246084 0.081689 0.901358
v 0.245050 0.096529 0.902266
v 0.242774 0.097587 0.923655
v 0.239454 0.111368 0.905186
v 0.242774 0.097587 0.923655
v 0.245050 0.096529 0.902266
v 0.238477 0.111571 0.925266
v 0.238643 0.048439 0.947706
v 0.238816 0.045168 0.923244
v 0.242966 0.056027 0.922422
v 0.245754 0.084420 0.953968
v 0.246328 0.083169 0.922658
v 0.242774 0.097587 0.923655
v 0.241443 0.102278 0.950695
v 0.245293 0.084096 0.981963
v 0.245754 0.084420 0.953968
v 0.241619 0.097363 0.981145
v 0.241443 0.102278 0.950695
v 0.228470 0.027105 0.915279
v 0.232911 0.035921 0.910990
v 0.234353 0.037256 0.925936
v 0.228990 0.028871 0.938074
v 0.238477 0.111571 0.925266
v 0.235075 0.123212 0.907314
v 0.233358 0.125442 0.942632
v 0.239454 0.111368 0.905186
v 0.202292 0.033566 0.964023
v 0.197069 0.037913 0.934634
v 0.201376 0.030126 0.934833
v 0.195946 0.047962 0.966345
v 0.201639 0.036902 0.907658
v 0.204912 0.026284 0.900432
v 0.203114 0.028308 0.912047
v 0.201123 0.035803 0.895568
v 0.203114 0.028308 0.912047
v 0.197069 0.037913 0.934634
v 0.201639 0.036902 0.907658
v 0.201376 0.030126 0.934833
v 0.229517 0.025149 0.903322
v 0.234104 0.034501 0.897862
v 0.232911 0.035921 0.910990
v 0.228470 0.027105 0.915279
v 0.203460 0.056754 0.900665
v 0.199160 0.044554 0.890936
v 0.199212 0.044858 0.903599
v 0.198623 0.056188 0.886308
v 0.195946 0.047962 0.966345
v 0.197017 0.057669 0.933275
v 0.194902 0.046862 0.934508
v 0.236150 0.042663 0.892674
v 0.240856 0.053954 0.888472
v 0.241232 0.054824 0.903871
v 0.236552 0.043967 0.906783
v 0.199212 0.044858 0.903599
v 0.197017 0.057669 0.933275
v 0.203460 0.056754 0.900665
v 0.194902 0.046862 0.934508
v 0.201714 0.091904 0.933327
v 0.200004 0.080560 0.932651
v 0.199096 0.089794 0.959620
v 0.212543 0.088092 0.788948
v 0.193950 0.088066 0.768986
v 0.205367 0.090880 0.791419
v 0.197093 0.086196 0.762307
v 0.201714 0.091904 0.933327
v 0.207333 0.081190 0.898202
v 0.200004 0.080560 0.932651
v 0.208698 0.094002 0.898586
v 0.241814 0.071848 0.868278
v 0.237764 0.081868 0.836104
v 0.243465 0.083723 0.869283
v 0.236377 0.072464 0.835924
v 0.205367 0.090880 0.791419
v 0.193790 0.087185 0.775811
v 0.199348 0.088262 0.794050
v 0.193950 0.088066 0.768986
v 0.193169 0.080491 0.765253
v 0.198720 0.075087 0.761908
v 0.196437 0.071849 0.768606
v 0.197909 0.080256 0.758426
v 0.207081 0.095244 0.886623
v 0.205625 0.106104 0.898912
v 0.204690 0.107941 0.884969
v 0.208698 0.094002 0.898586
v 0.244385 0.097300 0.887653
v 0.246084 0.081689 0.901358
v 0.246331 0.081280 0.886453
v 0.245050 0.096529 0.902266
v 0.208321 0.109775 0.874455
v 0.206383 0.125116 0.850022
v 0.205842 0.114863 0.848785
v 0.209237 0.123520 0.877364
v 0.203809 0.118654 0.785080
v 0.216576 0.115545 0.808586
v 0.210504 0.111966 0.807335
v 0.201189 0.114033 0.790265
v 0.231867 0.109861 0.843014
v 0.240655 0.102777 0.870505
v 0.225168 0.100193 0.863304
v 0.222862 0.104101 0.843959
v 0.197108 0.122925 0.788835
v 0.203809 0.118654 0.785080
v 0.201189 0.114033 0.790265
v 0.202170 0.124281 0.783187
v 0.205131 0.130066 0.814730
v 0.196490 0.129619 0.793198
v 0.194937 0.128555 0.799231
v 0.198447 0.127088 0.816911
v 0.208698 0.094002 0.898586
v 0.199602 0.104940 0.932279
v 0.205625 0.106104 0.898912
v 0.201714 0.091904 0.933327
v 0.239263 0.112914 0.872851
v 0.231867 0.109861 0.843014
v 0.231442 0.118058 0.844505
v 0.240655 0.102777 0.870505
v 0.216275 0.039191 0.994510
v 0.195946 0.047962 0.966345
v 0.202292 0.033566 0.964023
v 0.204971 0.048629 0.994630
v 0.203267 0.087110 0.996536
v 0.201134 0.068912 0.971208
v 0.198479 0.069285 0.995878
v 0.199096 0.089794 0.959620
v 0.204971 0.048629 0.994630
v 0.201134 0.068912 0.971208
v 0.195946 0.047962 0.966345
v 0.198479 0.069285 0.995878
v 0.228470 0.027105 0.915279
v 0.228990 0.028871 0.938074
v 0.215326 0.029270 0.936487
v 0.215914 0.027317 0.913755
v 0.236668 0.123278 0.892643
v 0.239454 0.111368 0.905186
v 0.243221 0.110363 0.888962
v 0.235075 0.123212 0.907314
v 0.203460 0.056754 0.900665
v 0.199411 0.069611 0.931854
v 0.205994 0.067993 0.897747
v 0.197017 0.057669 0.933275
v 0.219648 0.128699 0.902893
v 0.236668 0.123278 0.892643
v 0.219576 0.127493 0.890510
v 0.235075 0.123212 0.907314
v 0.240856 0.053954 0.888472
v 0.246223 0.067013 0.886565
v 0.246382 0.066932 0.900801
v 0.241232 0.054824 0.903871
v 0.200314 0.121041 0.931085
v 0.205625 0.106104 0.898912
v 0.199602 0.104940 0.932279
v 0.204318 0.121265 0.899972
v 0.246189 0.069231 0.953360
v 0.242966 0.056027 0.922422
v 0.246329 0.069210 0.921151
v 0.238643 0.048439 0.947706
v 0.202535 0.082003 0.882866
v 0.199828 0.069278 0.882066
v 0.205994 0.067993 0.897747
v 0.207333 0.081190 0.898202
v 0.234104 0.034501 0.897862
v 0.236150 0.042663 0.892674
v 0.236552 0.043967 0.906783
v 0.232911 0.035921 0.910990
v 0.201639 0.036902 0.907658
v 0.194902 0.046862 0.934508
v 0.199212 0.044858 0.903599
v 0.197069 0.037913 0.934634
v 0.210578 0.170146 0.905024
v 0.214585 0.161244 0.917626
v 0.201069 0.160526 0.915723
v 0.198891 0.166736 0.908430
v 0.204609 0.179674 0.931156
v 0.211461 0.186525 0.920451
v 0.202175 0.187460 0.921998
v 0.215770 0.178391 0.930752
v 0.214585 0.161244 0.917626
v 0.220422 0.175399 0.910283
v 0.225575 0.166701 0.922899
v 0.210578 0.170146 0.905024
v 0.193968 0.173355 0.914114
v 0.201069 0.160526 0.915723
v 0.195265 0.168016 0.921476
v 0.198891 0.166736 0.908430
v 0.226354 0.069074 0.837744
v 0.241814 0.071848 0.868278
v 0.224759 0.070061 0.869217
v 0.236377 0.072464 0.835924
v 0.196437 0.071849 0.768606
v 0.214184 0.074436 0.787480
v 0.207196 0.070878 0.788683
v 0.198720 0.075087 0.761908
v 0.212338 0.096460 0.870917
v 0.210322 0.082708 0.840733
v 0.208754 0.084702 0.870991
v 0.212074 0.092118 0.839930
v 0.190508 0.080877 0.773979
v 0.196437 0.071849 0.768606
v 0.195588 0.073645 0.776496
v 0.193169 0.080491 0.765253
v 0.214541 0.080823 0.785751
v 0.197093 0.086196 0.762307
v 0.212543 0.088092 0.788948
v 0.197909 0.080256 0.758426
v 0.197556 0.081414 0.794633
v 0.195588 0.073645 0.776496
v 0.200573 0.073357 0.793103
v 0.190508 0.080877 0.773979
v 0.190508 0.080877 0.773979
v 0.193950 0.088066 0.768986
v 0.193169 0.080491 0.765253
v 0.193790 0.087185 0.775811
v 0.225136 0.097757 0.862733
v 0.233986 0.091297 0.837227
v 0.223327 0.095693 0.838152
v 0.240828 0.095647 0.868673
v 0.207081 0.095244 0.886623
v 0.202535 0.082003 0.882866
v 0.207333 0.081190 0.898202
v 0.208698 0.094002 0.898586
v 0.243465 0.083723 0.869283
v 0.233986 0.091297 0.837227
v 0.240828 0.095647 0.868673
v 0.237764 0.081868 0.836104
v 0.213857 0.072258 0.840391
v 0.224759 0.070061 0.869217
v 0.208092 0.072825 0.868859
v 0.226354 0.069074 0.837744
v 0.212827 0.128526 0.812137
v 0.196490 0.129619 0.793198
v 0.205131 0.130066 0.814730
v 0.200621 0.129317 0.787250
v 0.198290 0.119135 0.815893
v 0.194937 0.128555 0.799231
v 0.193522 0.121483 0.796292
v 0.198447 0.127088 0.816911
v 0.201189 0.114033 0.790265
v 0.210504 0.111966 0.807335
v 0.200119 0.114570 0.796850
v 0.203600 0.111792 0.812829
v 0.197108 0.122925 0.788835
v 0.196490 0.129619 0.793198
v 0.200621 0.129317 0.787250
v 0.202170 0.124281 0.783187
v 0.209237 0.123520 0.877364
v 0.216887 0.128924 0.849334
v 0.206383 0.125116 0.850022
v 0.220220 0.128109 0.877016
v 0.216099 0.122150 0.809260
v 0.203809 0.118654 0.785080
v 0.202170 0.124281 0.783187
v 0.216576 0.115545 0.808586
v 0.212074 0.092118 0.839930
v 0.222792 0.095275 0.835195
v 0.211718 0.091546 0.835488
v 0.223327 0.095693 0.838152
v 0.208321 0.109775 0.874455
v 0.211727 0.105405 0.846517
v 0.212347 0.098824 0.871523
v 0.205842 0.114863 0.848785
v 0.205354 0.113149 0.990399
v 0.206324 0.140115 0.974554
v 0.192573 0.138538 0.969690
v 0.240041 0.046428 0.973395
v 0.235108 0.038301 0.996524
v 0.231190 0.032343 0.967205
v 0.241074 0.053218 0.999874
v 0.199212 0.044858 0.903599
v 0.201123 0.035803 0.895568
v 0.201639 0.036902 0.907658
v 0.199160 0.044554 0.890936
v 0.231190 0.032343 0.967205
v 0.238643 0.048439 0.947706
v 0.240041 0.046428 0.973395
v 0.228990 0.028871 0.938074
v 0.238643 0.048439 0.947706
v 0.234353 0.037256 0.925936
v 0.238816 0.045168 0.923244
v 0.228990 0.028871 0.938074
v 0.195946 0.047962 0.966345
v 0.194902 0.046862 0.934508
v 0.197069 0.037913 0.934634
v 0.200004 0.080560 0.932651
v 0.207333 0.081190 0.898202
v 0.199411 0.069611 0.931854
v 0.205994 0.067993 0.897747
v 0.245754 0.084420 0.953968
v 0.245428 0.069402 0.979759
v 0.246189 0.069231 0.953360
v 0.245293 0.084096 0.981963
v 0.246189 0.069231 0.953360
v 0.246328 0.083169 0.922658
v 0.245754 0.084420 0.953968
v 0.246329 0.069210 0.921151
v 0.246331 0.081280 0.886453
v 0.246382 0.066932 0.900801
v 0.246223 0.067013 0.886565
v 0.246084 0.081689 0.901358
v 0.199096 0.089794 0.959620
v 0.199411 0.069611 0.931854
v 0.201134 0.068912 0.971208
v 0.200004 0.080560 0.932651
v 0.202175 0.187460 0.921998
v 0.199464 0.190466 0.908561
v 0.194645 0.180473 0.920548
v 0.206189 0.195699 0.905279
v 0.193968 0.173355 0.914114
v 0.197500 0.184415 0.903685
v 0.200695 0.178676 0.899777
v 0.198891 0.166736 0.908430
v 0.218094 0.182713 0.917027
v 0.213030 0.194382 0.906800
v 0.211461 0.186525 0.920451
v 0.217756 0.193097 0.904052
v 0.213030 0.194382 0.906800
v 0.205923 0.191214 0.898860
v 0.206189 0.195699 0.905279
v 0.217756 0.193097 0.904052
v 0.206635 0.161863 0.953472
v 0.217934 0.172128 0.939866
v 0.205908 0.174077 0.938173
v 0.220941 0.159372 0.954313
v 0.194059 0.134428 0.958773
v 0.194232 0.152351 0.955383
v 0.195619 0.141738 0.945403
v 0.192573 0.138538 0.969690
v 0.201570 0.131447 0.930296
v 0.217146 0.129925 0.935835
v 0.200314 0.121041 0.931085
v 0.218894 0.133104 0.936248
v 0.210183 0.184905 0.896371
v 0.220422 0.175399 0.910283
v 0.210578 0.170146 0.905024
v 0.217679 0.187503 0.900758
v 0.236672 0.110674 0.981850
v 0.233358 0.125442 0.942632
v 0.234898 0.123311 0.978874
v 0.232722 0.133622 0.945442
v 0.220081 0.141990 0.936062
v 0.228752 0.160611 0.931921
v 0.230603 0.145107 0.944432
v 0.218193 0.156121 0.924305
v 0.232978 0.100179 1.006098
v 0.236672 0.110674 0.981850
v 0.230825 0.114379 0.992747
v 0.234898 0.123311 0.978874
v 0.205354 0.113149 0.990399
v 0.195256 0.110704 0.954152
v 0.205198 0.100385 0.999684
v 0.192563 0.123681 0.962224
v 0.201974 0.142179 0.929504
v 0.203573 0.154445 0.920834
v 0.218193 0.156121 0.924305
v 0.220081 0.141990 0.936062
v 0.232722 0.133622 0.945442
v 0.217146 0.129925 0.935835
v 0.218894 0.133104 0.936248
v 0.233358 0.125442 0.942632
v 0.192573 0.138538 0.969690
v 0.192563 0.123681 0.962224
v 0.205354 0.113149 0.990399
v 0.194059 0.134428 0.958773
v 0.219546 0.141204 0.979031
v 0.230825 0.114379 0.992747
v 0.234898 0.123311 0.978874
v 0.229278 0.135755 0.974596
v 0.229278 0.135755 0.974596
v 0.223170 0.151561 0.967326
v 0.219546 0.141204 0.979031
v 0.229500 0.143549 0.960092
v 0.204690 0.107941 0.884969
v 0.204318 0.121265 0.899972
v 0.206648 0.121877 0.888224
v 0.205625 0.106104 0.898912
v 0.246331 0.081280 0.886453
v 0.241763 0.096122 0.875471
v 0.244385 0.097300 0.887653
v 0.243812 0.083661 0.876259
v 0.243621 0.084993 1.000984
v 0.241619 0.097363 0.981145
v 0.232978 0.100179 1.006098
v 0.236672 0.110674 0.981850
v 0.241619 0.097363 0.981145
v 0.241443 0.102278 0.950695
v 0.236672 0.110674 0.981850
v 0.233358 0.125442 0.942632
v 0.228990 0.028871 0.938074
v 0.216771 0.032920 0.965553
v 0.215326 0.029270 0.936487
v 0.231190 0.032343 0.967205
v 0.197017 0.057669 0.933275
v 0.201134 0.068912 0.971208
v 0.199411 0.069611 0.931854
v 0.195946 0.047962 0.966345
v 0.217146 0.129925 0.935835
v 0.235075 0.123212 0.907314
v 0.219648 0.128699 0.902893
v 0.233358 0.125442 0.942632
v 0.231190 0.032343 0.967205
v 0.235108 0.038301 0.996524
v 0.216275 0.039191 0.994510
v 0.216771 0.032920 0.965553
v 0.220941 0.159372 0.954313
v 0.225649 0.165953 0.939707
v 0.217934 0.172128 0.939866
v 0.228219 0.153631 0.951294
v 0.240041 0.046428 0.973395
v 0.246189 0.069231 0.953360
v 0.245428 0.069402 0.979759
v 0.238643 0.048439 0.947706
v 0.205994 0.067993 0.897747
v 0.198623 0.056188 0.886308
v 0.203460 0.056754 0.900665
v 0.199828 0.069278 0.882066
v 0.195417 0.158915 0.949981
v 0.205908 0.174077 0.938173
v 0.195943 0.171284 0.934992
v 0.206635 0.161863 0.953472
v 0.241443 0.102278 0.950695
v 0.242774 0.097587 0.923655
v 0.238477 0.111571 0.925266
v 0.233358 0.125442 0.942632
v 0.229517 0.025149 0.903322
v 0.215914 0.027317 0.913755
v 0.217198 0.025288 0.901930
v 0.228470 0.027105 0.915279
v 0.193341 0.079339 1.183785
v 0.219484 0.094751 1.145735
v 0.187570 0.079758 1.141029
v 0.232381 0.086596 1.187527
v 0.198621 0.069332 1.040202
v 0.205198 0.100385 0.999684
v 0.203267 0.087110 0.996536
v 0.205869 0.096989 1.050835
v 0.248370 0.050396 1.035304
v 0.235108 0.038301 0.996524
v 0.241074 0.053218 0.999874
v 0.235238 0.033385 1.036127
v 0.196045 0.051514 1.041250
v 0.198479 0.069285 0.995878
v 0.204971 0.048629 0.994630
v 0.198621 0.069332 1.040202
v 0.235108 0.038301 0.996524
v 0.212525 0.034630 1.036720
v 0.216275 0.039191 0.994510
v 0.235238 0.033385 1.036127
v 0.232978 0.100179 1.006098
v 0.205869 0.096989 1.050835
v 0.236272 0.094977 1.045199
v 0.205198 0.100385 0.999684
v 0.198621 0.069332 1.040202
v 0.203267 0.087110 0.996536
v 0.198479 0.069285 0.995878
v 0.216275 0.039191 0.994510
v 0.212525 0.034630 1.036720
v 0.204971 0.048629 0.994630
v 0.196045 0.051514 1.041250
v 0.249113 0.077567 1.040621
v 0.241074 0.053218 0.999874
v 0.243621 0.084993 1.000984
v 0.248370 0.050396 1.035304
v 0.255590 0.068264 1.079718
v 0.236272 0.094977 1.045199
v 0.241190 0.086296 1.083975
v 0.249113 0.077567 1.040621
v 0.241190 0.086296 1.083975
v 0.205869 0.096989 1.050835
v 0.211513 0.094293 1.090897
v 0.236272 0.094977 1.045199
v 0.248370 0.050396 1.035304
v 0.254359 0.039978 1.070026
v 0.233627 0.028103 1.063538
v 0.235238 0.033385 1.036127
v 0.187198 0.050097 1.075974
v 0.198621 0.069332 1.040202
v 0.196045 0.051514 1.041250
v 0.189916 0.076694 1.086068
v 0.254359 0.039978 1.070026
v 0.249113 0.077567 1.040621
v 0.255590 0.068264 1.079718
v 0.248370 0.050396 1.035304
v 0.212525 0.034630 1.036720
v 0.233627 0.028103 1.063538
v 0.199578 0.031837 1.063588
v 0.235238 0.033385 1.036127
v 0.199578 0.031837 1.063588
v 0.196045 0.051514 1.041250
v 0.212525 0.034630 1.036720
v 0.187198 0.050097 1.075974
v 0.189916 0.076694 1.086068
v 0.205869 0.096989 1.050835
v 0.198621 0.069332 1.040202
v 0.211513 0.094293 1.090897
v 0.174933 0.049378 1.128175
v 0.189916 0.076694 1.086068
v 0.187198 0.050097 1.075974
v 0.187570 0.079758 1.141029
v 0.263308 0.051320 1.128937
v 0.254359 0.039978 1.070026
v 0.255590 0.068264 1.079718
v 0.252989 0.019205 1.117004
v 0.199578 0.031837 1.063588
v 0.223454 0.009958 1.117494
v 0.183362 0.024738 1.111505
v 0.233627 0.028103 1.063538
v 0.183362 0.024738 1.111505
v 0.187198 0.050097 1.075974
v 0.199578 0.031837 1.063588
v 0.174933 0.049378 1.128175
v 0.187570 0.079758 1.141029
v 0.211513 0.094293 1.090897
v 0.189916 0.076694 1.086068
v 0.219484 0.094751 1.145735
v 0.252134 0.076936 1.135233
v 0.255590 0.068264 1.079718
v 0.241190 0.086296 1.083975
v 0.263308 0.051320 1.128937
v 0.252134 0.076936 1.135233
v 0.211513 0.094293 1.090897
v 0.219484 0.094751 1.145735
v 0.241190 0.086296 1.083975
v 0.223454 0.009958 1.117494
v 0.233627 0.028103 1.063538
v 0.254359 0.039978 1.070026
v 0.252989 0.019205 1.117004
v 0.171756 0.021833 1.284228
v 0.180744 -0.010093 1.317860
v 0.162240 0.026836 1.303937
v 0.190513 -0.013234 1.296378
v 0.242122 0.004210 1.322172
v 0.216513 -0.016372 1.297650
v 0.246592 0.003612 1.297907
v 0.210334 -0.015989 1.321445
v 0.226876 0.066965 1.311472
v 0.254481 0.030940 1.288600
v 0.238552 0.054996 1.267233
v 0.246476 0.035046 1.323196
v 0.203731 0.077222 1.300347
v 0.180558 0.054633 1.272984
v 0.172471 0.062148 1.293522
v 0.212745 0.068782 1.269503
v 0.246476 0.035046 1.323196
v 0.246592 0.003612 1.297907
v 0.254481 0.030940 1.288600
v 0.242122 0.004210 1.322172
v 0.190513 -0.013234 1.296378
v 0.210334 -0.015989 1.321445
v 0.180744 -0.010093 1.317860
v 0.216513 -0.016372 1.297650
v 0.226876 0.066965 1.311472
v 0.212745 0.068782 1.269503
v 0.203731 0.077222 1.300347
v 0.238552 0.054996 1.267233
v 0.172471 0.062148 1.293522
v 0.171756 0.021833 1.284228
v 0.162240 0.026836 1.303937
v 0.180558 0.054633 1.272984
v 0.260938 0.059471 1.173755
v 0.219484 0.094751 1.145735
v 0.232381 0.086596 1.187527
v 0.252134 0.076936 1.135233
v 0.252989 0.019205 1.117004
v 0.245100 0.002020 1.152893
v 0.223454 0.009958 1.117494
v 0.208914 -0.004207 1.179309
v 0.168389 0.051356 1.169809
v 0.187570 0.079758 1.141029
v 0.174933 0.049378 1.128175
v 0.193341 0.079339 1.183785
v 0.252989 0.019205 1.117004
v 0.263308 0.051320 1.128937
v 0.264670 0.029567 1.165290
v 0.245100 0.002020 1.152893
v 0.223454 0.009958 1.117494
v 0.168809 0.023862 1.150543
v 0.183362 0.024738 1.111505
v 0.208914 -0.004207 1.179309
v 0.168809 0.023862 1.150543
v 0.174933 0.049378 1.128175
v 0.183362 0.024738 1.111505
v 0.168389 0.051356 1.169809
v 0.263308 0.051320 1.128937
v 0.260938 0.059471 1.173755
v 0.264670 0.029567 1.165290
v 0.252134 0.076936 1.135233
v 0.182710 0.042707 1.208373
v 0.193341 0.079339 1.183785
v 0.168389 0.051356 1.169809
v 0.202479 0.066750 1.214006
v 0.240832 -0.002666 1.201944
v 0.264670 0.029567 1.165290
v 0.258419 0.024128 1.206846
v 0.245100 0.002020 1.152893
v 0.181272 0.016621 1.191823
v 0.168809 0.023862 1.150543
v 0.208914 -0.004207 1.179309
v 0.213685 -0.004663 1.190710
v 0.181272 0.016621 1.191823
v 0.168389 0.051356 1.169809
v 0.168809 0.023862 1.150543
v 0.182710 0.042707 1.208373
v 0.202479 0.066750 1.214006
v 0.232381 0.086596 1.187527
v 0.193341 0.079339 1.183785
v 0.233710 0.072188 1.214880
v 0.255279 0.049172 1.207974
v 0.264670 0.029567 1.165290
v 0.260938 0.059471 1.173755
v 0.258419 0.024128 1.206846
v 0.255279 0.049172 1.207974
v 0.232381 0.086596 1.187527
v 0.233710 0.072188 1.214880
v 0.260938 0.059471 1.173755
v 0.245100 0.002020 1.152893
v 0.240832 -0.002666 1.201944
v 0.213685 -0.004663 1.190710
v 0.208914 -0.004207 1.179309
v 0.205511 0.060355 1.235294
v 0.182710 0.042707 1.208373
v 0.185463 0.036916 1.248779
v 0.202479 0.066750 1.214006
v 0.256153 0.013801 1.248747
v 0.240832 -0.002666 1.201944
v 0.258419 0.024128 1.206846
v 0.231328 -0.013325 1.258996
v 0.182526 0.012864 1.210783
v 0.182710 0.042707 1.208373
v 0.181272 0.016621 1.191823
v 0.185463 0.036916 1.248779
v 0.254144 0.040996 1.236941
v 0.258419 0.024128 1.206846
v 0.255279 0.049172 1.207974
v 0.256153 0.013801 1.248747
v 0.219089 -0.013568 1.210953
v 0.213685 -0.004663 1.190710
v 0.240832 -0.002666 1.201944
v 0.231328 -0.013325 1.258996
v 0.254144 0.040996 1.236941
v 0.233710 0.072188 1.214880
v 0.232627 0.065051 1.233123
v 0.255279 0.049172 1.207974
v 0.232627 0.065051 1.233123
v 0.202479 0.066750 1.214006
v 0.205511 0.060355 1.235294
v 0.233710 0.072188 1.214880
v 0.213685 -0.004663 1.190710
v 0.182526 0.012864 1.210783
v 0.181272 0.016621 1.191823
v 0.219089 -0.013568 1.210953
v 0.180558 0.054633 1.272984
v 0.187808 0.013549 1.253325
v 0.171756 0.021833 1.284228
v 0.185463 0.036916 1.248779
v 0.185463 0.036916 1.248779
v 0.188063 -0.003765 1.228295
v 0.187808 0.013549 1.253325
v 0.182526 0.012864 1.210783
v 0.204813 -0.017830 1.229644
v 0.231328 -0.013325 1.258996
v 0.207406 -0.015454 1.262201
v 0.219089 -0.013568 1.210953
v 0.204813 -0.017830 1.229644
v 0.182526 0.012864 1.210783
v 0.219089 -0.013568 1.210953
v 0.188063 -0.003765 1.228295
v 0.204813 -0.017830 1.229644
v 0.207406 -0.015454 1.262201
v 0.187808 0.013549 1.253325
v 0.188063 -0.003765 1.228295
v 0.238552 0.054996 1.267233
v 0.205511 0.060355 1.235294
v 0.212745 0.068782 1.269503
v 0.232627 0.065051 1.233123
v 0.207406 -0.015454 1.262201
v 0.216513 -0.016372 1.297650
v 0.190513 -0.013234 1.296378
v 0.231328 -0.013325 1.258996
v 0.254481 0.030940 1.288600
v 0.256153 0.013801 1.248747
v 0.254144 0.040996 1.236941
v 0.246592 0.003612 1.297907
v 0.212745 0.068782 1.269503
v 0.185463 0.036916 1.248779
v 0.180558 0.054633 1.272984
v 0.205511 0.060355 1.235294
v 0.238552 0.054996 1.267233
v 0.254144 0.040996 1.236941
v 0.232627 0.065051 1.233123
v 0.254481 0.030940 1.288600
v 0.246592 0.003612 1.297907
v 0.231328 -0.013325 1.258996
v 0.256153 0.013801 1.248747
v 0.216513 -0.016372 1.297650
v 0.187808 0.013549 1.253325
v 0.190513 -0.013234 1.296378
v 0.171756 0.021833 1.284228
v 0.207406 -0.015454 1.262201
v -0.233106 0.102425 1.004009
v -0.249302 0.077430 1.040783
v -0.236413 0.095506 1.045148
v -0.243946 0.086219 1.001675
v -0.204913 0.065272 0.870896
v -0.204068 0.077009 0.873597
v -0.203195 0.065325 0.875460
v -0.205965 0.076059 0.869593
v -0.203119 0.054514 0.878646
v -0.219567 0.053048 0.877224
v -0.204760 0.054810 0.873278
v -0.220009 0.052375 0.872221
v -0.242753 0.074903 0.874445
v -0.240484 0.074488 0.867698
v -0.238265 0.063608 0.870497
v -0.239303 0.063315 0.877430
v -0.223098 0.077934 0.873029
v -0.222749 0.077945 0.868057
v -0.240484 0.074488 0.867698
v -0.242753 0.074903 0.874445
v -0.204760 0.054810 0.873278
v -0.203195 0.065325 0.875460
v -0.203119 0.054514 0.878646
v -0.204913 0.065272 0.870896
v -0.219567 0.053048 0.877224
v -0.234282 0.053436 0.873879
v -0.220009 0.052375 0.872221
v -0.234812 0.052731 0.879386
v -0.239303 0.063315 0.877430
v -0.238265 0.063608 0.870497
v -0.234282 0.053436 0.873879
v -0.234812 0.052731 0.879386
v -0.205965 0.076059 0.869593
v -0.223098 0.077934 0.873029
v -0.204068 0.077009 0.873597
v -0.222749 0.077945 0.868057
v -0.209959 0.032444 0.882011
v -0.219097 0.031084 0.886304
v -0.219785 0.030965 0.880002
v -0.207224 0.032513 0.885477
v -0.233199 0.041030 0.876401
v -0.234074 0.050268 0.879896
v -0.232213 0.049786 0.873462
v -0.234057 0.041280 0.884286
v -0.232213 0.049786 0.873462
v -0.217698 0.052778 0.877516
v -0.218000 0.053021 0.873725
v -0.234074 0.050268 0.879896
v -0.203183 0.050548 0.880251
v -0.204738 0.042401 0.883832
v -0.205810 0.042727 0.879916
v -0.205117 0.050874 0.877079
v -0.219785 0.030965 0.880002
v -0.231117 0.030756 0.886539
v -0.230848 0.031207 0.878266
v -0.219097 0.031084 0.886304
v -0.230848 0.031207 0.878266
v -0.234057 0.041280 0.884286
v -0.233199 0.041030 0.876401
v -0.231117 0.030756 0.886539
v -0.217698 0.052778 0.877516
v -0.203183 0.050548 0.880251
v -0.205117 0.050874 0.877079
v -0.218000 0.053021 0.873725
v -0.204738 0.042401 0.883832
v -0.207224 0.032513 0.885477
v -0.209959 0.032444 0.882011
v -0.205810 0.042727 0.879916
v -0.208857 0.081793 0.868758
v -0.224013 0.078616 0.873093
v -0.225557 0.079363 0.868134
v -0.206465 0.081174 0.872960
v -0.242695 0.104158 0.878234
v -0.244434 0.092683 0.871044
v -0.244616 0.091695 0.877708
v -0.241939 0.104517 0.872250
v -0.241939 0.104517 0.872250
v -0.226523 0.107274 0.870817
v -0.226487 0.107793 0.866412
v -0.242695 0.104158 0.878234
v -0.212778 0.105136 0.877135
v -0.208092 0.093058 0.875817
v -0.209597 0.093408 0.872025
v -0.213342 0.105197 0.873409
v -0.225557 0.079363 0.868134
v -0.242742 0.079755 0.874621
v -0.242675 0.081134 0.867939
v -0.224013 0.078616 0.873093
v -0.242742 0.079755 0.874621
v -0.244616 0.091695 0.877708
v -0.244434 0.092683 0.871044
v -0.242675 0.081134 0.867939
v -0.226523 0.107274 0.870817
v -0.212778 0.105136 0.877135
v -0.213342 0.105197 0.873409
v -0.226487 0.107793 0.866412
v -0.206465 0.081174 0.872960
v -0.209597 0.093408 0.872025
v -0.208092 0.093058 0.875817
v -0.208857 0.081793 0.868758
v -0.209489 0.117488 0.880037
v -0.212998 0.106323 0.877135
v -0.213369 0.107458 0.873526
v -0.209375 0.118265 0.876798
v -0.221537 0.135967 0.885221
v -0.209154 0.131253 0.882926
v -0.210338 0.131814 0.880512
v -0.221378 0.136305 0.880655
v -0.242638 0.109486 0.878878
v -0.241106 0.119719 0.881675
v -0.240394 0.121178 0.876125
v -0.241752 0.111199 0.873438
v -0.226645 0.108243 0.870526
v -0.242638 0.109486 0.878878
v -0.241752 0.111199 0.873438
v -0.226443 0.109287 0.865800
v -0.209154 0.131253 0.882926
v -0.209489 0.117488 0.880037
v -0.209375 0.118265 0.876798
v -0.210338 0.131814 0.880512
v -0.221537 0.135967 0.885221
v -0.236569 0.132158 0.879987
v -0.237377 0.131345 0.885545
v -0.221378 0.136305 0.880655
v -0.241106 0.119719 0.881675
v -0.237377 0.131345 0.885545
v -0.236569 0.132158 0.879987
v -0.240394 0.121178 0.876125
v -0.226645 0.108243 0.870526
v -0.213369 0.107458 0.873526
v -0.212998 0.106323 0.877135
v -0.226443 0.109287 0.865800
v -0.245738 0.086021 0.982873
v -0.246412 0.072988 0.988613
v -0.246100 0.083146 0.990928
v -0.245780 0.071649 0.979994
v -0.246412 0.072988 0.988613
v -0.243946 0.086219 1.001675
v -0.246100 0.083146 0.990928
v -0.241250 0.054187 0.999262
v -0.245780 0.071649 0.979994
v -0.241250 0.054187 0.999262
v -0.246412 0.072988 0.988613
v -0.240262 0.049113 0.972310
v -0.243946 0.086219 1.001675
v -0.242122 0.098946 0.981774
v -0.246100 0.083146 0.990928
v -0.245738 0.086021 0.982873
v -0.196095 0.107572 0.950627
v -0.200499 0.106139 0.932349
v -0.201411 0.116920 0.927536
v -0.202432 0.095931 0.934380
v -0.196095 0.107572 0.950627
v -0.199719 0.091728 0.960029
v -0.200499 0.106139 0.932349
v -0.226559 0.158680 0.927836
v -0.231506 0.139682 0.936494
v -0.228983 0.148101 0.941061
v -0.229809 0.152327 0.920918
v -0.233616 0.131011 0.941414
v -0.235342 0.122485 0.973714
v -0.229739 0.133955 0.967241
v -0.230165 0.139921 0.952004
v -0.193264 0.120119 0.955927
v -0.202719 0.124973 0.924263
v -0.196529 0.135312 0.936364
v -0.194776 0.129920 0.950594
v -0.219154 0.180564 0.888636
v -0.207416 0.177909 0.883569
v -0.211740 0.171340 0.882049
v -0.219152 0.174566 0.886150
v -0.219317 0.172084 0.902931
v -0.219152 0.174566 0.886150
v -0.221783 0.163918 0.897306
v -0.219154 0.180564 0.888636
v -0.195822 0.170215 0.906358
v -0.198939 0.171794 0.889159
v -0.200800 0.178476 0.893177
v -0.195277 0.162269 0.900965
v -0.195822 0.170215 0.906358
v -0.196473 0.158011 0.909017
v -0.195277 0.162269 0.900965
v -0.196397 0.167173 0.914323
v -0.211740 0.171340 0.882049
v -0.198939 0.171794 0.889159
v -0.202220 0.165588 0.886137
v -0.207416 0.177909 0.883569
v -0.223397 0.166060 0.914129
v -0.221783 0.163918 0.897306
v -0.226759 0.157087 0.911087
v -0.219317 0.172084 0.902931
v -0.196916 0.163128 0.921957
v -0.197209 0.143424 0.929315
v -0.197841 0.153219 0.915997
v -0.196188 0.152957 0.938509
v -0.221636 0.154163 0.943138
v -0.230119 0.143662 0.946437
v -0.222240 0.150967 0.951776
v -0.228983 0.148101 0.941061
v -0.222240 0.150967 0.951776
v -0.230165 0.139921 0.952004
v -0.223678 0.148247 0.957144
v -0.230119 0.143662 0.946437
v -0.195605 0.150007 0.941525
v -0.196529 0.135312 0.936364
v -0.197090 0.140074 0.931515
v -0.194938 0.147199 0.944751
v -0.195605 0.150007 0.941525
v -0.197209 0.143424 0.929315
v -0.196188 0.152957 0.938509
v -0.197090 0.140074 0.931515
v -0.219478 0.168395 0.922818
v -0.223397 0.166060 0.914129
v -0.226182 0.163090 0.921525
v -0.216783 0.169696 0.917085
v -0.219478 0.168395 0.922818
v -0.226559 0.158680 0.927836
v -0.218820 0.164772 0.927013
v -0.226182 0.163090 0.921525
v -0.196916 0.163128 0.921957
v -0.197113 0.155725 0.912701
v -0.196706 0.165352 0.918355
v -0.197841 0.153219 0.915997
v -0.196397 0.167173 0.914323
v -0.197113 0.155725 0.912701
v -0.196473 0.158011 0.909017
v -0.196706 0.165352 0.918355
v -0.223678 0.148247 0.957144
v -0.206758 0.137816 0.965624
v -0.206845 0.149413 0.950928
v -0.219901 0.139594 0.970115
v -0.229061 0.154330 0.916184
v -0.219394 0.146761 0.913833
v -0.229809 0.152327 0.920918
v -0.217445 0.148945 0.910191
v -0.226759 0.157087 0.911087
v -0.217445 0.148945 0.910191
v -0.229061 0.154330 0.916184
v -0.215878 0.150886 0.906451
v -0.206353 0.168635 0.920986
v -0.216783 0.169696 0.917085
v -0.219478 0.168395 0.922818
v -0.205613 0.170955 0.917131
v -0.206816 0.166395 0.924877
v -0.219478 0.168395 0.922818
v -0.218820 0.164772 0.927013
v -0.206353 0.168635 0.920986
v -0.233616 0.131011 0.941414
v -0.221282 0.132462 0.929973
v -0.219937 0.127951 0.930685
v -0.232175 0.137191 0.939404
v -0.231506 0.139682 0.936494
v -0.221282 0.132462 0.929973
v -0.232175 0.137191 0.939404
v -0.221129 0.135180 0.928142
v -0.206692 0.152449 0.947489
v -0.221636 0.154163 0.943138
v -0.222240 0.150967 0.951776
v -0.207336 0.156428 0.941733
v -0.206845 0.149413 0.950928
v -0.222240 0.150967 0.951776
v -0.223678 0.148247 0.957144
v -0.206692 0.152449 0.947489
v -0.217445 0.148945 0.910191
v -0.203494 0.147323 0.907696
v -0.204840 0.144533 0.910398
v -0.219394 0.146761 0.913833
v -0.215878 0.150886 0.906451
v -0.202398 0.149830 0.904453
v -0.203494 0.147323 0.907696
v -0.217445 0.148945 0.910191
v -0.197113 0.155725 0.912701
v -0.202398 0.149830 0.904453
v -0.196473 0.158011 0.909017
v -0.203494 0.147323 0.907696
v -0.197841 0.153219 0.915997
v -0.203494 0.147323 0.907696
v -0.197113 0.155725 0.912701
v -0.204840 0.144533 0.910398
v -0.226182 0.163090 0.921525
v -0.229809 0.152327 0.920918
v -0.226559 0.158680 0.927836
v -0.229061 0.154330 0.916184
v -0.226182 0.163090 0.921525
v -0.226759 0.157087 0.911087
v -0.229061 0.154330 0.916184
v -0.223397 0.166060 0.914129
v -0.205613 0.170955 0.917131
v -0.196706 0.165352 0.918355
v -0.196397 0.167173 0.914323
v -0.206353 0.168635 0.920986
v -0.206353 0.168635 0.920986
v -0.196916 0.163128 0.921957
v -0.196706 0.165352 0.918355
v -0.206816 0.166395 0.924877
v -0.202999 0.130793 0.922473
v -0.219937 0.127951 0.930685
v -0.221282 0.132462 0.929973
v -0.202719 0.124973 0.924263
v -0.221129 0.135180 0.928142
v -0.203135 0.134023 0.921017
v -0.202999 0.130793 0.922473
v -0.221282 0.132462 0.929973
v -0.197090 0.140074 0.931515
v -0.203135 0.134023 0.921017
v -0.197209 0.143424 0.929315
v -0.202999 0.130793 0.922473
v -0.196529 0.135312 0.936364
v -0.202999 0.130793 0.922473
v -0.197090 0.140074 0.931515
v -0.202719 0.124973 0.924263
v -0.230165 0.139921 0.952004
v -0.232175 0.137191 0.939404
v -0.233616 0.131011 0.941414
v -0.230119 0.143662 0.946437
v -0.230119 0.143662 0.946437
v -0.231506 0.139682 0.936494
v -0.232175 0.137191 0.939404
v -0.228983 0.148101 0.941061
v -0.195605 0.150007 0.941525
v -0.207336 0.156428 0.941733
v -0.206692 0.152449 0.947489
v -0.196188 0.152957 0.938509
v -0.194938 0.147199 0.944751
v -0.206692 0.152449 0.947489
v -0.206845 0.149413 0.950928
v -0.195605 0.150007 0.941525
v -0.209441 0.037503 0.827821
v -0.202678 0.035534 0.830569
v -0.204683 0.034910 0.833191
v -0.211617 0.037034 0.830956
v -0.206767 0.037900 0.825013
v -0.200510 0.035955 0.828257
v -0.202678 0.035534 0.830569
v -0.209441 0.037503 0.827821
v -0.198826 0.052921 0.835545
v -0.206356 0.054392 0.835091
v -0.199805 0.052951 0.838189
v -0.204658 0.054328 0.832058
v -0.197481 0.053004 0.833284
v -0.204658 0.054328 0.832058
v -0.198826 0.052921 0.835545
v -0.202777 0.054290 0.829481
v -0.213370 0.032284 0.849678
v -0.211617 0.037034 0.830956
v -0.204683 0.034910 0.833191
v -0.221235 0.034440 0.846569
v -0.212444 0.050083 0.832234
v -0.214479 0.053888 0.851240
v -0.206356 0.054392 0.835091
v -0.221938 0.049329 0.848304
v -0.215483 0.031746 0.853562
v -0.225831 0.033664 0.854916
v -0.223658 0.034003 0.850540
v -0.217253 0.031291 0.857478
v -0.213370 0.032284 0.849678
v -0.223658 0.034003 0.850540
v -0.221235 0.034440 0.846569
v -0.215483 0.031746 0.853562
v -0.221938 0.049329 0.848304
v -0.216079 0.053741 0.854846
v -0.214479 0.053888 0.851240
v -0.224057 0.049310 0.852251
v -0.224057 0.049310 0.852251
v -0.217018 0.053797 0.858484
v -0.216079 0.053741 0.854846
v -0.225613 0.049635 0.856558
v -0.211804 0.043308 0.828351
v -0.212444 0.050083 0.832234
v -0.210420 0.050213 0.828865
v -0.213962 0.043054 0.831952
v -0.208576 0.043537 0.824601
v -0.210420 0.050213 0.828865
v -0.207904 0.050297 0.825784
v -0.211804 0.043308 0.828351
v -0.197423 0.039184 0.835192
v -0.197136 0.046699 0.838935
v -0.198501 0.038658 0.837576
v -0.196275 0.046943 0.836578
v -0.195946 0.039561 0.833149
v -0.196275 0.046943 0.836578
v -0.197423 0.039184 0.835192
v -0.194950 0.047192 0.834574
v -0.213962 0.043054 0.831952
v -0.221235 0.034440 0.846569
v -0.222307 0.041808 0.845573
v -0.211617 0.037034 0.830956
v -0.202535 0.045508 0.853545
v -0.204508 0.036590 0.852874
v -0.198501 0.038658 0.837576
v -0.197136 0.046699 0.838935
v -0.221235 0.034440 0.846569
v -0.224843 0.041527 0.849703
v -0.222307 0.041808 0.845573
v -0.223658 0.034003 0.850540
v -0.223658 0.034003 0.850540
v -0.227303 0.041553 0.855354
v -0.224843 0.041527 0.849703
v -0.225831 0.033664 0.854916
v -0.206205 0.036052 0.856674
v -0.205352 0.044005 0.862107
v -0.208500 0.034532 0.860528
v -0.204166 0.045021 0.857423
v -0.204508 0.036590 0.852874
v -0.204166 0.045021 0.857423
v -0.206205 0.036052 0.856674
v -0.202535 0.045508 0.853545
v -0.211617 0.037034 0.830956
v -0.211804 0.043308 0.828351
v -0.209441 0.037503 0.827821
v -0.213962 0.043054 0.831952
v -0.209441 0.037503 0.827821
v -0.208576 0.043537 0.824601
v -0.206767 0.037900 0.825013
v -0.211804 0.043308 0.828351
v -0.202678 0.035534 0.830569
v -0.197423 0.039184 0.835192
v -0.198501 0.038658 0.837576
v -0.204683 0.034910 0.833191
v -0.195946 0.039561 0.833149
v -0.202678 0.035534 0.830569
v -0.200510 0.035955 0.828257
v -0.197423 0.039184 0.835192
v -0.197136 0.046699 0.838935
v -0.198826 0.052921 0.835545
v -0.199805 0.052951 0.838189
v -0.196275 0.046943 0.836578
v -0.196275 0.046943 0.836578
v -0.197481 0.053004 0.833284
v -0.198826 0.052921 0.835545
v -0.194950 0.047192 0.834574
v -0.210420 0.050213 0.828865
v -0.206356 0.054392 0.835091
v -0.204658 0.054328 0.832058
v -0.212444 0.050083 0.832234
v -0.207904 0.050297 0.825784
v -0.204658 0.054328 0.832058
v -0.202777 0.054290 0.829481
v -0.210420 0.050213 0.828865
v -0.222307 0.041808 0.845573
v -0.212444 0.050083 0.832234
v -0.213962 0.043054 0.831952
v -0.221938 0.049329 0.848304
v -0.202535 0.045508 0.853545
v -0.199805 0.052951 0.838189
v -0.205434 0.052721 0.853355
v -0.197136 0.046699 0.838935
v -0.204508 0.036590 0.852874
v -0.204683 0.034910 0.833191
v -0.198501 0.038658 0.837576
v -0.213370 0.032284 0.849678
v -0.199805 0.052951 0.838189
v -0.214479 0.053888 0.851240
v -0.205434 0.052721 0.853355
v -0.206356 0.054392 0.835091
v -0.224843 0.041527 0.849703
v -0.224057 0.049310 0.852251
v -0.221938 0.049329 0.848304
v -0.222307 0.041808 0.845573
v -0.227303 0.041553 0.855354
v -0.224057 0.049310 0.852251
v -0.224843 0.041527 0.849703
v -0.225613 0.049635 0.856558
v -0.205352 0.044005 0.862107
v -0.206898 0.052407 0.857117
v -0.207640 0.052160 0.861576
v -0.204166 0.045021 0.857423
v -0.204166 0.045021 0.857423
v -0.205434 0.052721 0.853355
v -0.206898 0.052407 0.857117
v -0.202535 0.045508 0.853545
v -0.215483 0.031746 0.853562
v -0.206205 0.036052 0.856674
v -0.208500 0.034532 0.860528
v -0.217253 0.031291 0.857478
v -0.213370 0.032284 0.849678
v -0.204508 0.036590 0.852874
v -0.206205 0.036052 0.856674
v -0.215483 0.031746 0.853562
v -0.214479 0.053888 0.851240
v -0.206898 0.052407 0.857117
v -0.205434 0.052721 0.853355
v -0.216079 0.053741 0.854846
v -0.205810 0.042727 0.879916
v -0.209959 0.032444 0.882011
v -0.208500 0.034532 0.860528
v -0.205352 0.044005 0.862107
v -0.189467 0.040801 0.809306
v -0.208576 0.043537 0.824601
v -0.188649 0.045591 0.806869
v -0.206767 0.037900 0.825013
v -0.217018 0.053797 0.858484
v -0.218000 0.053021 0.873725
v -0.207640 0.052160 0.861576
v -0.205117 0.050874 0.877079
v -0.185991 0.046720 0.813286
v -0.190096 0.050927 0.809317
v -0.188832 0.053293 0.815195
v -0.188649 0.045591 0.806869
v -0.188805 0.040583 0.821399
v -0.200510 0.035955 0.828257
v -0.188044 0.038632 0.815362
v -0.195946 0.039561 0.833149
v -0.194950 0.047192 0.834574
v -0.189590 0.052702 0.820420
v -0.197481 0.053004 0.833284
v -0.185578 0.047677 0.820455
v -0.190096 0.050927 0.809317
v -0.207904 0.050297 0.825784
v -0.188832 0.053293 0.815195
v -0.202777 0.054290 0.829481
v -0.225831 0.033664 0.854916
v -0.233199 0.041030 0.876401
v -0.227303 0.041553 0.855354
v -0.230848 0.031207 0.878266
v -0.188832 0.053293 0.815195
v -0.202777 0.054290 0.829481
v -0.189590 0.052702 0.820420
v -0.197481 0.053004 0.833284
v -0.189467 0.040801 0.809306
v -0.185991 0.046720 0.813286
v -0.188044 0.038632 0.815362
v -0.188649 0.045591 0.806869
v -0.217253 0.031291 0.857478
v -0.230848 0.031207 0.878266
v -0.225831 0.033664 0.854916
v -0.219785 0.030965 0.880002
v -0.188044 0.038632 0.815362
v -0.206767 0.037900 0.825013
v -0.189467 0.040801 0.809306
v -0.200510 0.035955 0.828257
v -0.205117 0.050874 0.877079
v -0.205810 0.042727 0.879916
v -0.205352 0.044005 0.862107
v -0.207640 0.052160 0.861576
v -0.185578 0.047677 0.820455
v -0.188044 0.038632 0.815362
v -0.185991 0.046720 0.813286
v -0.188805 0.040583 0.821399
v -0.188649 0.045591 0.806869
v -0.208576 0.043537 0.824601
v -0.190096 0.050927 0.809317
v -0.207904 0.050297 0.825784
v -0.194950 0.047192 0.834574
v -0.195946 0.039561 0.833149
v -0.188805 0.040583 0.821399
v -0.185578 0.047677 0.820455
v -0.185578 0.047677 0.820455
v -0.188832 0.053293 0.815195
v -0.189590 0.052702 0.820420
v -0.185991 0.046720 0.813286
v -0.225613 0.049635 0.856558
v -0.218000 0.053021 0.873725
v -0.217018 0.053797 0.858484
v -0.232213 0.049786 0.873462
v -0.227303 0.041553 0.855354
v -0.232213 0.049786 0.873462
v -0.225613 0.049635 0.856558
v -0.233199 0.041030 0.876401
v -0.208500 0.034532 0.860528
v -0.219785 0.030965 0.880002
v -0.217253 0.031291 0.857478
v -0.209959 0.032444 0.882011
v -0.217018 0.053797 0.858484
v -0.206898 0.052407 0.857117
v -0.216079 0.053741 0.854846
v -0.207640 0.052160 0.861576
v -0.212402 0.071482 0.806003
v -0.207402 0.074982 0.812516
v -0.204677 0.074463 0.808504
v -0.215230 0.071661 0.810390
v -0.209928 0.071333 0.802840
v -0.204677 0.074463 0.808504
v -0.202567 0.074228 0.805500
v -0.212402 0.071482 0.806003
v -0.198352 0.054065 0.817898
v -0.204639 0.052934 0.810574
v -0.197169 0.054242 0.813957
v -0.206595 0.052507 0.814848
v -0.197169 0.054242 0.813957
v -0.203053 0.053118 0.807518
v -0.196020 0.054161 0.811209
v -0.204639 0.052934 0.810574
v -0.215230 0.071661 0.810390
v -0.219579 0.076834 0.836922
v -0.207402 0.074982 0.812516
v -0.228730 0.073105 0.833858
v -0.217341 0.051178 0.838979
v -0.214357 0.056556 0.812056
v -0.206595 0.052507 0.814848
v -0.227058 0.055611 0.836355
v -0.230804 0.073184 0.838216
v -0.222319 0.077394 0.844924
v -0.221259 0.076955 0.840628
v -0.232424 0.073417 0.842967
v -0.228730 0.073105 0.833858
v -0.221259 0.076955 0.840628
v -0.219579 0.076834 0.836922
v -0.230804 0.073184 0.838216
v -0.218150 0.051345 0.842535
v -0.227058 0.055611 0.836355
v -0.217341 0.051178 0.838979
v -0.228490 0.055080 0.840816
v -0.218531 0.051334 0.846896
v -0.228490 0.055080 0.840816
v -0.218150 0.051345 0.842535
v -0.229515 0.054514 0.845860
v -0.214394 0.064301 0.806665
v -0.214357 0.056556 0.812056
v -0.217001 0.064197 0.811535
v -0.212016 0.056760 0.807514
v -0.209866 0.056971 0.804118
v -0.214394 0.064301 0.806665
v -0.211238 0.064469 0.802332
v -0.212016 0.056760 0.807514
v -0.198744 0.071248 0.812752
v -0.196652 0.062568 0.818264
v -0.195476 0.062279 0.814745
v -0.200402 0.071823 0.816402
v -0.197136 0.070993 0.809882
v -0.195476 0.062279 0.814745
v -0.194061 0.062094 0.812000
v -0.198744 0.071248 0.812752
v -0.217001 0.064197 0.811535
v -0.228730 0.073105 0.833858
v -0.215230 0.071661 0.810390
v -0.228405 0.064044 0.831988
v -0.200402 0.071823 0.816402
v -0.203878 0.063026 0.839978
v -0.196652 0.062568 0.818264
v -0.208766 0.073463 0.838949
v -0.228730 0.073105 0.833858
v -0.231164 0.063661 0.837589
v -0.230804 0.073184 0.838216
v -0.228405 0.064044 0.831988
v -0.230804 0.073184 0.838216
v -0.232923 0.063448 0.843884
v -0.232424 0.073417 0.842967
v -0.231164 0.063661 0.837589
v -0.210292 0.074056 0.842456
v -0.206118 0.064463 0.850573
v -0.205483 0.063349 0.844234
v -0.210740 0.075140 0.849006
v -0.208766 0.073463 0.838949
v -0.205483 0.063349 0.844234
v -0.203878 0.063026 0.839978
v -0.210292 0.074056 0.842456
v -0.214394 0.064301 0.806665
v -0.215230 0.071661 0.810390
v -0.212402 0.071482 0.806003
v -0.217001 0.064197 0.811535
v -0.211238 0.064469 0.802332
v -0.212402 0.071482 0.806003
v -0.209928 0.071333 0.802840
v -0.214394 0.064301 0.806665
v -0.198744 0.071248 0.812752
v -0.207402 0.074982 0.812516
v -0.200402 0.071823 0.816402
v -0.204677 0.074463 0.808504
v -0.197136 0.070993 0.809882
v -0.204677 0.074463 0.808504
v -0.198744 0.071248 0.812752
v -0.202567 0.074228 0.805500
v -0.197169 0.054242 0.813957
v -0.196652 0.062568 0.818264
v -0.198352 0.054065 0.817898
v -0.195476 0.062279 0.814745
v -0.196020 0.054161 0.811209
v -0.195476 0.062279 0.814745
v -0.197169 0.054242 0.813957
v -0.194061 0.062094 0.812000
v -0.206595 0.052507 0.814848
v -0.212016 0.056760 0.807514
v -0.204639 0.052934 0.810574
v -0.214357 0.056556 0.812056
v -0.204639 0.052934 0.810574
v -0.209866 0.056971 0.804118
v -0.203053 0.053118 0.807518
v -0.212016 0.056760 0.807514
v -0.214357 0.056556 0.812056
v -0.227058 0.055611 0.836355
v -0.228405 0.064044 0.831988
v -0.217001 0.064197 0.811535
v -0.196652 0.062568 0.818264
v -0.203878 0.063026 0.839978
v -0.198352 0.054065 0.817898
v -0.205572 0.053076 0.840172
v -0.207402 0.074982 0.812516
v -0.208766 0.073463 0.838949
v -0.200402 0.071823 0.816402
v -0.219579 0.076834 0.836922
v -0.206595 0.052507 0.814848
v -0.198352 0.054065 0.817898
v -0.205572 0.053076 0.840172
v -0.217341 0.051178 0.838979
v -0.231164 0.063661 0.837589
v -0.228405 0.064044 0.831988
v -0.227058 0.055611 0.836355
v -0.228490 0.055080 0.840816
v -0.232923 0.063448 0.843884
v -0.231164 0.063661 0.837589
v -0.228490 0.055080 0.840816
v -0.229515 0.054514 0.845860
v -0.206715 0.053225 0.843872
v -0.206118 0.064463 0.850573
v -0.206844 0.053385 0.850026
v -0.205483 0.063349 0.844234
v -0.205572 0.053076 0.840172
v -0.205483 0.063349 0.844234
v -0.206715 0.053225 0.843872
v -0.203878 0.063026 0.839978
v -0.210292 0.074056 0.842456
v -0.222319 0.077394 0.844924
v -0.210740 0.075140 0.849006
v -0.221259 0.076955 0.840628
v -0.219579 0.076834 0.836922
v -0.210292 0.074056 0.842456
v -0.208766 0.073463 0.838949
v -0.221259 0.076955 0.840628
v -0.206715 0.053225 0.843872
v -0.217341 0.051178 0.838979
v -0.205572 0.053076 0.840172
v -0.218150 0.051345 0.842535
v -0.206844 0.053385 0.850026
v -0.218150 0.051345 0.842535
v -0.206715 0.053225 0.843872
v -0.218531 0.051334 0.846896
v -0.210740 0.075140 0.849006
v -0.222749 0.077945 0.868057
v -0.205965 0.076059 0.869593
v -0.222319 0.077394 0.844924
v -0.238265 0.063608 0.870497
v -0.232923 0.063448 0.843884
v -0.229515 0.054514 0.845860
v -0.234282 0.053436 0.873879
v -0.220009 0.052375 0.872221
v -0.229515 0.054514 0.845860
v -0.218531 0.051334 0.846896
v -0.234282 0.053436 0.873879
v -0.184368 0.062125 0.791171
v -0.188003 0.055115 0.792236
v -0.188213 0.055564 0.785746
v -0.186335 0.062979 0.782811
v -0.194061 0.062094 0.812000
v -0.184368 0.062125 0.791171
v -0.189504 0.070238 0.792292
v -0.197136 0.070993 0.809882
v -0.211238 0.064469 0.802332
v -0.190211 0.063883 0.776025
v -0.190734 0.057959 0.779200
v -0.209866 0.056971 0.804118
v -0.188816 0.072209 0.785648
v -0.184368 0.062125 0.791171
v -0.186335 0.062979 0.782811
v -0.189504 0.070238 0.792292
v -0.206844 0.053385 0.850026
v -0.204913 0.065272 0.870896
v -0.204760 0.054810 0.873278
v -0.206118 0.064463 0.850573
v -0.188816 0.072209 0.785648
v -0.209928 0.071333 0.802840
v -0.202567 0.074228 0.805500
v -0.191054 0.069381 0.778995
v -0.232424 0.073417 0.842967
v -0.222749 0.077945 0.868057
v -0.222319 0.077394 0.844924
v -0.240484 0.074488 0.867698
v -0.186335 0.062979 0.782811
v -0.191054 0.069381 0.778995
v -0.188816 0.072209 0.785648
v -0.190211 0.063883 0.776025
v -0.203053 0.053118 0.807518
v -0.188003 0.055115 0.792236
v -0.196020 0.054161 0.811209
v -0.188213 0.055564 0.785746
v -0.240484 0.074488 0.867698
v -0.232424 0.073417 0.842967
v -0.232923 0.063448 0.843884
v -0.238265 0.063608 0.870497
v -0.209866 0.056971 0.804118
v -0.190734 0.057959 0.779200
v -0.188213 0.055564 0.785746
v -0.203053 0.053118 0.807518
v -0.188003 0.055115 0.792236
v -0.194061 0.062094 0.812000
v -0.196020 0.054161 0.811209
v -0.184368 0.062125 0.791171
v -0.188816 0.072209 0.785648
v -0.202567 0.074228 0.805500
v -0.189504 0.070238 0.792292
v -0.197136 0.070993 0.809882
v -0.186335 0.062979 0.782811
v -0.188213 0.055564 0.785746
v -0.190734 0.057959 0.779200
v -0.190211 0.063883 0.776025
v -0.220009 0.052375 0.872221
v -0.218531 0.051334 0.846896
v -0.206844 0.053385 0.850026
v -0.204760 0.054810 0.873278
v -0.191054 0.069381 0.778995
v -0.211238 0.064469 0.802332
v -0.209928 0.071333 0.802840
v -0.190211 0.063883 0.776025
v -0.206118 0.064463 0.850573
v -0.205965 0.076059 0.869593
v -0.204913 0.065272 0.870896
v -0.210740 0.075140 0.849006
v -0.220792 0.099621 0.793063
v -0.213306 0.096203 0.793101
v -0.215163 0.094995 0.797278
v -0.222717 0.098574 0.797269
v -0.218267 0.100885 0.788199
v -0.211199 0.097290 0.788395
v -0.213306 0.096203 0.793101
v -0.220792 0.099621 0.793063
v -0.211445 0.115753 0.799667
v -0.205830 0.112208 0.805143
v -0.204887 0.112637 0.801180
v -0.213009 0.115401 0.803888
v -0.203344 0.113355 0.796929
v -0.211445 0.115753 0.799667
v -0.204887 0.112637 0.801180
v -0.209490 0.116341 0.795108
v -0.226937 0.086988 0.828643
v -0.222717 0.098574 0.797269
v -0.215163 0.094995 0.797278
v -0.236015 0.091040 0.827148
v -0.224048 0.111898 0.835303
v -0.220987 0.112529 0.801485
v -0.233889 0.107924 0.832592
v -0.213009 0.115401 0.803888
v -0.237833 0.089574 0.832442
v -0.228071 0.085945 0.833466
v -0.228408 0.085123 0.836696
v -0.238531 0.088622 0.835971
v -0.236015 0.091040 0.827148
v -0.226937 0.086988 0.828643
v -0.228071 0.085945 0.833466
v -0.237833 0.089574 0.832442
v -0.233889 0.107924 0.832592
v -0.225244 0.111354 0.839451
v -0.224048 0.111898 0.835303
v -0.235666 0.107185 0.837577
v -0.225668 0.111148 0.842448
v -0.235666 0.107185 0.837577
v -0.236304 0.106833 0.841024
v -0.225244 0.111354 0.839451
v -0.220987 0.112529 0.801485
v -0.222726 0.106029 0.794913
v -0.224607 0.105123 0.799759
v -0.219208 0.113195 0.797164
v -0.216725 0.113980 0.792377
v -0.222726 0.106029 0.794913
v -0.219208 0.113195 0.797164
v -0.218764 0.107483 0.787830
v -0.206099 0.097944 0.797505
v -0.204010 0.105073 0.803991
v -0.207180 0.096949 0.801302
v -0.203125 0.105713 0.800360
v -0.204436 0.098938 0.792990
v -0.203125 0.105713 0.800360
v -0.206099 0.097944 0.797505
v -0.201453 0.106568 0.796030
v -0.224607 0.105123 0.799759
v -0.236015 0.091040 0.827148
v -0.236665 0.099874 0.827877
v -0.222717 0.098574 0.797269
v -0.204010 0.105073 0.803991
v -0.210969 0.099734 0.832209
v -0.207180 0.096949 0.801302
v -0.214950 0.089913 0.830437
v -0.239159 0.098594 0.833766
v -0.236015 0.091040 0.827148
v -0.237833 0.089574 0.832442
v -0.236665 0.099874 0.827877
v -0.238531 0.088622 0.835971
v -0.240017 0.097762 0.838126
v -0.239159 0.098594 0.833766
v -0.237833 0.089574 0.832442
v -0.215821 0.088996 0.834986
v -0.212414 0.098110 0.841833
v -0.215835 0.087849 0.839498
v -0.212229 0.098845 0.837288
v -0.214950 0.089913 0.830437
v -0.212229 0.098845 0.837288
v -0.215821 0.088996 0.834986
v -0.210969 0.099734 0.832209
v -0.222726 0.106029 0.794913
v -0.222717 0.098574 0.797269
v -0.224607 0.105123 0.799759
v -0.220792 0.099621 0.793063
v -0.218267 0.100885 0.788199
v -0.222726 0.106029 0.794913
v -0.218764 0.107483 0.787830
v -0.220792 0.099621 0.793063
v -0.206099 0.097944 0.797505
v -0.215163 0.094995 0.797278
v -0.213306 0.096203 0.793101
v -0.207180 0.096949 0.801302
v -0.204436 0.098938 0.792990
v -0.213306 0.096203 0.793101
v -0.211199 0.097290 0.788395
v -0.206099 0.097944 0.797505
v -0.204010 0.105073 0.803991
v -0.204887 0.112637 0.801180
v -0.205830 0.112208 0.805143
v -0.203125 0.105713 0.800360
v -0.203125 0.105713 0.800360
v -0.203344 0.113355 0.796929
v -0.204887 0.112637 0.801180
v -0.201453 0.106568 0.796030
v -0.219208 0.113195 0.797164
v -0.213009 0.115401 0.803888
v -0.211445 0.115753 0.799667
v -0.220987 0.112529 0.801485
v -0.216725 0.113980 0.792377
v -0.211445 0.115753 0.799667
v -0.209490 0.116341 0.795108
v -0.219208 0.113195 0.797164
v -0.224607 0.105123 0.799759
v -0.236665 0.099874 0.827877
v -0.220987 0.112529 0.801485
v -0.233889 0.107924 0.832592
v -0.205830 0.112208 0.805143
v -0.210969 0.099734 0.832209
v -0.204010 0.105073 0.803991
v -0.212987 0.108369 0.834228
v -0.214950 0.089913 0.830437
v -0.215163 0.094995 0.797278
v -0.207180 0.096949 0.801302
v -0.226937 0.086988 0.828643
v -0.213009 0.115401 0.803888
v -0.212987 0.108369 0.834228
v -0.205830 0.112208 0.805143
v -0.224048 0.111898 0.835303
v -0.239159 0.098594 0.833766
v -0.235666 0.107185 0.837577
v -0.233889 0.107924 0.832592
v -0.236665 0.099874 0.827877
v -0.240017 0.097762 0.838126
v -0.236304 0.106833 0.841024
v -0.235666 0.107185 0.837577
v -0.239159 0.098594 0.833766
v -0.212414 0.098110 0.841833
v -0.214125 0.107856 0.838576
v -0.214315 0.107499 0.843051
v -0.212229 0.098845 0.837288
v -0.212987 0.108369 0.834228
v -0.212229 0.098845 0.837288
v -0.210969 0.099734 0.832209
v -0.214125 0.107856 0.838576
v -0.215821 0.088996 0.834986
v -0.228408 0.085123 0.836696
v -0.228071 0.085945 0.833466
v -0.215835 0.087849 0.839498
v -0.226937 0.086988 0.828643
v -0.214950 0.089913 0.830437
v -0.215821 0.088996 0.834986
v -0.228071 0.085945 0.833466
v -0.224048 0.111898 0.835303
v -0.214125 0.107856 0.838576
v -0.212987 0.108369 0.834228
v -0.225244 0.111354 0.839451
v -0.221875 0.126858 0.815082
v -0.215726 0.123012 0.813386
v -0.216648 0.121987 0.816887
v -0.223420 0.126141 0.818723
v -0.220233 0.127553 0.811553
v -0.214187 0.124132 0.809830
v -0.215726 0.123012 0.813386
v -0.221875 0.126858 0.815082
v -0.209899 0.141627 0.821523
v -0.203257 0.138128 0.826390
v -0.202674 0.138447 0.823069
v -0.211055 0.141437 0.825099
v -0.209899 0.141627 0.821523
v -0.201867 0.138880 0.819652
v -0.208680 0.141878 0.817948
v -0.202674 0.138447 0.823069
v -0.222998 0.116101 0.838893
v -0.223420 0.126141 0.818723
v -0.216648 0.121987 0.816887
v -0.231221 0.122550 0.838559
v -0.216886 0.139488 0.845664
v -0.219459 0.139412 0.822999
v -0.226853 0.136681 0.843461
v -0.211055 0.141437 0.825099
v -0.232726 0.121163 0.842567
v -0.224079 0.115103 0.842975
v -0.224725 0.114137 0.846419
v -0.233817 0.119835 0.846085
v -0.231221 0.122550 0.838559
v -0.222998 0.116101 0.838893
v -0.224079 0.115103 0.842975
v -0.232726 0.121163 0.842567
v -0.226853 0.136681 0.843461
v -0.218058 0.139048 0.849626
v -0.216886 0.139488 0.845664
v -0.228361 0.136102 0.847663
v -0.218821 0.138694 0.852970
v -0.228361 0.136102 0.847663
v -0.229415 0.135552 0.851387
v -0.218058 0.139048 0.849626
v -0.219459 0.139412 0.822999
v -0.222036 0.133321 0.817506
v -0.223488 0.132656 0.821593
v -0.218039 0.139931 0.819255
v -0.216471 0.140374 0.815632
v -0.222036 0.133321 0.817506
v -0.218039 0.139931 0.819255
v -0.219801 0.134117 0.812565
v -0.207983 0.122969 0.818400
v -0.203127 0.129852 0.824702
v -0.208755 0.122109 0.821684
v -0.202539 0.130409 0.821530
v -0.207031 0.123757 0.814981
v -0.202539 0.130409 0.821530
v -0.207983 0.122969 0.818400
v -0.201668 0.130997 0.818194
v -0.223488 0.132656 0.821593
v -0.231221 0.122550 0.838559
v -0.230300 0.129757 0.839350
v -0.223420 0.126141 0.818723
v -0.203127 0.129852 0.824702
v -0.206352 0.126381 0.842886
v -0.208755 0.122109 0.821684
v -0.212521 0.117504 0.840572
v -0.232019 0.128939 0.843604
v -0.231221 0.122550 0.838559
v -0.232726 0.121163 0.842567
v -0.230300 0.129757 0.839350
v -0.233424 0.127943 0.848009
v -0.232726 0.121163 0.842567
v -0.233817 0.119835 0.846085
v -0.232019 0.128939 0.843604
v -0.213323 0.116542 0.844637
v -0.207659 0.124812 0.851304
v -0.213523 0.115427 0.848695
v -0.207229 0.125650 0.847004
v -0.212521 0.117504 0.840572
v -0.207229 0.125650 0.847004
v -0.213323 0.116542 0.844637
v -0.206352 0.126381 0.842886
v -0.222036 0.133321 0.817506
v -0.223420 0.126141 0.818723
v -0.223488 0.132656 0.821593
v -0.221875 0.126858 0.815082
v -0.219801 0.134117 0.812565
v -0.221875 0.126858 0.815082
v -0.222036 0.133321 0.817506
v -0.220233 0.127553 0.811553
v -0.207983 0.122969 0.818400
v -0.216648 0.121987 0.816887
v -0.215726 0.123012 0.813386
v -0.208755 0.122109 0.821684
v -0.215726 0.123012 0.813386
v -0.207031 0.123757 0.814981
v -0.207983 0.122969 0.818400
v -0.214187 0.124132 0.809830
v -0.203127 0.129852 0.824702
v -0.202674 0.138447 0.823069
v -0.203257 0.138128 0.826390
v -0.202539 0.130409 0.821530
v -0.202539 0.130409 0.821530
v -0.201867 0.138880 0.819652
v -0.202674 0.138447 0.823069
v -0.201668 0.130997 0.818194
v -0.218039 0.139931 0.819255
v -0.211055 0.141437 0.825099
v -0.209899 0.141627 0.821523
v -0.219459 0.139412 0.822999
v -0.216471 0.140374 0.815632
v -0.209899 0.141627 0.821523
v -0.208680 0.141878 0.817948
v -0.218039 0.139931 0.819255
v -0.223488 0.132656 0.821593
v -0.230300 0.129757 0.839350
v -0.219459 0.139412 0.822999
v -0.226853 0.136681 0.843461
v -0.203257 0.138128 0.826390
v -0.206352 0.126381 0.842886
v -0.203127 0.129852 0.824702
v -0.206459 0.135728 0.845221
v -0.222998 0.116101 0.838893
v -0.208755 0.122109 0.821684
v -0.212521 0.117504 0.840572
v -0.216648 0.121987 0.816887
v -0.211055 0.141437 0.825099
v -0.216886 0.139488 0.845664
v -0.206459 0.135728 0.845221
v -0.203257 0.138128 0.826390
v -0.232019 0.128939 0.843604
v -0.228361 0.136102 0.847663
v -0.226853 0.136681 0.843461
v -0.230300 0.129757 0.839350
v -0.233424 0.127943 0.848009
v -0.229415 0.135552 0.851387
v -0.228361 0.136102 0.847663
v -0.232019 0.128939 0.843604
v -0.207325 0.135275 0.849231
v -0.207659 0.124812 0.851304
v -0.207229 0.125650 0.847004
v -0.208258 0.134976 0.853114
v -0.206459 0.135728 0.845221
v -0.207229 0.125650 0.847004
v -0.206352 0.126381 0.842886
v -0.207325 0.135275 0.849231
v -0.213323 0.116542 0.844637
v -0.224725 0.114137 0.846419
v -0.224079 0.115103 0.842975
v -0.213523 0.115427 0.848695
v -0.222998 0.116101 0.838893
v -0.212521 0.117504 0.840572
v -0.213323 0.116542 0.844637
v -0.224079 0.115103 0.842975
v -0.216886 0.139488 0.845664
v -0.207325 0.135275 0.849231
v -0.206459 0.135728 0.845221
v -0.218058 0.139048 0.849626
v -0.218058 0.139048 0.849626
v -0.208258 0.134976 0.853114
v -0.207325 0.135275 0.849231
v -0.218821 0.138694 0.852970
v -0.212414 0.098110 0.841833
v -0.208857 0.081793 0.868758
v -0.215835 0.087849 0.839498
v -0.209597 0.093408 0.872025
v -0.203183 0.050548 0.880251
v -0.203119 0.054514 0.878646
v -0.199664 0.052235 0.889749
v -0.200528 0.077420 0.882309
v -0.204068 0.077009 0.873597
v -0.206465 0.081174 0.872960
v -0.246851 0.074449 0.886680
v -0.242742 0.079755 0.874621
v -0.242753 0.074903 0.874445
v -0.236634 0.049994 0.891494
v -0.234812 0.052731 0.879386
v -0.234074 0.050268 0.879896
v -0.217698 0.052778 0.877516
v -0.234074 0.050268 0.879896
v -0.219567 0.053048 0.877224
v -0.234812 0.052731 0.879386
v -0.203119 0.054514 0.878646
v -0.203183 0.050548 0.880251
v -0.217698 0.052778 0.877516
v -0.219567 0.053048 0.877224
v -0.223098 0.077934 0.873029
v -0.242753 0.074903 0.874445
v -0.224013 0.078616 0.873093
v -0.242742 0.079755 0.874621
v -0.206465 0.081174 0.872960
v -0.204068 0.077009 0.873597
v -0.223098 0.077934 0.873029
v -0.224013 0.078616 0.873093
v -0.204738 0.042401 0.883832
v -0.199664 0.052235 0.889749
v -0.201552 0.043220 0.893879
v -0.203183 0.050548 0.880251
v -0.217533 0.032248 0.899681
v -0.207224 0.032513 0.885477
v -0.205260 0.033413 0.898204
v -0.219097 0.031084 0.886304
v -0.234514 0.041563 0.896200
v -0.234057 0.041280 0.884286
v -0.231117 0.030756 0.886539
v -0.229845 0.031945 0.901102
v -0.236634 0.049994 0.891494
v -0.234074 0.050268 0.879896
v -0.234057 0.041280 0.884286
v -0.234514 0.041563 0.896200
v -0.207224 0.032513 0.885477
v -0.201552 0.043220 0.893879
v -0.205260 0.033413 0.898204
v -0.204738 0.042401 0.883832
v -0.229845 0.031945 0.901102
v -0.219097 0.031084 0.886304
v -0.217533 0.032248 0.899681
v -0.231117 0.030756 0.886539
v -0.203195 0.065325 0.875460
v -0.200528 0.077420 0.882309
v -0.199221 0.064118 0.885792
v -0.204068 0.077009 0.873597
v -0.241430 0.061474 0.887959
v -0.239303 0.063315 0.877430
v -0.234812 0.052731 0.879386
v -0.236634 0.049994 0.891494
v -0.246851 0.074449 0.886680
v -0.242753 0.074903 0.874445
v -0.239303 0.063315 0.877430
v -0.241430 0.061474 0.887959
v -0.203119 0.054514 0.878646
v -0.199221 0.064118 0.885792
v -0.199664 0.052235 0.889749
v -0.203195 0.065325 0.875460
v -0.203289 0.089952 0.883780
v -0.206465 0.081174 0.872960
v -0.208092 0.093058 0.875817
v -0.200528 0.077420 0.882309
v -0.247055 0.088647 0.887572
v -0.242742 0.079755 0.874621
v -0.246851 0.074449 0.886680
v -0.244616 0.091695 0.877708
v -0.226443 0.109287 0.865800
v -0.213523 0.115427 0.848695
v -0.213369 0.107458 0.873526
v -0.224725 0.114137 0.846419
v -0.244143 0.117711 0.891814
v -0.242638 0.109486 0.878878
v -0.245211 0.104586 0.889928
v -0.241106 0.119719 0.881675
v -0.221537 0.135967 0.885221
v -0.207616 0.129548 0.891418
v -0.209154 0.131253 0.882926
v -0.220576 0.134925 0.894125
v -0.244143 0.117711 0.891814
v -0.237649 0.130465 0.896139
v -0.237377 0.131345 0.885545
v -0.241106 0.119719 0.881675
v -0.207616 0.129548 0.891418
v -0.205593 0.115832 0.887373
v -0.209489 0.117488 0.880037
v -0.209154 0.131253 0.882926
v -0.237377 0.131345 0.885545
v -0.220576 0.134925 0.894125
v -0.221537 0.135967 0.885221
v -0.237649 0.130465 0.896139
v -0.212998 0.106323 0.877135
v -0.226523 0.107274 0.870817
v -0.226645 0.108243 0.870526
v -0.212778 0.105136 0.877135
v -0.208092 0.093058 0.875817
v -0.207910 0.103038 0.888345
v -0.203289 0.089952 0.883780
v -0.212778 0.105136 0.877135
v -0.226645 0.108243 0.870526
v -0.242695 0.104158 0.878234
v -0.242638 0.109486 0.878878
v -0.226523 0.107274 0.870817
v -0.242638 0.109486 0.878878
v -0.242695 0.104158 0.878234
v -0.245211 0.104586 0.889928
v -0.212778 0.105136 0.877135
v -0.212998 0.106323 0.877135
v -0.207910 0.103038 0.888345
v -0.199719 0.091728 0.960029
v -0.205367 0.101895 0.996138
v -0.203557 0.088332 0.995161
v -0.196095 0.107572 0.950627
v -0.203434 0.034782 0.909909
v -0.217533 0.032248 0.899681
v -0.205260 0.033413 0.898204
v -0.216221 0.033607 0.911599
v -0.216384 0.040667 0.993075
v -0.216930 0.036235 0.963634
v -0.202462 0.037067 0.962098
v -0.205310 0.126986 0.902434
v -0.218187 0.125455 0.931135
v -0.201411 0.116920 0.927536
v -0.220662 0.134325 0.905841
v -0.202462 0.037067 0.962098
v -0.215565 0.034263 0.934403
v -0.201627 0.035307 0.932757
v -0.216930 0.036235 0.963634
v -0.205593 0.115832 0.887373
v -0.207910 0.103038 0.888345
v -0.212998 0.106323 0.877135
v -0.209489 0.117488 0.880037
v -0.197841 0.153219 0.915997
v -0.203135 0.134023 0.921017
v -0.204840 0.144533 0.910398
v -0.197209 0.143424 0.929315
v -0.205367 0.101895 0.996138
v -0.231072 0.115127 0.988111
v -0.233106 0.102425 1.004009
v -0.205627 0.113305 0.985044
v -0.201411 0.116920 0.927536
v -0.193264 0.120119 0.955927
v -0.196095 0.107572 0.950627
v -0.202719 0.124973 0.924263
v -0.212046 0.157928 0.892673
v -0.202220 0.165588 0.886137
v -0.200318 0.154955 0.896334
v -0.211740 0.171340 0.882049
v -0.223397 0.166060 0.914129
v -0.216783 0.169696 0.917085
v -0.212614 0.176295 0.905688
v -0.219317 0.172084 0.902931
v -0.206845 0.149413 0.950928
v -0.193096 0.135496 0.960810
v -0.194938 0.147199 0.944751
v -0.206758 0.137816 0.965624
v -0.200800 0.178476 0.893177
v -0.207416 0.177909 0.883569
v -0.207559 0.183243 0.889307
v -0.198939 0.171794 0.889159
v -0.212614 0.176295 0.905688
v -0.207559 0.183243 0.889307
v -0.214379 0.182190 0.891103
v -0.203301 0.177380 0.906942
v -0.205627 0.113305 0.985044
v -0.219901 0.139594 0.970115
v -0.231072 0.115127 0.988111
v -0.206758 0.137816 0.965624
v -0.233424 0.127943 0.848009
v -0.240394 0.121178 0.876125
v -0.229415 0.135552 0.851387
v -0.236569 0.132158 0.879987
v -0.229415 0.135552 0.851387
v -0.221378 0.136305 0.880655
v -0.218821 0.138694 0.852970
v -0.236569 0.132158 0.879987
v -0.199207 0.141351 0.801935
v -0.201798 0.136262 0.791357
v -0.201053 0.142718 0.796048
v -0.197851 0.134469 0.798552
v -0.197851 0.134469 0.798552
v -0.201668 0.130997 0.818194
v -0.204335 0.127444 0.799034
v -0.207031 0.123757 0.814981
v -0.207135 0.137851 0.786032
v -0.219801 0.134117 0.812565
v -0.205454 0.142681 0.790289
v -0.216471 0.140374 0.815632
v -0.244143 0.117711 0.891814
v -0.245855 0.103161 0.904185
v -0.240338 0.117845 0.907938
v -0.245211 0.104586 0.889928
v -0.203821 0.107048 0.762766
v -0.218764 0.107483 0.787830
v -0.203204 0.112835 0.760392
v -0.218267 0.100885 0.788199
v -0.225668 0.111148 0.842448
v -0.226487 0.107793 0.866412
v -0.214315 0.107499 0.843051
v -0.213342 0.105197 0.873409
v -0.198204 0.111758 0.766948
v -0.202305 0.117869 0.765378
v -0.198925 0.118392 0.772181
v -0.203204 0.112835 0.760392
v -0.200106 0.102712 0.776627
v -0.211199 0.097290 0.788395
v -0.201242 0.102552 0.768571
v -0.204436 0.098938 0.792990
v -0.198489 0.116137 0.778670
v -0.201453 0.106568 0.796030
v -0.195210 0.110401 0.775467
v -0.203344 0.113355 0.796929
v -0.203301 0.177380 0.906942
v -0.196397 0.167173 0.914323
v -0.195822 0.170215 0.906358
v -0.205613 0.170955 0.917131
v -0.220662 0.134325 0.905841
v -0.207616 0.129548 0.891418
v -0.220576 0.134925 0.894125
v -0.205310 0.126986 0.902434
v -0.201627 0.035307 0.932757
v -0.216221 0.033607 0.911599
v -0.203434 0.034782 0.909909
v -0.215565 0.034263 0.934403
v -0.205706 0.127250 0.792486
v -0.197851 0.134469 0.798552
v -0.204335 0.127444 0.799034
v -0.201798 0.136262 0.791357
v -0.241757 0.061460 0.903383
v -0.246889 0.074800 0.921474
v -0.246999 0.073688 0.901027
v -0.243433 0.061589 0.921978
v -0.236994 0.050486 0.905655
v -0.243433 0.061589 0.921978
v -0.241757 0.061460 0.903383
v -0.239208 0.050730 0.922166
v -0.239208 0.050730 0.922166
v -0.236994 0.050486 0.905655
v -0.233285 0.042239 0.909384
v -0.234682 0.042708 0.924387
v -0.246999 0.073688 0.901027
v -0.246889 0.074800 0.921474
v -0.246798 0.088391 0.902426
v -0.246975 0.088649 0.923776
v -0.245855 0.103161 0.904185
v -0.246975 0.088649 0.923776
v -0.243515 0.102982 0.925574
v -0.246798 0.088391 0.902426
v -0.240338 0.117845 0.907938
v -0.243515 0.102982 0.925574
v -0.239334 0.115955 0.927409
v -0.245855 0.103161 0.904185
v -0.238969 0.052599 0.946774
v -0.243433 0.061589 0.921978
v -0.239208 0.050730 0.922166
v -0.246975 0.088649 0.923776
v -0.246307 0.087945 0.955061
v -0.243515 0.102982 0.925574
v -0.242139 0.105331 0.952261
v -0.246307 0.087945 0.955061
v -0.242122 0.098946 0.981774
v -0.242139 0.105331 0.952261
v -0.245738 0.086021 0.982873
v -0.228769 0.033222 0.913148
v -0.234682 0.042708 0.924387
v -0.233285 0.042239 0.909384
v -0.229220 0.033680 0.936007
v -0.236034 0.129135 0.910448
v -0.239334 0.115955 0.927409
v -0.234244 0.125886 0.942096
v -0.240338 0.117845 0.907938
v -0.197372 0.043122 0.932989
v -0.202462 0.037067 0.962098
v -0.201627 0.035307 0.932757
v -0.196204 0.051350 0.965219
v -0.205260 0.033413 0.898204
v -0.202032 0.043623 0.906014
v -0.203434 0.034782 0.909909
v -0.201552 0.043220 0.893879
v -0.203434 0.034782 0.909909
v -0.197372 0.043122 0.932989
v -0.201627 0.035307 0.932757
v -0.202032 0.043623 0.906014
v -0.229845 0.031945 0.901102
v -0.233285 0.042239 0.909384
v -0.234514 0.041563 0.896200
v -0.228769 0.033222 0.913148
v -0.199664 0.052235 0.889749
v -0.204010 0.063830 0.900173
v -0.199672 0.051815 0.902409
v -0.199221 0.064118 0.885792
v -0.196204 0.051350 0.965219
v -0.195266 0.052079 0.933368
v -0.197458 0.062924 0.932762
v -0.236634 0.049994 0.891494
v -0.241757 0.061460 0.903383
v -0.241430 0.061474 0.887959
v -0.236994 0.050486 0.905655
v -0.199672 0.051815 0.902409
v -0.197458 0.062924 0.932762
v -0.195266 0.052079 0.933368
v -0.204010 0.063830 0.900173
v -0.202432 0.095931 0.934380
v -0.199719 0.091728 0.960029
v -0.200599 0.085792 0.933457
v -0.202305 0.117869 0.765378
v -0.216725 0.113980 0.792377
v -0.198925 0.118392 0.772181
v -0.209490 0.116341 0.795108
v -0.208055 0.088339 0.899124
v -0.202432 0.095931 0.934380
v -0.200599 0.085792 0.933457
v -0.209504 0.101098 0.900243
v -0.238531 0.088622 0.835971
v -0.242675 0.081134 0.867939
v -0.240017 0.097762 0.838126
v -0.244434 0.092683 0.871044
v -0.198925 0.118392 0.772181
v -0.209490 0.116341 0.795108
v -0.198489 0.116137 0.778670
v -0.203344 0.113355 0.796929
v -0.203821 0.107048 0.762766
v -0.198204 0.111758 0.766948
v -0.201242 0.102552 0.768571
v -0.203204 0.112835 0.760392
v -0.207910 0.103038 0.888345
v -0.206508 0.113183 0.901251
v -0.209504 0.101098 0.900243
v -0.205593 0.115832 0.887373
v -0.245211 0.104586 0.889928
v -0.246798 0.088391 0.902426
v -0.245855 0.103161 0.904185
v -0.247055 0.088647 0.887572
v -0.208258 0.134976 0.853114
v -0.209375 0.118265 0.876798
v -0.207659 0.124812 0.851304
v -0.210338 0.131814 0.880512
v -0.214187 0.124132 0.809830
v -0.208619 0.132107 0.787688
v -0.205706 0.127250 0.792486
v -0.220233 0.127553 0.811553
v -0.226443 0.109287 0.865800
v -0.233817 0.119835 0.846085
v -0.224725 0.114137 0.846419
v -0.241752 0.111199 0.873438
v -0.208619 0.132107 0.787688
v -0.201798 0.136262 0.791357
v -0.205706 0.127250 0.792486
v -0.207135 0.137851 0.786032
v -0.201053 0.142718 0.796048
v -0.208680 0.141878 0.817948
v -0.199207 0.141351 0.801935
v -0.201867 0.138880 0.819652
v -0.209504 0.101098 0.900243
v -0.200499 0.106139 0.932349
v -0.202432 0.095931 0.934380
v -0.206508 0.113183 0.901251
v -0.233817 0.119835 0.846085
v -0.240394 0.121178 0.876125
v -0.233424 0.127943 0.848009
v -0.241752 0.111199 0.873438
v -0.196204 0.051350 0.965219
v -0.205135 0.050187 0.993626
v -0.216384 0.040667 0.993075
v -0.202462 0.037067 0.962098
v -0.201529 0.071726 0.971294
v -0.203557 0.088332 0.995161
v -0.198782 0.070823 0.995954
v -0.199719 0.091728 0.960029
v -0.201529 0.071726 0.971294
v -0.198782 0.070823 0.995954
v -0.205135 0.050187 0.993626
v -0.196204 0.051350 0.965219
v -0.215565 0.034263 0.934403
v -0.228769 0.033222 0.913148
v -0.216221 0.033607 0.911599
v -0.229220 0.033680 0.936007
v -0.237649 0.130465 0.896139
v -0.240338 0.117845 0.907938
v -0.236034 0.129135 0.910448
v -0.244143 0.117711 0.891814
v -0.204010 0.063830 0.900173
v -0.199936 0.074911 0.932033
v -0.197458 0.062924 0.932762
v -0.206630 0.075199 0.897911
v -0.237649 0.130465 0.896139
v -0.220662 0.134325 0.905841
v -0.220576 0.134925 0.894125
v -0.236034 0.129135 0.910448
v -0.241430 0.061474 0.887959
v -0.246999 0.073688 0.901027
v -0.246851 0.074449 0.886680
v -0.241757 0.061460 0.903383
v -0.206508 0.113183 0.901251
v -0.201411 0.116920 0.927536
v -0.200499 0.106139 0.932349
v -0.205310 0.126986 0.902434
v -0.246634 0.072981 0.953630
v -0.243433 0.061589 0.921978
v -0.238969 0.052599 0.946774
v -0.246889 0.074800 0.921474
v -0.203289 0.089952 0.883780
v -0.206630 0.075199 0.897911
v -0.200528 0.077420 0.882309
v -0.208055 0.088339 0.899124
v -0.234514 0.041563 0.896200
v -0.236994 0.050486 0.905655
v -0.236634 0.049994 0.891494
v -0.233285 0.042239 0.909384
v -0.202032 0.043623 0.906014
v -0.195266 0.052079 0.933368
v -0.197372 0.043122 0.932989
v -0.199672 0.051815 0.902409
v -0.202398 0.149830 0.904453
v -0.212046 0.157928 0.892673
v -0.200318 0.154955 0.896334
v -0.215878 0.150886 0.906451
v -0.205613 0.170955 0.917131
v -0.212614 0.176295 0.905688
v -0.216783 0.169696 0.917085
v -0.203301 0.177380 0.906942
v -0.221783 0.163918 0.897306
v -0.215878 0.150886 0.906451
v -0.226759 0.157087 0.911087
v -0.212046 0.157928 0.892673
v -0.195277 0.162269 0.900965
v -0.202398 0.149830 0.904453
v -0.200318 0.154955 0.896334
v -0.196473 0.158011 0.909017
v -0.228408 0.085123 0.836696
v -0.242675 0.081134 0.867939
v -0.238531 0.088622 0.835971
v -0.225557 0.079363 0.868134
v -0.201242 0.102552 0.768571
v -0.218267 0.100885 0.788199
v -0.203821 0.107048 0.762766
v -0.211199 0.097290 0.788395
v -0.214315 0.107499 0.843051
v -0.213342 0.105197 0.873409
v -0.212414 0.098110 0.841833
v -0.209597 0.093408 0.872025
v -0.201242 0.102552 0.768571
v -0.195210 0.110401 0.775467
v -0.200106 0.102712 0.776627
v -0.198204 0.111758 0.766948
v -0.203204 0.112835 0.760392
v -0.218764 0.107483 0.787830
v -0.202305 0.117869 0.765378
v -0.216725 0.113980 0.792377
v -0.195210 0.110401 0.775467
v -0.201453 0.106568 0.796030
v -0.200106 0.102712 0.776627
v -0.204436 0.098938 0.792990
v -0.195210 0.110401 0.775467
v -0.198204 0.111758 0.766948
v -0.198925 0.118392 0.772181
v -0.198489 0.116137 0.778670
v -0.236304 0.106833 0.841024
v -0.226487 0.107793 0.866412
v -0.225668 0.111148 0.842448
v -0.241939 0.104517 0.872250
v -0.207910 0.103038 0.888345
v -0.208055 0.088339 0.899124
v -0.203289 0.089952 0.883780
v -0.209504 0.101098 0.900243
v -0.240017 0.097762 0.838126
v -0.244434 0.092683 0.871044
v -0.236304 0.106833 0.841024
v -0.241939 0.104517 0.872250
v -0.215835 0.087849 0.839498
v -0.225557 0.079363 0.868134
v -0.228408 0.085123 0.836696
v -0.208857 0.081793 0.868758
v -0.205454 0.142681 0.790289
v -0.216471 0.140374 0.815632
v -0.201053 0.142718 0.796048
v -0.208680 0.141878 0.817948
v -0.199207 0.141351 0.801935
v -0.201668 0.130997 0.818194
v -0.197851 0.134469 0.798552
v -0.201867 0.138880 0.819652
v -0.204335 0.127444 0.799034
v -0.214187 0.124132 0.809830
v -0.205706 0.127250 0.792486
v -0.207031 0.123757 0.814981
v -0.201798 0.136262 0.791357
v -0.205454 0.142681 0.790289
v -0.201053 0.142718 0.796048
v -0.207135 0.137851 0.786032
v -0.218821 0.138694 0.852970
v -0.210338 0.131814 0.880512
v -0.208258 0.134976 0.853114
v -0.221378 0.136305 0.880655
v -0.208619 0.132107 0.787688
v -0.219801 0.134117 0.812565
v -0.207135 0.137851 0.786032
v -0.220233 0.127553 0.811553
v -0.225244 0.111354 0.839451
v -0.214315 0.107499 0.843051
v -0.214125 0.107856 0.838576
v -0.225668 0.111148 0.842448
v -0.207659 0.124812 0.851304
v -0.209375 0.118265 0.876798
v -0.213523 0.115427 0.848695
v -0.213369 0.107458 0.873526
v -0.205627 0.113305 0.985044
v -0.193096 0.135496 0.960810
v -0.206758 0.137816 0.965624
v -0.240262 0.049113 0.972310
v -0.235208 0.039502 0.995157
v -0.241250 0.054187 0.999262
v -0.231339 0.035466 0.965297
v -0.201552 0.043220 0.893879
v -0.199672 0.051815 0.902409
v -0.202032 0.043623 0.906014
v -0.199664 0.052235 0.889749
v -0.238969 0.052599 0.946774
v -0.231339 0.035466 0.965297
v -0.240262 0.049113 0.972310
v -0.229220 0.033680 0.936007
v -0.234682 0.042708 0.924387
v -0.238969 0.052599 0.946774
v -0.239208 0.050730 0.922166
v -0.229220 0.033680 0.936007
v -0.196204 0.051350 0.965219
v -0.197372 0.043122 0.932989
v -0.195266 0.052079 0.933368
v -0.208055 0.088339 0.899124
v -0.199936 0.074911 0.932033
v -0.206630 0.075199 0.897911
v -0.200599 0.085792 0.933457
v -0.246307 0.087945 0.955061
v -0.245780 0.071649 0.979994
v -0.245738 0.086021 0.982873
v -0.246634 0.072981 0.953630
v -0.246889 0.074800 0.921474
v -0.246634 0.072981 0.953630
v -0.246975 0.088649 0.923776
v -0.246307 0.087945 0.955061
v -0.247055 0.088647 0.887572
v -0.246999 0.073688 0.901027
v -0.246798 0.088391 0.902426
v -0.246851 0.074449 0.886680
v -0.199936 0.074911 0.932033
v -0.199719 0.091728 0.960029
v -0.201529 0.071726 0.971294
v -0.200599 0.085792 0.933457
v -0.207559 0.183243 0.889307
v -0.203301 0.177380 0.906942
v -0.200800 0.178476 0.893177
v -0.195822 0.170215 0.906358
v -0.195277 0.162269 0.900965
v -0.202220 0.165588 0.886137
v -0.198939 0.171794 0.889159
v -0.200318 0.154955 0.896334
v -0.219154 0.180564 0.888636
v -0.219317 0.172084 0.902931
v -0.214379 0.182190 0.891103
v -0.212614 0.176295 0.905688
v -0.207416 0.177909 0.883569
v -0.214379 0.182190 0.891103
v -0.207559 0.183243 0.889307
v -0.219154 0.180564 0.888636
v -0.207336 0.156428 0.941733
v -0.218820 0.164772 0.927013
v -0.221636 0.154163 0.943138
v -0.206816 0.166395 0.924877
v -0.194776 0.129920 0.950594
v -0.196529 0.135312 0.936364
v -0.194938 0.147199 0.944751
v -0.193096 0.135496 0.960810
v -0.218187 0.125455 0.931135
v -0.202719 0.124973 0.924263
v -0.201411 0.116920 0.927536
v -0.219937 0.127951 0.930685
v -0.221783 0.163918 0.897306
v -0.211740 0.171340 0.882049
v -0.212046 0.157928 0.892673
v -0.219152 0.174566 0.886150
v -0.234244 0.125886 0.942096
v -0.237121 0.110720 0.978951
v -0.235342 0.122485 0.973714
v -0.233616 0.131011 0.941414
v -0.229809 0.152327 0.920918
v -0.219394 0.146761 0.913833
v -0.221129 0.135180 0.928142
v -0.231506 0.139682 0.936494
v -0.237121 0.110720 0.978951
v -0.231072 0.115127 0.988111
v -0.235342 0.122485 0.973714
v -0.233106 0.102425 1.004009
v -0.205627 0.113305 0.985044
v -0.196095 0.107572 0.950627
v -0.193264 0.120119 0.955927
v -0.205367 0.101895 0.996138
v -0.203135 0.134023 0.921017
v -0.219394 0.146761 0.913833
v -0.204840 0.144533 0.910398
v -0.221129 0.135180 0.928142
v -0.218187 0.125455 0.931135
v -0.233616 0.131011 0.941414
v -0.219937 0.127951 0.930685
v -0.234244 0.125886 0.942096
v -0.193264 0.120119 0.955927
v -0.193096 0.135496 0.960810
v -0.205627 0.113305 0.985044
v -0.194776 0.129920 0.950594
v -0.235342 0.122485 0.973714
v -0.219901 0.139594 0.970115
v -0.229739 0.133955 0.967241
v -0.231072 0.115127 0.988111
v -0.229739 0.133955 0.967241
v -0.223678 0.148247 0.957144
v -0.230165 0.139921 0.952004
v -0.219901 0.139594 0.970115
v -0.205593 0.115832 0.887373
v -0.205310 0.126986 0.902434
v -0.206508 0.113183 0.901251
v -0.207616 0.129548 0.891418
v -0.247055 0.088647 0.887572
v -0.245211 0.104586 0.889928
v -0.242695 0.104158 0.878234
v -0.244616 0.091695 0.877708
v -0.242122 0.098946 0.981774
v -0.243946 0.086219 1.001675
v -0.233106 0.102425 1.004009
v -0.237121 0.110720 0.978951
v -0.242139 0.105331 0.952261
v -0.242122 0.098946 0.981774
v -0.237121 0.110720 0.978951
v -0.234244 0.125886 0.942096
v -0.216930 0.036235 0.963634
v -0.229220 0.033680 0.936007
v -0.215565 0.034263 0.934403
v -0.231339 0.035466 0.965297
v -0.197458 0.062924 0.932762
v -0.201529 0.071726 0.971294
v -0.196204 0.051350 0.965219
v -0.199936 0.074911 0.932033
v -0.236034 0.129135 0.910448
v -0.218187 0.125455 0.931135
v -0.220662 0.134325 0.905841
v -0.234244 0.125886 0.942096
v -0.216384 0.040667 0.993075
v -0.231339 0.035466 0.965297
v -0.216930 0.036235 0.963634
v -0.235208 0.039502 0.995157
v -0.221636 0.154163 0.943138
v -0.226559 0.158680 0.927836
v -0.228983 0.148101 0.941061
v -0.218820 0.164772 0.927013
v -0.246634 0.072981 0.953630
v -0.240262 0.049113 0.972310
v -0.245780 0.071649 0.979994
v -0.238969 0.052599 0.946774
v -0.199221 0.064118 0.885792
v -0.206630 0.075199 0.897911
v -0.204010 0.063830 0.900173
v -0.200528 0.077420 0.882309
v -0.206816 0.166395 0.924877
v -0.196188 0.152957 0.938509
v -0.196916 0.163128 0.921957
v -0.207336 0.156428 0.941733
v -0.243515 0.102982 0.925574
v -0.242139 0.105331 0.952261
v -0.239334 0.115955 0.927409
v -0.234244 0.125886 0.942096
v -0.216221 0.033607 0.911599
v -0.229845 0.031945 0.901102
v -0.217533 0.032248 0.899681
v -0.228769 0.033222 0.913148
v -0.219632 0.094635 1.145851
v -0.193460 0.079237 1.183887
v -0.187712 0.079659 1.141128
v -0.232502 0.086473 1.187650
v -0.205367 0.101895 0.996138
v -0.206020 0.097382 1.050750
v -0.198809 0.069243 1.040307
v -0.203557 0.088332 0.995161
v -0.235208 0.039502 0.995157
v -0.235384 0.033187 1.036040
v -0.248536 0.050184 1.035326
v -0.241250 0.054187 0.999262
v -0.198782 0.070823 0.995954
v -0.198809 0.069243 1.040307
v -0.196219 0.051385 1.041317
v -0.205135 0.050187 0.993626
v -0.212676 0.034465 1.036653
v -0.235208 0.039502 0.995157
v -0.216384 0.040667 0.993075
v -0.235384 0.033187 1.036040
v -0.233106 0.102425 1.004009
v -0.206020 0.097382 1.050750
v -0.205367 0.101895 0.996138
v -0.236413 0.095506 1.045148
v -0.198809 0.069243 1.040307
v -0.198782 0.070823 0.995954
v -0.203557 0.088332 0.995161
v -0.212676 0.034465 1.036653
v -0.216384 0.040667 0.993075
v -0.205135 0.050187 0.993626
v -0.196219 0.051385 1.041317
v -0.241250 0.054187 0.999262
v -0.248536 0.050184 1.035326
v -0.249302 0.077430 1.040783
v -0.243946 0.086219 1.001675
v -0.255758 0.068130 1.079853
v -0.241366 0.086169 1.084103
v -0.236413 0.095506 1.045148
v -0.249302 0.077430 1.040783
v -0.241366 0.086169 1.084103
v -0.211689 0.094181 1.091009
v -0.206020 0.097382 1.050750
v -0.236413 0.095506 1.045148
v -0.233783 0.027979 1.063661
v -0.248536 0.050184 1.035326
v -0.235384 0.033187 1.036040
v -0.254517 0.039844 1.070161
v -0.187359 0.049998 1.076074
v -0.198809 0.069243 1.040307
v -0.190085 0.076594 1.086168
v -0.196219 0.051385 1.041317
v -0.254517 0.039844 1.070161
v -0.255758 0.068130 1.079853
v -0.249302 0.077430 1.040783
v -0.248536 0.050184 1.035326
v -0.212676 0.034465 1.036653
v -0.233783 0.027979 1.063661
v -0.235384 0.033187 1.036040
v -0.199735 0.031732 1.063693
v -0.196219 0.051385 1.041317
v -0.199735 0.031732 1.063693
v -0.212676 0.034465 1.036653
v -0.187359 0.049998 1.076074
v -0.206020 0.097382 1.050750
v -0.190085 0.076594 1.086168
v -0.198809 0.069243 1.040307
v -0.211689 0.094181 1.091009
v -0.190085 0.076594 1.086168
v -0.175066 0.049286 1.128268
v -0.187359 0.049998 1.076074
v -0.187712 0.079659 1.141128
v -0.263441 0.051181 1.129076
v -0.254517 0.039844 1.070161
v -0.253111 0.019071 1.117138
v -0.255758 0.068130 1.079853
v -0.199735 0.031732 1.063693
v -0.223572 0.009840 1.117612
v -0.233783 0.027979 1.063661
v -0.183490 0.024641 1.111602
v -0.187359 0.049998 1.076074
v -0.183490 0.024641 1.111602
v -0.199735 0.031732 1.063693
v -0.175066 0.049286 1.128268
v -0.211689 0.094181 1.091009
v -0.187712 0.079659 1.141128
v -0.190085 0.076594 1.086168
v -0.219632 0.094635 1.145851
v -0.252277 0.076803 1.135366
v -0.255758 0.068130 1.079853
v -0.263441 0.051181 1.129076
v -0.241366 0.086169 1.084103
v -0.252277 0.076803 1.135366
v -0.219632 0.094635 1.145851
v -0.211689 0.094181 1.091009
v -0.241366 0.086169 1.084103
v -0.223572 0.009840 1.117612
v -0.254517 0.039844 1.070161
v -0.233783 0.027979 1.063661
v -0.253111 0.019071 1.117138
v -0.171790 0.021743 1.284319
v -0.180744 -0.010188 1.317955
v -0.190522 -0.013334 1.296478
v -0.162266 0.026751 1.304023
v -0.216521 -0.016486 1.297764
v -0.242127 0.004082 1.322300
v -0.246610 0.003482 1.298037
v -0.210329 -0.016100 1.321556
v -0.254518 0.030806 1.288734
v -0.226920 0.066846 1.311592
v -0.238613 0.054870 1.267359
v -0.246497 0.034916 1.323326
v -0.203787 0.077115 1.300455
v -0.172522 0.062057 1.293613
v -0.180616 0.054538 1.273080
v -0.212812 0.068670 1.269616
v -0.246610 0.003482 1.298037
v -0.246497 0.034916 1.323326
v -0.254518 0.030806 1.288734
v -0.242127 0.004082 1.322300
v -0.210329 -0.016100 1.321556
v -0.190522 -0.013334 1.296478
v -0.180744 -0.010188 1.317955
v -0.216521 -0.016486 1.297764
v -0.226920 0.066846 1.311592
v -0.203787 0.077115 1.300455
v -0.212812 0.068670 1.269616
v -0.238613 0.054870 1.267359
v -0.172522 0.062057 1.293613
v -0.162266 0.026751 1.304023
v -0.171790 0.021743 1.284319
v -0.180616 0.054538 1.273080
v -0.219632 0.094635 1.145851
v -0.261051 0.059334 1.173893
v -0.232502 0.086473 1.187650
v -0.252277 0.076803 1.135366
v -0.245194 0.001891 1.153023
v -0.253111 0.019071 1.117138
v -0.223572 0.009840 1.117612
v -0.208992 -0.004317 1.179420
v -0.168501 0.051267 1.169898
v -0.175066 0.049286 1.128268
v -0.187712 0.079659 1.141128
v -0.193460 0.079237 1.183887
v -0.264773 0.029428 1.165430
v -0.253111 0.019071 1.117138
v -0.245194 0.001891 1.153023
v -0.263441 0.051181 1.129076
v -0.168917 0.023773 1.150633
v -0.223572 0.009840 1.117612
v -0.183490 0.024641 1.111602
v -0.208992 -0.004317 1.179420
v -0.168917 0.023773 1.150633
v -0.183490 0.024641 1.111602
v -0.175066 0.049286 1.128268
v -0.168501 0.051267 1.169898
v -0.263441 0.051181 1.129076
v -0.261051 0.059334 1.173893
v -0.252277 0.076803 1.135366
v -0.264773 0.029428 1.165430
v -0.193460 0.079237 1.183887
v -0.182796 0.042611 1.208470
v -0.168501 0.051267 1.169898
v -0.202575 0.066643 1.214113
v -0.240898 -0.002793 1.202072
v -0.258496 0.023992 1.206983
v -0.264773 0.029428 1.165430
v -0.245194 0.001891 1.153023
v -0.181353 0.016525 1.191919
v -0.208992 -0.004317 1.179420
v -0.168917 0.023773 1.150633
v -0.213756 -0.004776 1.190823
v -0.168501 0.051267 1.169898
v -0.181353 0.016525 1.191919
v -0.168917 0.023773 1.150633
v -0.182796 0.042611 1.208470
v -0.202575 0.066643 1.214113
v -0.232502 0.086473 1.187650
v -0.233808 0.072065 1.215004
v -0.193460 0.079237 1.183887
v -0.255369 0.049037 1.208109
v -0.264773 0.029428 1.165430
v -0.258496 0.023992 1.206983
v -0.261051 0.059334 1.173893
v -0.255369 0.049037 1.208109
v -0.233808 0.072065 1.215004
v -0.232502 0.086473 1.187650
v -0.261051 0.059334 1.173893
v -0.245194 0.001891 1.153023
v -0.208992 -0.004317 1.179420
v -0.213756 -0.004776 1.190823
v -0.240898 -0.002793 1.202072
v -0.205592 0.060247 1.235403
v -0.185525 0.036819 1.248877
v -0.182796 0.042611 1.208470
v -0.202575 0.066643 1.214113
v -0.256202 0.013666 1.248883
v -0.240898 -0.002793 1.202072
v -0.231358 -0.013447 1.259118
v -0.258496 0.023992 1.206983
v -0.182796 0.042611 1.208470
v -0.182595 0.012768 1.210879
v -0.181353 0.016525 1.191919
v -0.185525 0.036819 1.248877
v -0.258496 0.023992 1.206983
v -0.254214 0.040862 1.237075
v -0.255369 0.049037 1.208109
v -0.256202 0.013666 1.248883
v -0.219145 -0.013684 1.211069
v -0.240898 -0.002793 1.202072
v -0.213756 -0.004776 1.190823
v -0.231358 -0.013447 1.259118
v -0.254214 0.040862 1.237075
v -0.232712 0.064929 1.233246
v -0.233808 0.072065 1.215004
v -0.255369 0.049037 1.208109
v -0.232712 0.064929 1.233246
v -0.205592 0.060247 1.235403
v -0.202575 0.066643 1.214113
v -0.233808 0.072065 1.215004
v -0.182595 0.012768 1.210879
v -0.213756 -0.004776 1.190823
v -0.181353 0.016525 1.191919
v -0.219145 -0.013684 1.211069
v -0.180616 0.054538 1.273080
v -0.171790 0.021743 1.284319
v -0.187854 0.013450 1.253424
v -0.185525 0.036819 1.248877
v -0.188114 -0.003864 1.228395
v -0.185525 0.036819 1.248877
v -0.187854 0.013450 1.253424
v -0.182595 0.012768 1.210879
v -0.231358 -0.013447 1.259118
v -0.204856 -0.017938 1.229753
v -0.207433 -0.015563 1.262310
v -0.219145 -0.013684 1.211069
v -0.182595 0.012768 1.210879
v -0.204856 -0.017938 1.229753
v -0.219145 -0.013684 1.211069
v -0.188114 -0.003864 1.228395
v -0.187854 0.013450 1.253424
v -0.204856 -0.017938 1.229753
v -0.188114 -0.003864 1.228395
v -0.207433 -0.015563 1.262310
v -0.238613 0.054870 1.267359
v -0.212812 0.068670 1.269616
v -0.205592 0.060247 1.235403
v -0.232712 0.064929 1.233246
v -0.216521 -0.016486 1.297764
v -0.207433 -0.015563 1.262310
v -0.190522 -0.013334 1.296478
v -0.231358 -0.013447 1.259118
v -0.256202 0.013666 1.248883
v -0.254518 0.030806 1.288734
v -0.254214 0.040862 1.237075
v -0.246610 0.003482 1.298037
v -0.212812 0.068670 1.269616
v -0.180616 0.054538 1.273080
v -0.185525 0.036819 1.248877
v -0.205592 0.060247 1.235403
v -0.238613 0.054870 1.267359
v -0.254214 0.040862 1.237075
v -0.254518 0.030806 1.288734
v -0.232712 0.064929 1.233246
v -0.231358 -0.013447 1.259118
v -0.246610 0.003482 1.298037
v -0.256202 0.013666 1.248883
v -0.216521 -0.016486 1.297764
v -0.187854 0.013450 1.253424
v -0.190522 -0.013334 1.296478
v -0.207433 -0.015563 1.262310
v -0.171790 0.021743 1.284319
vt 0.000000 0.000000
vt 0.000000 0.000000
vt 0.000000 0.000000
vt 0.000000 0.000000
vt 0.000000 0.000000
vt 0.000000 0.000000
vt 0.000000 0.000000
vt 0.000000 0.000000
vt 0.000000 0.000000
vt 0.000000 0.000000
vt 0.000000 0.000000
vt 0.000000 0.000000
vt 0.000000 0.000000
vt 0.000000 0.000000
vt 0.000000 0.000000
vt 0.000000 0.000000
vt 0.000000 0.000000
vt 0.000000 0.000000
vt 0.000000 0.000000
vt 0.000000 0.000000
vt 0.000000 0.000000
vt 0.000000 0.000000
vt 0.000000 0.000000
vt 0.000000 0.000000
vt 0.000000 0.000000
vt 0.000000 0.000000
vt 0.000000 0.000000
vt 0.000000 0.000000
vt 0.000000 0.000000
vt 0.000000 0.000000
vt 0.000000 0.000000
vt 0.000000 0.000000
vt 0.000000 0.000000
vt 0.000000 0.000000
vt 0.000000 0.000000
vt 0.000000 0.000000
vt 0.000000 0.000000
vt 0.000000 0.000000
vt 0.000000 0.000000
vt 0.000000 0.000000
vt 0.000000 0.000000
vt 0.000000 0.000000
vt 0.000000 0.000000
vt 0.000000 0.000000
vt 0.000000 0.000000
vt 0.000000 0.000000
vt 0.000000 0.000000
vt 0.000000 0.000000
vt 0.000000 0.000000
vt 0.000000 0.000000
vt 0.000000 0.000000
vt 0.000000 0.000000
vt 0.000000 0.000000
vt 0.000000 0.000000
vt 0.000000 0.000000
vt 0.000000 0.000000
vt 0.000000 0.000000
vt 0.000000 0.000000
vt 0.000000 0.000000
vt 0.000000 0.000000
vt 0.000000 0.000000
vt 0.000000 0.000000
vt 0.000000 0.000000
vt 0.000000 0.000000
vt 0.000000 0.000000
vt 0.000000 0.000000
vt 0.000000 0.000000
vt 0.000000 0.000000
vt 0.000000 0.000000
vt 0.000000 0.000000
vt 0.000000 0.000000
vt 0.000000 0.000000
vt 0.000000 0.000000
vt 0.000000 0.000000
vt 0.000000 0.000000
vt 0.000000 0.000000
vt 0.000000 0.000000
vt 0.000000 0.000000
vt 0.000000 0.000000
vt 0.000000 0.000000
vt 0.000000 0.000000
vt 0.000000 0.000000
vt 0.000000 0.000000
vt 0.000000 0.000000
vt 0.000000 0.000000
vt 0.000000 0.000000
vt 0.000000 0.000000
vt 0.000000 0.000000
vt 0.000000 0.000000
vt 0.000000 0.000000
vt 0.000000 0.000000
vt 0.000000 0.000000
vt 0.000000 0.000000
vt 0.000000 0.000000
vt 0.000000 0.000000
vt 0.000000 0.000000
vt 0.000000 0.000000
vt 0.000000 0.000000
vt 0.000000 0.000000
vt 0.000000 0.000000
vt 0.000000 0.000000
vt 0.000000 0.000000
vt 0.000000 0.000000
vt 0.000000 0.000000
vt 0.000000 0.000000
vt 0.000000 0.000000
vt 0.000000 0.000000
vt 0.000000 0.000000
vt 0.000000 0.000000
vt 0.000000 0.000000
vt 0.000000 0.000000
vt 0.000000 0.000000
vt 0.000000 0.000000
vt 0.000000 0.000000
vt 0.000000 0.000000
vt 0.000000 0.000000
vt 0.000000 0.000000
vt 0.000000 0.000000
vt 0.000000 0.000000
vt 0.000000 0.000000
vt 0.000000 0.000000
vt 0.000000 0.000000
vt 0.000000 0.000000
vt 0.000000 0.000000
vt 0.000000 0.000000
vt 0.000000 0.000000
vt 0.000000 0.000000
vt 0.000000 0.000000
vt 0.000000 0.000000
vt 0.000000 0.000000
vt 0.000000 0.000000
vt 0.000000 0.000000
vt 0.000000 0.000000
vt 0.000000 0.000000
vt 0.000000 0.000000
vt 0.000000 0.000000
vt 0.000000 0.000000
vt 0.000000 0.000000
vt 0.000000 0.000000
vt 0.000000 0.000000
vt 0.000000 0.000000
vt 0.000000 0.000000
vt 0.000000 0.000000
vt 0.000000 0.000000
vt 0.000000 0.000000
vt 0.000000 0.000000
vt 0.000000 0.000000
vt 0.000000 0.000000
vt 0.000000 0.000000
vt 0.000000 0.000000
vt 0.000000 0.000000
vt 0.000000 0.000000
vt 0.000000 0.000000
vt 0.000000 0.000000
vt 0.000000 0.000000
vt 0.000000 0.000000
vt 0.000000 0.000000
vt 0.000000 0.000000
vt 0.000000 0.000000
vt 0.000000 0.000000
vt 0.000000 0.000000
vt 0.000000 0.000000
vt 0.000000 0.000000
vt 0.000000 0.000000
vt 0.000000 0.000000
vt 0.000000 0.000000
vt 0.000000 0.000000
vt 0.000000 0.000000
vt 0.000000 0.000000
vt 0.000000 0.000000
vt 0.000000 0.000000
vt 0.000000 0.000000
vt 0.000000 0.000000
vt 0.000000 0.000000
vt 0.000000 0.000000
vt 0.000000 0.000000
vt 0.000000 0.000000
vt 0.000000 0.000000
vt 0.000000 0.000000
vt 0.000000 0.000000
vt 0.000000 0.000000
vt 0.000000 0.000000
vt 0.000000 0.000000
vt 0.000000 0.000000
vt 0.000000 0.000000
vt 0.000000 0.000000
vt 0.000000 0.000000
vt 0.000000 0.000000
vt 0.000000 0.000000
vt 0.000000 0.000000
vt 0.000000 0.000000
vt 0.000000 0.000000
vt 0.000000 0.000000
vt 0.000000 0.000000
vt 0.000000 0.000000
vt 0.000000 0.000000
vt 0.000000 0.000000
vt 0.000000 0.000000
vt 0.000000 0.000000
vt 0.000000 0.000000
vt 0.000000 0.000000
vt 0.000000 0.000000
vt 0.000000 0.000000
vt 0.000000 0.000000
vt 0.000000 0.000000
vt 0.000000 0.000000
vt 0.000000 0.000000
vt 0.000000 0.000000
vt 0.000000 0.000000
vt 0.000000 0.000000
vt 0.000000 0.000000
vt 0.000000 0.000000
vt 0.000000 0.000000
vt 0.000000 0.000000
vt 0.000000 0.000000
vt 0.000000 0.000000
vt 0.000000 0.000000
vt 0.000000 0.000000
vt 0.000000 0.000000
vt 0.000000 0.000000
vt 0.000000 0.000000
vt 0.000000 0.000000
vt 0.000000 0.000000
vt 0.000000 0.000000
vt 0.000000 0.000000
vt 0.000000 0.000000
vt 0.000000 0.000000
vt 0.000000 0.000000
vt 0.000000 0.000000
vt 0.000000 0.000000
vt 0.000000 0.000000
vt 0.000000 0.000000
vt 0.000000 0.000000
vt 0.000000 0.000000
vt 0.000000 0.000000
vt 0.000000 0.000000
vt 0.000000 0.000000
vt 0.000000 0.000000
vt 0.000000 0.000000
vt 0.000000 0.000000
vt 0.000000 0.000000
vt 0.000000 0.000000
vt 0.000000 0.000000
vt 0.000000 0.000000
vt 0.000000 0.000000
vt 0.000000 0.000000
vt 0.000000 0.000000
vt 0.000000 0.000000
vt 0.000000 0.000000
vt 0.000000 0.000000
vt 0.000000 0.000000
vt 0.000000 0.000000
vt 0.000000 0.000000
vt 0.000000 0.000000
vt 0.000000 0.000000
vt 0.000000 0.000000
vt 0.000000 0.000000
vt 0.000000 0.000000
vt 0.000000 0.000000
vt 0.000000 0.000000
vt 0.000000 0.000000
vt 0.000000 0.000000
vt 0.000000 0.000000
vt 0.000000 0.000000
vt 0.000000 0.000000
vt 0.000000 0.000000
vt 0.000000 0.000000
vt 0.000000 0.000000
vt 0.000000 0.000000
vt 0.000000 0.000000
vt 0.000000 0.000000
vt 0.000000 0.000000
vt 0.000000 0.000000
vt 0.000000 0.000000
vt 0.000000 0.000000
vt 0.000000 0.000000
vt 0.000000 0.000000
vt 0.000000 0.000000
vt 0.000000 0.000000
vt 0.000000 0.000000
vt 0.000000 0.000000
vt 0.000000 0.000000
vt 0.000000 0.000000
vt 0.000000 0.000000
vt 0.000000 0.000000
vt 0.000000 0.000000
vt 0.000000 0.000000
vt 0.000000 0.000000
vt 0.000000 0.000000
vt 0.000000 0.000000
vt 0.000000 0.000000
vt 0.000000 0.000000
vt 0.000000 0.000000
vt 0.000000 0.000000
vt 0.000000 0.000000
vt 0.000000 0.000000
vt 0.000000 0.000000
vt 0.000000 0.000000
vt 0.000000 0.000000
vt 0.000000 0.000000
vt 0.000000 0.000000
vt 0.000000 0.000000
vt 0.000000 0.000000
vt 0.000000 0.000000
vt 0.000000 0.000000
vt 0.000000 0.000000
vt 0.000000 0.000000
vt 0.000000 0.000000
vt 0.000000 0.000000
vt 0.000000 0.000000
vt 0.000000 0.000000
vt 0.000000 0.000000
vt 0.000000 0.000000
vt 0.000000 0.000000
vt 0.000000 0.000000
vt 0.000000 0.000000
vt 0.000000 0.000000
vt 0.000000 0.000000
vt 0.000000 0.000000
vt 0.000000 0.000000
vt 0.000000 0.000000
vt 0.000000 0.000000
vt 0.000000 0.000000
vt 0.000000 0.000000
vt 0.000000 0.000000
vt 0.000000 0.000000
vt 0.000000 0.000000
vt 0.000000 0.000000
vt 0.000000 0.000000
vt 0.000000 0.000000
vt 0.000000 0.000000
vt 0.000000 0.000000
vt 0.000000 0.000000
vt 0.000000 0.000000
vt 0.000000 0.000000
vt 0.000000 0.000000
vt 0.000000 0.000000
vt 0.000000 0.000000
vt 0.000000 0.000000
vt 0.000000 0.000000
vt 0.000000 0.000000
vt 0.000000 0.000000
vt 0.000000 0.000000
vt 0.000000 0.000000
vt 0.000000 0.000000
vt 0.000000 0.000000
vt 0.000000 0.000000
vt 0.000000 0.000000
vt 0.000000 0.000000
vt 0.000000 0.000000
vt 0.000000 0.000000
vt 0.000000 0.000000
vt 0.000000 0.000000
vt 0.000000 0.000000
vt 0.000000 0.000000
vt 0.000000 0.000000
vt 0.000000 0.000000
vt 0.000000 0.000000
vt 0.000000 0.000000
vt 0.000000 0.000000
vt 0.000000 0.000000
vt 0.000000 0.000000
vt 0.000000 0.000000
vt 0.000000 0.000000
vt 0.000000 0.000000
vt 0.000000 0.000000
vt 0.000000 0.000000
vt 0.000000 0.000000
vt 0.000000 0.000000
vt 0.000000 0.000000
vt 0.000000 0.000000
vt 0.000000 0.000000
vt 0.000000 0.000000
vt 0.000000 0.000000
vt 0.000000 0.000000
vt 0.000000 0.000000
vt 0.000000 0.000000
vt 0.000000 0.000000
vt 0.000000 0.000000
vt 0.000000 0.000000
vt 0.000000 0.000000
vt 0.000000 0.000000
vt 0.000000 0.000000
vt 0.000000 0.000000
vt 0.000000 0.000000
vt 0.000000 0.000000
vt 0.000000 0.000000
vt 0.000000 0.000000
vt 0.000000 0.000000
vt 0.000000 0.000000
vt 0.000000 0.000000
vt 0.000000 0.000000
vt 0.000000 0.000000
vt 0.000000 0.000000
vt 0.000000 0.000000
vt 0.000000 0.000000
vt 0.000000 0.000000
vt 0.000000 0.000000
vt 0.000000 0.000000
vt 0.000000 0.000000
vt 0.000000 0.000000
vt 0.000000 0.000000
vt 0.000000 0.000000
vt 0.000000 0.000000
vt 0.000000 0.000000
vt 0.000000 0.000000
vt 0.000000 0.000000
vt 0.000000 0.000000
vt 0.000000 0.000000
vt 0.000000 0.000000
vt 0.000000 0.000000
vt 0.000000 0.000000
vt 0.000000 0.000000
vt 0.000000 0.000000
vt 0.000000 0.000000
vt 0.000000 0.000000
vt 0.000000 0.000000
vt 0.000000 0.000000
vt 0.000000 0.000000
vt 0.000000 0.000000
vt 0.000000 0.000000
vt 0.000000 0.000000
vt 0.000000 0.000000
vt 0.000000 0.000000
vt 0.000000 0.000000
vt 0.000000 0.000000
vt 0.000000 0.000000
vt 0.000000 0.000000
vt 0.000000 0.000000
vt 0.000000 0.000000
vt 0.000000 0.000000
vt 0.000000 0.000000
vt 0.000000 0.000000
vt 0.000000 0.000000
vt 0.000000 0.000000
vt 0.000000 0.000000
vt 0.000000 0.000000
vt 0.000000 0.000000
vt 0.000000 0.000000
vt 0.000000 0.000000
vt 0.000000 0.000000
vt 0.000000 0.000000
vt 0.000000 0.000000
vt 0.000000 0.000000
vt 0.000000 0.000000
vt 0.000000 0.000000
vt 0.000000 0.000000
vt 0.000000 0.000000
vt 0.000000 0.000000
vt 0.000000 0.000000
vt 0.000000 0.000000
vt 0.000000 0.000000
vt 0.000000 0.000000
vt 0.000000 0.000000
vt 0.000000 0.000000
vt 0.000000 0.000000
vt 0.000000 0.000000
vt 0.000000 0.000000
vt 0.000000 0.000000
vt 0.000000 0.000000
vt 0.000000 0.000000
vt 0.000000 0.000000
vt 0.000000 0.000000
vt 0.000000 0.000000
vt 0.000000 0.000000
vt 0.000000 0.000000
vt 0.000000 0.000000
vt 0.000000 0.000000
vt 0.000000 0.000000
vt 0.000000 0.000000
vt 0.000000 0.000000
vt 0.000000 0.000000
vt 0.000000 0.000000
vt 0.000000 0.000000
vt 0.000000 0.000000
vt 0.000000 0.000000
vt 0.000000 0.000000
vt 0.000000 0.000000
vt 0.000000 0.000000
vt 0.000000 0.000000
vt 0.000000 0.000000
vt 0.000000 0.000000
vt 0.000000 0.000000
vt 0.000000 0.000000
vt 0.000000 0.000000
vt 0.000000 0.000000
vt 0.000000 0.000000
vt 0.000000 0.000000
vt 0.000000 0.000000
vt 0.000000 0.000000
vt 0.000000 0.000000
vt 0.000000 0.000000
vt 0.000000 0.000000
vt 0.000000 0.000000
vt 0.000000 0.000000
vt 0.000000 0.000000
vt 0.000000 0.000000
vt 0.000000 0.000000
vt 0.000000 0.000000
vt 0.000000 0.000000
vt 0.000000 0.000000
vt 0.000000 0.000000
vt 0.000000 0.000000
vt 0.000000 0.000000
vt 0.000000 0.000000
vt 0.000000 0.000000
vt 0.000000 0.000000
vt 0.000000 0.000000
vt 0.000000 0.000000
vt 0.000000 0.000000
vt 0.000000 0.000000
vt 0.000000 0.000000
vt 0.000000 0.000000
vt 0.000000 0.000000
vt 0.000000 0.000000
vt 0.000000 0.000000
vt 0.000000 0.000000
vt 0.000000 0.000000
vt 0.000000 0.000000
vt 0.000000 0.000000
vt 0.000000 0.000000
vt 0.000000 0.000000
vt 0.000000 0.000000
vt 0.000000 0.000000
vt 0.000000 0.000000
vt 0.000000 0.000000
vt 0.000000 0.000000
vt 0.000000 0.000000
vt 0.000000 0.000000
vt 0.000000 0.000000
vt 0.000000 0.000000
vt 0.000000 0.000000
vt 0.000000 0.000000
vt 0.000000 0.000000
vt 0.000000 0.000000
vt 0.000000 0.000000
vt 0.000000 0.000000
vt 0.000000 0.000000
vt 0.000000 0.000000
vt 0.000000 0.000000
vt 0.000000 0.000000
vt 0.000000 0.000000
vt 0.000000 0.000000
vt 0.000000 0.000000
vt 0.000000 0.000000
vt 0.000000 0.000000
vt 0.000000 0.000000
vt 0.000000 0.000000
vt 0.000000 0.000000
vt 0.000000 0.000000
vt 0.000000 0.000000
vt 0.000000 0.000000
vt 0.000000 0.000000
vt 0.000000 0.000000
vt 0.000000 0.000000
vt 0.000000 0.000000
vt 0.000000 0.000000
vt 0.000000 0.000000
vt 0.000000 0.000000
vt 0.000000 0.000000
vt 0.000000 0.000000
vt 0.000000 0.000000
vt 0.000000 0.000000
vt 0.000000 0.000000
vt 0.000000 0.000000
vt 0.000000 0.000000
vt 0.000000 0.000000
vt 0.000000 0.000000
vt 0.000000 0.000000
vt 0.000000 0.000000
vt 0.000000 0.000000
vt 0.000000 0.000000
vt 0.000000 0.000000
vt 0.000000 0.000000
vt 0.000000 0.000000
vt 0.000000 0.000000
vt 0.000000 0.000000
vt 0.000000 0.000000
vt 0.000000 0.000000
vt 0.000000 0.000000
vt 0.000000 0.000000
vt 0.000000 0.000000
vt 0.000000 0.000000
vt 0.000000 0.000000
vt 0.000000 0.000000
vt 0.000000 0.000000
vt 0.000000 0.000000
vt 0.000000 0.000000
vt 0.000000 0.000000
vt 0.000000 0.000000
vt 0.000000 0.000000
vt 0.000000 0.000000
vt 0.000000 0.000000
vt 0.000000 0.000000
vt 0.000000 0.000000
vt 0.000000 0.000000
vt 0.000000 0.000000
vt 0.000000 0.000000
vt 0.000000 0.000000
vt 0.000000 0.000000
vt 0.000000 0.000000
vt 0.000000 0.000000
vt 0.000000 0.000000
vt 0.000000 0.000000
vt 0.000000 0.000000
vt 0.000000 0.000000
vt 0.000000 0.000000
vt 0.000000 0.000000
vt 0.000000 0.000000
vt 0.000000 0.000000
vt 0.000000 0.000000
vt 0.000000 0.000000
vt 0.000000 0.000000
vt 0.000000 0.000000
vt 0.000000 0.000000
vt 0.000000 0.000000
vt 0.000000 0.000000
vt 0.000000 0.000000
vt 0.000000 0.000000
vt 0.000000 0.000000
vt 0.000000 0.000000
vt 0.000000 0.000000
vt 0.000000 0.000000
vt 0.000000 0.000000
vt 0.000000 0.000000
vt 0.000000 0.000000
vt 0.000000 0.000000
vt 0.000000 0.000000
vt 0.000000 0.000000
vt 0.000000 0.000000
vt 0.000000 0.000000
vt 0.000000 0.000000
vt 0.000000 0.000000
vt 0.000000 0.000000
vt 0.000000 0.000000
vt 0.000000 0.000000
vt 0.000000 0.000000
vt 0.000000 0.000000
vt 0.000000 0.000000
vt 0.000000 0.000000
vt 0.000000 0.000000
vt 0.000000 0.000000
vt 0.000000 0.000000
vt 0.000000 0.000000
vt 0.000000 0.000000
vt 0.000000 0.000000
vt 0.000000 0.000000
vt 0.000000 0.000000
vt 0.000000 0.000000
vt 0.000000 0.000000
vt 0.000000 0.000000
vt 0.000000 0.000000
vt 0.000000 0.000000
vt 0.000000 0.000000
vt 0.000000 0.000000
vt 0.000000 0.000000
vt 0.000000 0.000000
vt 0.000000 0.000000
vt 0.000000 0.000000
vt 0.000000 0.000000
vt 0.000000 0.000000
vt 0.000000 0.000000
vt 0.000000 0.000000
vt 0.000000 0.000000
vt 0.000000 0.000000
vt 0.000000 0.000000
vt 0.000000 0.000000
vt 0.000000 0.000000
vt 0.000000 0.000000
vt 0.000000 0.000000
vt 0.000000 0.000000
vt 0.000000 0.000000
vt 0.000000 0.000000
vt 0.000000 0.000000
vt 0.000000 0.000000
vt 0.000000 0.000000
vt 0.000000 0.000000
vt 0.000000 0.000000
vt 0.000000 0.000000
vt 0.000000 0.000000
vt 0.000000 0.000000
vt 0.000000 0.000000
vt 0.000000 0.000000
vt 0.000000 0.000000
vt 0.000000 0.000000
vt 0.000000 0.000000
vt 0.000000 0.000000
vt 0.000000 0.000000
vt 0.000000 0.000000
vt 0.000000 0.000000
vt 0.000000 0.000000
vt 0.000000 0.000000
vt 0.000000 0.000000
vt 0.000000 0.000000
vt 0.000000 0.000000
vt 0.000000 0.000000
vt 0.000000 0.000000
vt 0.000000 0.000000
vt 0.000000 0.000000
vt 0.000000 0.000000
vt 0.000000 0.000000
vt 0.000000 0.000000
vt 0.000000 0.000000
vt 0.000000 0.000000
vt 0.000000 0.000000
vt 0.000000 0.000000
vt 0.000000 0.000000
vt 0.000000 0.000000
vt 0.000000 0.000000
vt 0.000000 0.000000
vt 0.000000 0.000000
vt 0.000000 0.000000
vt 0.000000 0.000000
vt 0.000000 0.000000
vt 0.000000 0.000000
vt 0.000000 0.000000
vt 0.000000 0.000000
vt 0.000000 0.000000
vt 0.000000 0.000000
vt 0.000000 0.000000
vt 0.000000 0.000000
vt 0.000000 0.000000
vt 0.000000 0.000000
vt 0.000000 0.000000
vt 0.000000 0.000000
vt 0.000000 0.000000
vt 0.000000 0.000000
vt 0.000000 0.000000
vt 0.000000 0.000000
vt 0.000000 0.000000
vt 0.000000 0.000000
vt 0.000000 0.000000
vt 0.000000 0.000000
vt 0.000000 0.000000
vt 0.000000 0.000000
vt 0.000000 0.000000
vt 0.000000 0.000000
vt 0.000000 0.000000
vt 0.000000 0.000000
vt 0.000000 0.000000
vt 0.000000 0.000000
vt 0.000000 0.000000
vt 0.000000 0.000000
vt 0.000000 0.000000
vt 0.000000 0.000000
vt 0.000000 0.000000
vt 0.000000 0.000000
vt 0.000000 0.000000
vt 0.000000 0.000000
vt 0.000000 0.000000
vt 0.000000 0.000000
vt 0.000000 0.000000
vt 0.000000 0.000000
vt 0.000000 0.000000
vt 0.000000 0.000000
vt 0.000000 0.000000
vt 0.000000 0.000000
vt 0.000000 0.000000
vt 0.000000 0.000000
vt 0.000000 0.000000
vt 0.000000 0.000000
vt 0.000000 0.000000
vt 0.000000 0.000000
vt 0.000000 0.000000
vt 0.000000 0.000000
vt 0.000000 0.000000
vt 0.000000 0.000000
vt 0.000000 0.000000
vt 0.000000 0.000000
vt 0.000000 0.000000
vt 0.000000 0.000000
vt 0.000000 0.000000
vt 0.000000 0.000000
vt 0.000000 0.000000
vt 0.000000 0.000000
vt 0.000000 0.000000
vt 0.000000 0.000000
vt 0.000000 0.000000
vt 0.000000 0.000000
vt 0.000000 0.000000
vt 0.000000 0.000000
vt 0.000000 0.000000
vt 0.000000 0.000000
vt 0.000000 0.000000
vt 0.000000 0.000000
vt 0.000000 0.000000
vt 0.000000 0.000000
vt 0.000000 0.000000
vt 0.000000 0.000000
vt 0.000000 0.000000
vt 0.000000 0.000000
vt 0.000000 0.000000
vt 0.000000 0.000000
vt 0.000000 0.000000
vt 0.000000 0.000000
vt 0.000000 0.000000
vt 0.000000 0.000000
vt 0.000000 0.000000
vt 0.000000 0.000000
vt 0.000000 0.000000
vt 0.000000 0.000000
vt 0.000000 0.000000
vt 0.000000 0.000000
vt 0.000000 0.000000
vt 0.000000 0.000000
vt 0.000000 0.000000
vt 0.000000 0.000000
vt 0.000000 0.000000
vt 0.000000 0.000000
vt 0.000000 0.000000
vt 0.000000 0.000000
vt 0.000000 0.000000
vt 0.000000 0.000000
vt 0.000000 0.000000
vt 0.000000 0.000000
vt 0.000000 0.000000
vt 0.000000 0.000000
vt 0.000000 0.000000
vt 0.000000 0.000000
vt 0.000000 0.000000
vt 0.000000 0.000000
vt 0.000000 0.000000
vt 0.000000 0.000000
vt 0.000000 0.000000
vt 0.000000 0.000000
vt 0.000000 0.000000
vt 0.000000 0.000000
vt 0.000000 0.000000
vt 0.000000 0.000000
vt 0.000000 0.000000
vt 0.000000 0.000000
vt 0.000000 0.000000
vt 0.000000 0.000000
vt 0.000000 0.000000
vt 0.000000 0.000000
vt 0.000000 0.000000
vt 0.000000 0.000000
vt 0.000000 0.000000
vt 0.000000 0.000000
vt 0.000000 0.000000
vt 0.000000 0.000000
vt 0.000000 0.000000
vt 0.000000 0.000000
vt 0.000000 0.000000
vt 0.000000 0.000000
vt 0.000000 0.000000
vt 0.000000 0.000000
vt 0.000000 0.000000
vt 0.000000 0.000000
vt 0.000000 0.000000
vt 0.000000 0.000000
vt 0.000000 0.000000
vt 0.000000 0.000000
vt 0.000000 0.000000
vt 0.000000 0.000000
vt 0.000000 0.000000
vt 0.000000 0.000000
vt 0.000000 0.000000
vt 0.000000 0.000000
vt 0.000000 0.000000
vt 0.000000 0.000000
vt 0.000000 0.000000
vt 0.000000 0.000000
vt 0.000000 0.000000
vt 0.000000 0.000000
vt 0.000000 0.000000
vt 0.000000 0.000000
vt 0.000000 0.000000
vt 0.000000 0.000000
vt 0.000000 0.000000
vt 0.000000 0.000000
vt 0.000000 0.000000
vt 0.000000 0.000000
vt 0.000000 0.000000
vt 0.000000 0.000000
vt 0.000000 0.000000
vt 0.000000 0.000000
vt 0.000000 0.000000
vt 0.000000 0.000000
vt 0.000000 0.000000
vt 0.000000 0.000000
vt 0.000000 0.000000
vt 0.000000 0.000000
vt 0.000000 0.000000
vt 0.000000 0.000000
vt 0.000000 0.000000
vt 0.000000 0.000000
vt 0.000000 0.000000
vt 0.000000 0.000000
vt 0.000000 0.000000
vt 0.000000 0.000000
vt 0.000000 0.000000
vt 0.000000 0.000000
vt 0.000000 0.000000
vt 0.000000 0.000000
vt 0.000000 0.000000
vt 0.000000 0.000000
vt 0.000000 0.000000
vt 0.000000 0.000000
vt 0.000000 0.000000
vt 0.000000 0.000000
vt 0.000000 0.000000
vt 0.000000 0.000000
vt 0.000000 0.000000
vt 0.000000 0.000000
vt 0.000000 0.000000
vt 0.000000 0.000000
vt 0.000000 0.000000
vt 0.000000 0.000000
vt 0.000000 0.000000
vt 0.000000 0.000000
vt 0.000000 0.000000
vt 0.000000 0.000000
vt 0.000000 0.000000
vt 0.000000 0.000000
vt 0.000000 0.000000
vt 0.000000 0.000000
vt 0.000000 0.000000
vt 0.000000 0.000000
vt 0.000000 0.000000
vt 0.000000 0.000000
vt 0.000000 0.000000
vt 0.000000 0.000000
vt 0.000000 0.000000
vt 0.000000 0.000000
vt 0.000000 0.000000
vt 0.000000 0.000000
vt 0.000000 0.000000
vt 0.000000 0.000000
vt 0.000000 0.000000
vt 0.000000 0.000000
vt 0.000000 0.000000
vt 0.000000 0.000000
vt 0.000000 0.000000
vt 0.000000 0.000000
vt 0.000000 0.000000
vt 0.000000 0.000000
vt 0.000000 0.000000
vt 0.000000 0.000000
vt 0.000000 0.000000
vt 0.000000 0.000000
vt 0.000000 0.000000
vt 0.000000 0.000000
vt 0.000000 0.000000
vt 0.000000 0.000000
vt 0.000000 0.000000
vt 0.000000 0.000000
vt 0.000000 0.000000
vt 0.000000 0.000000
vt 0.000000 0.000000
vt 0.000000 0.000000
vt 0.000000 0.000000
vt 0.000000 0.000000
vt 0.000000 0.000000
vt 0.000000 0.000000
vt 0.000000 0.000000
vt 0.000000 0.000000
vt 0.000000 0.000000
vt 0.000000 0.000000
vt 0.000000 0.000000
vt 0.000000 0.000000
vt 0.000000 0.000000
vt 0.000000 0.000000
vt 0.000000 0.000000
vt 0.000000 0.000000
vt 0.000000 0.000000
vt 0.000000 0.000000
vt 0.000000 0.000000
vt 0.000000 0.000000
vt 0.000000 0.000000
vt 0.000000 0.000000
vt 0.000000 0.000000
vt 0.000000 0.000000
vt 0.000000 0.000000
vt 0.000000 0.000000
vt 0.000000 0.000000
vt 0.000000 0.000000
vt 0.000000 0.000000
vt 0.000000 0.000000
vt 0.000000 0.000000
vt 0.000000 0.000000
vt 0.000000 0.000000
vt 0.000000 0.000000
vt 0.000000 0.000000
vt 0.000000 0.000000
vt 0.000000 0.000000
vt 0.000000 0.000000
vt 0.000000 0.000000
vt 0.000000 0.000000
vt 0.000000 0.000000
vt 0.000000 0.000000
vt 0.000000 0.000000
vt 0.000000 0.000000
vt 0.000000 0.000000
vt 0.000000 0.000000
vt 0.000000 0.000000
vt 0.000000 0.000000
vt 0.000000 0.000000
vt 0.000000 0.000000
vt 0.000000 0.000000
vt 0.000000 0.000000
vt 0.000000 0.000000
vt 0.000000 0.000000
vt 0.000000 0.000000
vt 0.000000 0.000000
vt 0.000000 0.000000
vt 0.000000 0.000000
vt 0.000000 0.000000
vt 0.000000 0.000000
vt 0.000000 0.000000
vt 0.000000 0.000000
vt 0.000000 0.000000
vt 0.000000 0.000000
vt 0.000000 0.000000
vt 0.000000 0.000000
vt 0.000000 0.000000
vt 0.000000 0.000000
vt 0.000000 0.000000
vt 0.000000 0.000000
vt 0.000000 0.000000
vt 0.000000 0.000000
vt 0.000000 0.000000
vt 0.000000 0.000000
vt 0.000000 0.000000
vt 0.000000 0.000000
vt 0.000000 0.000000
vt 0.000000 0.000000
vt 0.000000 0.000000
vt 0.000000 0.000000
vt 0.000000 0.000000
vt 0.000000 0.000000
vt 0.000000 0.000000
vt 0.000000 0.000000
vt 0.000000 0.000000
vt 0.000000 0.000000
vt 0.000000 0.000000
vt 0.000000 0.000000
vt 0.000000 0.000000
vt 0.000000 0.000000
vt 0.000000 0.000000
vt 0.000000 0.000000
vt 0.000000 0.000000
vt 0.000000 0.000000
vt 0.000000 0.000000
vt 0.000000 0.000000
vt 0.000000 0.000000
vt 0.000000 0.000000
vt 0.000000 0.000000
vt 0.000000 0.000000
vt 0.000000 0.000000
vt 0.000000 0.000000
vt 0.000000 0.000000
vt 0.000000 0.000000
vt 0.000000 0.000000
vt 0.000000 0.000000
vt 0.000000 0.000000
vt 0.000000 0.000000
vt 0.000000 0.000000
vt 0.000000 0.000000
vt 0.000000 0.000000
vt 0.000000 0.000000
vt 0.000000 0.000000
vt 0.000000 0.000000
vt 0.000000 0.000000
vt 0.000000 0.000000
vt 0.000000 0.000000
vt 0.000000 0.000000
vt 0.000000 0.000000
vt 0.000000 0.000000
vt 0.000000 0.000000
vt 0.000000 0.000000
vt 0.000000 0.000000
vt 0.000000 0.000000
vt 0.000000 0.000000
vt 0.000000 0.000000
vt 0.000000 0.000000
vt 0.000000 0.000000
vt 0.000000 0.000000
vt 0.000000 0.000000
vt 0.000000 0.000000
vt 0.000000 0.000000
vt 0.000000 0.000000
vt 0.000000 0.000000
vt 0.000000 0.000000
vt 0.000000 0.000000
vt 0.000000 0.000000
vt 0.000000 0.000000
vt 0.000000 0.000000
vt 0.000000 0.000000
vt 0.000000 0.000000
vt 0.000000 0.000000
vt 0.000000 0.000000
vt 0.000000 0.000000
vt 0.000000 0.000000
vt 0.000000 0.000000
vt 0.000000 0.000000
vt 0.000000 0.000000
vt 0.000000 0.000000
vt 0.000000 0.000000
vt 0.000000 0.000000
vt 0.000000 0.000000
vt 0.000000 0.000000
vt 0.000000 0.000000
vt 0.000000 0.000000
vt 0.000000 0.000000
vt 0.000000 0.000000
vt 0.000000 0.000000
vt 0.000000 0.000000
vt 0.000000 0.000000
vt 0.000000 0.000000
vt 0.000000 0.000000
vt 0.000000 0.000000
vt 0.000000 0.000000
vt 0.000000 0.000000
vt 0.000000 0.000000
vt 0.000000 0.000000
vt 0.000000 0.000000
vt 0.000000 0.000000
vt 0.000000 0.000000
vt 0.000000 0.000000
vt 0.000000 0.000000
vt 0.000000 0.000000
vt 0.000000 0.000000
vt 0.000000 0.000000
vt 0.000000 0.000000
vt 0.000000 0.000000
vt 0.000000 0.000000
vt 0.000000 0.000000
vt 0.000000 0.000000
vt 0.000000 0.000000
vt 0.000000 0.000000
vt 0.000000 0.000000
vt 0.000000 0.000000
vt 0.000000 0.000000
vt 0.000000 0.000000
vt 0.000000 0.000000
vt 0.000000 0.000000
vt 0.000000 0.000000
vt 0.000000 0.000000
vt 0.000000 0.000000
vt 0.000000 0.000000
vt 0.000000 0.000000
vt 0.000000 0.000000
vt 0.000000 0.000000
vt 0.000000 0.000000
vt 0.000000 0.000000
vt 0.000000 0.000000
vt 0.000000 0.000000
vt 0.000000 0.000000
vt 0.000000 0.000000
vt 0.000000 0.000000
vt 0.000000 0.000000
vt 0.000000 0.000000
vt 0.000000 0.000000
vt 0.000000 0.000000
vt 0.000000 0.000000
vt 0.000000 0.000000
vt 0.000000 0.000000
vt 0.000000 0.000000
vt 0.000000 0.000000
vt 0.000000 0.000000
vt 0.000000 0.000000
vt 0.000000 0.000000
vt 0.000000 0.000000
vt 0.000000 0.000000
vt 0.000000 0.000000
vt 0.000000 0.000000
vt 0.000000 0.000000
vt 0.000000 0.000000
vt 0.000000 0.000000
vt 0.000000 0.000000
vt 0.000000 0.000000
vt 0.000000 0.000000
vt 0.000000 0.000000
vt 0.000000 0.000000
vt 0.000000 0.000000
vt 0.000000 0.000000
vt 0.000000 0.000000
vt 0.000000 0.000000
vt 0.000000 0.000000
vt 0.000000 0.000000
vt 0.000000 0.000000
vt 0.000000 0.000000
vt 0.000000 0.000000
vt 0.000000 0.000000
vt 0.000000 0.000000
vt 0.000000 0.000000
vt 0.000000 0.000000
vt 0.000000 0.000000
vt 0.000000 0.000000
vt 0.000000 0.000000
vt 0.000000 0.000000
vt 0.000000 0.000000
vt 0.000000 0.000000
vt 0.000000 0.000000
vt 0.000000 0.000000
vt 0.000000 0.000000
vt 0.000000 0.000000
vt 0.000000 0.000000
vt 0.000000 0.000000
vt 0.000000 0.000000
vt 0.000000 0.000000
vt 0.000000 0.000000
vt 0.000000 0.000000
vt 0.000000 0.000000
vt 0.000000 0.000000
vt 0.000000 0.000000
vt 0.000000 0.000000
vt 0.000000 0.000000
vt 0.000000 0.000000
vt 0.000000 0.000000
vt 0.000000 0.000000
vt 0.000000 0.000000
vt 0.000000 0.000000
vt 0.000000 0.000000
vt 0.000000 0.000000
vt 0.000000 0.000000
vt 0.000000 0.000000
vt 0.000000 0.000000
vt 0.000000 0.000000
vt 0.000000 0.000000
vt 0.000000 0.000000
vt 0.000000 0.000000
vt 0.000000 0.000000
vt 0.000000 0.000000
vt 0.000000 0.000000
vt 0.000000 0.000000
vt 0.000000 0.000000
vt 0.000000 0.000000
vt 0.000000 0.000000
vt 0.000000 0.000000
vt 0.000000 0.000000
vt 0.000000 0.000000
vt 0.000000 0.000000
vt 0.000000 0.000000
vt 0.000000 0.000000
vt 0.000000 0.000000
vt 0.000000 0.000000
vt 0.000000 0.000000
vt 0.000000 0.000000
vt 0.000000 0.000000
vt 0.000000 0.000000
vt 0.000000 0.000000
vt 0.000000 0.000000
vt 0.000000 0.000000
vt 0.000000 0.000000
vt 0.000000 0.000000
vt 0.000000 0.000000
vt 0.000000 0.000000
vt 0.000000 0.000000
vt 0.000000 0.000000
vt 0.000000 0.000000
vt 0.000000 0.000000
vt 0.000000 0.000000
vt 0.000000 0.000000
vt 0.000000 0.000000
vt 0.000000 0.000000
vt 0.000000 0.000000
vt 0.000000 0.000000
vt 0.000000 0.000000
vt 0.000000 0.000000
vt 0.000000 0.000000
vt 0.000000 0.000000
vt 0.000000 0.000000
vt 0.000000 0.000000
vt 0.000000 0.000000
vt 0.000000 0.000000
vt 0.000000 0.000000
vt 0.000000 0.000000
vt 0.000000 0.000000
vt 0.000000 0.000000
vt 0.000000 0.000000
vt 0.000000 0.000000
vt 0.000000 0.000000
vt 0.000000 0.000000
vt 0.000000 0.000000
vt 0.000000 0.000000
vt 0.000000 0.000000
vt 0.000000 0.000000
vt 0.000000 0.000000
vt 0.000000 0.000000
vt 0.000000 0.000000
vt 0.000000 0.000000
vt 0.000000 0.000000
vt 0.000000 0.000000
vt 0.000000 0.000000
vt 0.000000 0.000000
vt 0.000000 0.000000
vt 0.000000 0.000000
vt 0.000000 0.000000
vt 0.000000 0.000000
vt 0.000000 0.000000
vt 0.000000 0.000000
vt 0.000000 0.000000
vt 0.000000 0.000000
vt 0.000000 0.000000
vt 0.000000 0.000000
vt 0.000000 0.000000
vt 0.000000 0.000000
vt 0.000000 0.000000
vt 0.000000 0.000000
vt 0.000000 0.000000
vt 0.000000 0.000000
vt 0.000000 0.000000
vt 0.000000 0.000000
vt 0.000000 0.000000
vt 0.000000 0.000000
vt 0.000000 0.000000
vt 0.000000 0.000000
vt 0.000000 0.000000
vt 0.000000 0.000000
vt 0.000000 0.000000
vt 0.000000 0.000000
vt 0.000000 0.000000
vt 0.000000 0.000000
vt 0.000000 0.000000
vt 0.000000 0.000000
vt 0.000000 0.000000
vt 0.000000 0.000000
vt 0.000000 0.000000
vt 0.000000 0.000000
vt 0.000000 0.000000
vt 0.000000 0.000000
vt 0.000000 0.000000
vt 0.000000 0.000000
vt 0.000000 0.000000
vt 0.000000 0.000000
vt 0.000000 0.000000
vt 0.000000 0.000000
vt 0.000000 0.000000
vt 0.000000 0.000000
vt 0.000000 0.000000
vt 0.000000 0.000000
vt 0.000000 0.000000
vt 0.000000 0.000000
vt 0.000000 0.000000
vt 0.000000 0.000000
vt 0.000000 0.000000
vt 0.000000 0.000000
vt 0.000000 0.000000
vt 0.000000 0.000000
vt 0.000000 0.000000
vt 0.000000 0.000000
vt 0.000000 0.000000
vt 0.000000 0.000000
vt 0.000000 0.000000
vt 0.000000 0.000000
vt 0.000000 0.000000
vt 0.000000 0.000000
vt 0.000000 0.000000
vt 0.000000 0.000000
vt 0.000000 0.000000
vt 0.000000 0.000000
vt 0.000000 0.000000
vt 0.000000 0.000000
vt 0.000000 0.000000
vt 0.000000 0.000000
vt 0.000000 0.000000
vt 0.000000 0.000000
vt 0.000000 0.000000
vt 0.000000 0.000000
vt 0.000000 0.000000
vt 0.000000 0.000000
vt 0.000000 0.000000
vt 0.000000 0.000000
vt 0.000000 0.000000
vt 0.000000 0.000000
vt 0.000000 0.000000
vt 0.000000 0.000000
vt 0.000000 0.000000
vt 0.000000 0.000000
vt 0.000000 0.000000
vt 0.000000 0.000000
vt 0.000000 0.000000
vt 0.000000 0.000000
vt 0.000000 0.000000
vt 0.000000 0.000000
vt 0.000000 0.000000
vt 0.000000 0.000000
vt 0.000000 0.000000
vt 0.000000 0.000000
vt 0.000000 0.000000
vt 0.000000 0.000000
vt 0.000000 0.000000
vt 0.000000 0.000000
vt 0.000000 0.000000
vt 0.000000 0.000000
vt 0.000000 0.000000
vt 0.000000 0.000000
vt 0.000000 0.000000
vt 0.000000 0.000000
vt 0.000000 0.000000
vt 0.000000 0.000000
vt 0.000000 0.000000
vt 0.000000 0.000000
vt 0.000000 0.000000
vt 0.000000 0.000000
vt 0.000000 0.000000
vt 0.000000 0.000000
vt 0.000000 0.000000
vt 0.000000 0.000000
vt 0.000000 0.000000
vt 0.000000 0.000000
vt 0.000000 0.000000
vt 0.000000 0.000000
vt 0.000000 0.000000
vt 0.000000 0.000000
vt 0.000000 0.000000
vt 0.000000 0.000000
vt 0.000000 0.000000
vt 0.000000 0.000000
vt 0.000000 0.000000
vt 0.000000 0.000000
vt 0.000000 0.000000
vt 0.000000 0.000000
vt 0.000000 0.000000
vt 0.000000 0.000000
vt 0.000000 0.000000
vt 0.000000 0.000000
vt 0.000000 0.000000
vt 0.000000 0.000000
vt 0.000000 0.000000
vt 0.000000 0.000000
vt 0.000000 0.000000
vt 0.000000 0.000000
vt 0.000000 0.000000
vt 0.000000 0.000000
vt 0.000000 0.000000
vt 0.000000 0.000000
vt 0.000000 0.000000
vt 0.000000 0.000000
vt 0.000000 0.000000
vt 0.000000 0.000000
vt 0.000000 0.000000
vt 0.000000 0.000000
vt 0.000000 0.000000
vt 0.000000 0.000000
vt 0.000000 0.000000
vt 0.000000 0.000000
vt 0.000000 0.000000
vt 0.000000 0.000000
vt 0.000000 0.000000
vt 0.000000 0.000000
vt 0.000000 0.000000
vt 0.000000 0.000000
vt 0.000000 0.000000
vt 0.000000 0.000000
vt 0.000000 0.000000
vt 0.000000 0.000000
vt 0.000000 0.000000
vt 0.000000 0.000000
vt 0.000000 0.000000
vt 0.000000 0.000000
vt 0.000000 0.000000
vt 0.000000 0.000000
vt 0.000000 0.000000
vt 0.000000 0.000000
vt 0.000000 0.000000
vt 0.000000 0.000000
vt 0.000000 0.000000
vt 0.000000 0.000000
vt 0.000000 0.000000
vt 0.000000 0.000000
vt 0.000000 0.000000
vt 0.000000 0.000000
vt 0.000000 0.000000
vt 0.000000 0.000000
vt 0.000000 0.000000
vt 0.000000 0.000000
vt 0.000000 0.000000
vt 0.000000 0.000000
vt 0.000000 0.000000
vt 0.000000 0.000000
vt 0.000000 0.000000
vt 0.000000 0.000000
vt 0.000000 0.000000
vt 0.000000 0.000000
vt 0.000000 0.000000
vt 0.000000 0.000000
vt 0.000000 0.000000
vt 0.000000 0.000000
vt 0.000000 0.000000
vt 0.000000 0.000000
vt 0.000000 0.000000
vt 0.000000 0.000000
vt 0.000000 0.000000
vt 0.000000 0.000000
vt 0.000000 0.000000
vt 0.000000 0.000000
vt 0.000000 0.000000
vt 0.000000 0.000000
vt 0.000000 0.000000
vt 0.000000 0.000000
vt 0.000000 0.000000
vt 0.000000 0.000000
vt 0.000000 0.000000
vt 0.000000 0.000000
vt 0.000000 0.000000
vt 0.000000 0.000000
vt 0.000000 0.000000
vt 0.000000 0.000000
vt 0.000000 0.000000
vt 0.000000 0.000000
vt 0.000000 0.000000
vt 0.000000 0.000000
vt 0.000000 0.000000
vt 0.000000 0.000000
vt 0.000000 0.000000
vt 0.000000 0.000000
vt 0.000000 0.000000
vt 0.000000 0.000000
vt 0.000000 0.000000
vt 0.000000 0.000000
vt 0.000000 0.000000
vt 0.000000 0.000000
vt 0.000000 0.000000
vt 0.000000 0.000000
vt 0.000000 0.000000
vt 0.000000 0.000000
vt 0.000000 0.000000
vt 0.000000 0.000000
vt 0.000000 0.000000
vt 0.000000 0.000000
vt 0.000000 0.000000
vt 0.000000 0.000000
vt 0.000000 0.000000
vt 0.000000 0.000000
vt 0.000000 0.000000
vt 0.000000 0.000000
vt 0.000000 0.000000
vt 0.000000 0.000000
vt 0.000000 0.000000
vt 0.000000 0.000000
vt 0.000000 0.000000
vt 0.000000 0.000000
vt 0.000000 0.000000
vt 0.000000 0.000000
vt 0.000000 0.000000
vt 0.000000 0.000000
vt 0.000000 0.000000
vt 0.000000 0.000000
vt 0.000000 0.000000
vt 0.000000 0.000000
vt 0.000000 0.000000
vt 0.000000 0.000000
vt 0.000000 0.000000
vt 0.000000 0.000000
vt 0.000000 0.000000
vt 0.000000 0.000000
vt 0.000000 0.000000
vt 0.000000 0.000000
vt 0.000000 0.000000
vt 0.000000 0.000000
vt 0.000000 0.000000
vt 0.000000 0.000000
vt 0.000000 0.000000
vt 0.000000 0.000000
vt 0.000000 0.000000
vt 0.000000 0.000000
vt 0.000000 0.000000
vt 0.000000 0.000000
vt 0.000000 0.000000
vt 0.000000 0.000000
vt 0.000000 0.000000
vt 0.000000 0.000000
vt 0.000000 0.000000
vt 0.000000 0.000000
vt 0.000000 0.000000
vt 0.000000 0.000000
vt 0.000000 0.000000
vt 0.000000 0.000000
vt 0.000000 0.000000
vt 0.000000 0.000000
vt 0.000000 0.000000
vt 0.000000 0.000000
vt 0.000000 0.000000
vt 0.000000 0.000000
vt 0.000000 0.000000
vt 0.000000 0.000000
vt 0.000000 0.000000
vt 0.000000 0.000000
vt 0.000000 0.000000
vt 0.000000 0.000000
vt 0.000000 0.000000
vt 0.000000 0.000000
vt 0.000000 0.000000
vt 0.000000 0.000000
vt 0.000000 0.000000
vt 0.000000 0.000000
vt 0.000000 0.000000
vt 0.000000 0.000000
vt 0.000000 0.000000
vt 0.000000 0.000000
vt 0.000000 0.000000
vt 0.000000 0.000000
vt 0.000000 0.000000
vt 0.000000 0.000000
vt 0.000000 0.000000
vt 0.000000 0.000000
vt 0.000000 0.000000
vt 0.000000 0.000000
vt 0.000000 0.000000
vt 0.000000 0.000000
vt 0.000000 0.000000
vt 0.000000 0.000000
vt 0.000000 0.000000
vt 0.000000 0.000000
vt 0.000000 0.000000
vt 0.000000 0.000000
vt 0.000000 0.000000
vt 0.000000 0.000000
vt 0.000000 0.000000
vt 0.000000 0.000000
vt 0.000000 0.000000
vt 0.000000 0.000000
vt 0.000000 0.000000
vt 0.000000 0.000000
vt 0.000000 0.000000
vt 0.000000 0.000000
vt 0.000000 0.000000
vt 0.000000 0.000000
vt 0.000000 0.000000
vt 0.000000 0.000000
vt 0.000000 0.000000
vt 0.000000 0.000000
vt 0.000000 0.000000
vt 0.000000 0.000000
vt 0.000000 0.000000
vt 0.000000 0.000000
vt 0.000000 0.000000
vt 0.000000 0.000000
vt 0.000000 0.000000
vt 0.000000 0.000000
vt 0.000000 0.000000
vt 0.000000 0.000000
vt 0.000000 0.000000
vt 0.000000 0.000000
vt 0.000000 0.000000
vt 0.000000 0.000000
vt 0.000000 0.000000
vt 0.000000 0.000000
vt 0.000000 0.000000
vt 0.000000 0.000000
vt 0.000000 0.000000
vt 0.000000 0.000000
vt 0.000000 0.000000
vt 0.000000 0.000000
vt 0.000000 0.000000
vt 0.000000 0.000000
vt 0.000000 0.000000
vt 0.000000 0.000000
vt 0.000000 0.000000
vt 0.000000 0.000000
vt 0.000000 0.000000
vt 0.000000 0.000000
vt 0.000000 0.000000
vt 0.000000 0.000000
vt 0.000000 0.000000
vt 0.000000 0.000000
vt 0.000000 0.000000
vt 0.000000 0.000000
vt 0.000000 0.000000
vt 0.000000 0.000000
vt 0.000000 0.000000
vt 0.000000 0.000000
vt 0.000000 0.000000
vt 0.000000 0.000000
vt 0.000000 0.000000
vt 0.000000 0.000000
vt 0.000000 0.000000
vt 0.000000 0.000000
vt 0.000000 0.000000
vt 0.000000 0.000000
vt 0.000000 0.000000
vt 0.000000 0.000000
vt 0.000000 0.000000
vt 0.000000 0.000000
vt 0.000000 0.000000
vt 0.000000 0.000000
vt 0.000000 0.000000
vt 0.000000 0.000000
vt 0.000000 0.000000
vt 0.000000 0.000000
vt 0.000000 0.000000
vt 0.000000 0.000000
vt 0.000000 0.000000
vt 0.000000 0.000000
vt 0.000000 0.000000
vt 0.000000 0.000000
vt 0.000000 0.000000
vt 0.000000 0.000000
vt 0.000000 0.000000
vt 0.000000 0.000000
vt 0.000000 0.000000
vt 0.000000 0.000000
vt 0.000000 0.000000
vt 0.000000 0.000000
vt 0.000000 0.000000
vt 0.000000 0.000000
vt 0.000000 0.000000
vt 0.000000 0.000000
vt 0.000000 0.000000
vt 0.000000 0.000000
vt 0.000000 0.000000
vt 0.000000 0.000000
vt 0.000000 0.000000
vt 0.000000 0.000000
vt 0.000000 0.000000
vt 0.000000 0.000000
vt 0.000000 0.000000
vt 0.000000 0.000000
vt 0.000000 0.000000
vt 0.000000 0.000000
vt 0.000000 0.000000
vt 0.000000 0.000000
vt 0.000000 0.000000
vt 0.000000 0.000000
vt 0.000000 0.000000
vt 0.000000 0.000000
vt 0.000000 0.000000
vt 0.000000 0.000000
vt 0.000000 0.000000
vt 0.000000 0.000000
vt 0.000000 0.000000
vt 0.000000 0.000000
vt 0.000000 0.000000
vt 0.000000 0.000000
vt 0.000000 0.000000
vt 0.000000 0.000000
vt 0.000000 0.000000
vt 0.000000 0.000000
vt 0.000000 0.000000
vt 0.000000 0.000000
vt 0.000000 0.000000
vt 0.000000 0.000000
vt 0.000000 0.000000
vt 0.000000 0.000000
vt 0.000000 0.000000
vt 0.000000 0.000000
vt 0.000000 0.000000
vt 0.000000 0.000000
vt 0.000000 0.000000
vt 0.000000 0.000000
vt 0.000000 0.000000
vt 0.000000 0.000000
vt 0.000000 0.000000
vt 0.000000 0.000000
vt 0.000000 0.000000
vt 0.000000 0.000000
vt 0.000000 0.000000
vt 0.000000 0.000000
vt 0.000000 0.000000
vt 0.000000 0.000000
vt 0.000000 0.000000
vt 0.000000 0.000000
vt 0.000000 0.000000
vt 0.000000 0.000000
vt 0.000000 0.000000
vt 0.000000 0.000000
vt 0.000000 0.000000
vt 0.000000 0.000000
vt 0.000000 0.000000
vt 0.000000 0.000000
vt 0.000000 0.000000
vt 0.000000 0.000000
vt 0.000000 0.000000
vt 0.000000 0.000000
vt 0.000000 0.000000
vt 0.000000 0.000000
vt 0.000000 0.000000
vt 0.000000 0.000000
vt 0.000000 0.000000
vt 0.000000 0.000000
vt 0.000000 0.000000
vt 0.000000 0.000000
vt 0.000000 0.000000
vt 0.000000 0.000000
vt 0.000000 0.000000
vt 0.000000 0.000000
vt 0.000000 0.000000
vt 0.000000 0.000000
vt 0.000000 0.000000
vt 0.000000 0.000000
vt 0.000000 0.000000
vt 0.000000 0.000000
vt 0.000000 0.000000
vt 0.000000 0.000000
vt 0.000000 0.000000
vt 0.000000 0.000000
vt 0.000000 0.000000
vt 0.000000 0.000000
vt 0.000000 0.000000
vt 0.000000 0.000000
vt 0.000000 0.000000
vt 0.000000 0.000000
vt 0.000000 0.000000
vt 0.000000 0.000000
vt 0.000000 0.000000
vt 0.000000 0.000000
vt 0.000000 0.000000
vt 0.000000 0.000000
vt 0.000000 0.000000
vt 0.000000 0.000000
vt 0.000000 0.000000
vt 0.000000 0.000000
vt 0.000000 0.000000
vt 0.000000 0.000000
vt 0.000000 0.000000
vt 0.000000 0.000000
vt 0.000000 0.000000
vt 0.000000 0.000000
vt 0.000000 0.000000
vt 0.000000 0.000000
vt 0.000000 0.000000
vt 0.000000 0.000000
vt 0.000000 0.000000
vt 0.000000 0.000000
vt 0.000000 0.000000
vt 0.000000 0.000000
vt 0.000000 0.000000
vt 0.000000 0.000000
vt 0.000000 0.000000
vt 0.000000 0.000000
vt 0.000000 0.000000
vt 0.000000 0.000000
vt 0.000000 0.000000
vt 0.000000 0.000000
vt 0.000000 0.000000
vt 0.000000 0.000000
vt 0.000000 0.000000
vt 0.000000 0.000000
vt 0.000000 0.000000
vt 0.000000 0.000000
vt 0.000000 0.000000
vt 0.000000 0.000000
vt 0.000000 0.000000
vt 0.000000 0.000000
vt 0.000000 0.000000
vt 0.000000 0.000000
vt 0.000000 0.000000
vt 0.000000 0.000000
vt 0.000000 0.000000
vt 0.000000 0.000000
vt 0.000000 0.000000
vt 0.000000 0.000000
vt 0.000000 0.000000
vt 0.000000 0.000000
vt 0.000000 0.000000
vt 0.000000 0.000000
vt 0.000000 0.000000
vt 0.000000 0.000000
vt 0.000000 0.000000
vt 0.000000 0.000000
vt 0.000000 0.000000
vt 0.000000 0.000000
vt 0.000000 0.000000
vt 0.000000 0.000000
vt 0.000000 0.000000
vt 0.000000 0.000000
vt 0.000000 0.000000
vt 0.000000 0.000000
vt 0.000000 0.000000
vt 0.000000 0.000000
vt 0.000000 0.000000
vt 0.000000 0.000000
vt 0.000000 0.000000
vt 0.000000 0.000000
vt 0.000000 0.000000
vt 0.000000 0.000000
vt 0.000000 0.000000
vt 0.000000 0.000000
vt 0.000000 0.000000
vt 0.000000 0.000000
vt 0.000000 0.000000
vt 0.000000 0.000000
vt 0.000000 0.000000
vt 0.000000 0.000000
vt 0.000000 0.000000
vt 0.000000 0.000000
vt 0.000000 0.000000
vt 0.000000 0.000000
vt 0.000000 0.000000
vt 0.000000 0.000000
vt 0.000000 0.000000
vt 0.000000 0.000000
vt 0.000000 0.000000
vt 0.000000 0.000000
vt 0.000000 0.000000
vt 0.000000 0.000000
vt 0.000000 0.000000
vt 0.000000 0.000000
vt 0.000000 0.000000
vt 0.000000 0.000000
vt 0.000000 0.000000
vt 0.000000 0.000000
vt 0.000000 0.000000
vt 0.000000 0.000000
vt 0.000000 0.000000
vt 0.000000 0.000000
vt 0.000000 0.000000
vt 0.000000 0.000000
vt 0.000000 0.000000
vt 0.000000 0.000000
vt 0.000000 0.000000
vt 0.000000 0.000000
vt 0.000000 0.000000
vt 0.000000 0.000000
vt 0.000000 0.000000
vt 0.000000 0.000000
vt 0.000000 0.000000
vt 0.000000 0.000000
vt 0.000000 0.000000
vt 0.000000 0.000000
vt 0.000000 0.000000
vt 0.000000 0.000000
vt 0.000000 0.000000
vt 0.000000 0.000000
vt 0.000000 0.000000
vt 0.000000 0.000000
vt 0.000000 0.000000
vt 0.000000 0.000000
vt 0.000000 0.000000
vt 0.000000 0.000000
vt 0.000000 0.000000
vt 0.000000 0.000000
vt 0.000000 0.000000
vt 0.000000 0.000000
vt 0.000000 0.000000
vt 0.000000 0.000000
vt 0.000000 0.000000
vt 0.000000 0.000000
vt 0.000000 0.000000
vt 0.000000 0.000000
vt 0.000000 0.000000
vt 0.000000 0.000000
vt 0.000000 0.000000
vt 0.000000 0.000000
vt 0.000000 0.000000
vt 0.000000 0.000000
vt 0.000000 0.000000
vt 0.000000 0.000000
vt 0.000000 0.000000
vt 0.000000 0.000000
vt 0.000000 0.000000
vt 0.000000 0.000000
vt 0.000000 0.000000
vt 0.000000 0.000000
vt 0.000000 0.000000
vt 0.000000 0.000000
vt 0.000000 0.000000
vt 0.000000 0.000000
vt 0.000000 0.000000
vt 0.000000 0.000000
vt 0.000000 0.000000
vt 0.000000 0.000000
vt 0.000000 0.000000
vt 0.000000 0.000000
vt 0.000000 0.000000
vt 0.000000 0.000000
vt 0.000000 0.000000
vt 0.000000 0.000000
vt 0.000000 0.000000
vt 0.000000 0.000000
vt 0.000000 0.000000
vt 0.000000 0.000000
vt 0.000000 0.000000
vt 0.000000 0.000000
vt 0.000000 0.000000
vt 0.000000 0.000000
vt 0.000000 0.000000
vt 0.000000 0.000000
vt 0.000000 0.000000
vt 0.000000 0.000000
vt 0.000000 0.000000
vt 0.000000 0.000000
vt 0.000000 0.000000
vt 0.000000 0.000000
vt 0.000000 0.000000
vt 0.000000 0.000000
vt 0.000000 0.000000
vt 0.000000 0.000000
vt 0.000000 0.000000
vt 0.000000 0.000000
vt 0.000000 0.000000
vt 0.000000 0.000000
vt 0.000000 0.000000
vt 0.000000 0.000000
vt 0.000000 0.000000
vt 0.000000 0.000000
vt 0.000000 0.000000
vt 0.000000 0.000000
vt 0.000000 0.000000
vt 0.000000 0.000000
vt 0.000000 0.000000
vt 0.000000 0.000000
vt 0.000000 0.000000
vt 0.000000 0.000000
vt 0.000000 0.000000
vt 0.000000 0.000000
vt 0.000000 0.000000
vt 0.000000 0.000000
vt 0.000000 0.000000
vt 0.000000 0.000000
vt 0.000000 0.000000
vt 0.000000 0.000000
vt 0.000000 0.000000
vt 0.000000 0.000000
vt 0.000000 0.000000
vt 0.000000 0.000000
vt 0.000000 0.000000
vt 0.000000 0.000000
vt 0.000000 0.000000
vt 0.000000 0.000000
vt 0.000000 0.000000
vt 0.000000 0.000000
vt 0.000000 0.000000
vt 0.000000 0.000000
vt 0.000000 0.000000
vt 0.000000 0.000000
vt 0.000000 0.000000
vt 0.000000 0.000000
vt 0.000000 0.000000
vt 0.000000 0.000000
vt 0.000000 0.000000
vt 0.000000 0.000000
vt 0.000000 0.000000
vt 0.000000 0.000000
vt 0.000000 0.000000
vt 0.000000 0.000000
vt 0.000000 0.000000
vt 0.000000 0.000000
vt 0.000000 0.000000
vt 0.000000 0.000000
vt 0.000000 0.000000
vt 0.000000 0.000000
vt 0.000000 0.000000
vt 0.000000 0.000000
vt 0.000000 0.000000
vt 0.000000 0.000000
vt 0.000000 0.000000
vt 0.000000 0.000000
vt 0.000000 0.000000
vt 0.000000 0.000000
vt 0.000000 0.000000
vt 0.000000 0.000000
vt 0.000000 0.000000
vt 0.000000 0.000000
vt 0.000000 0.000000
vt 0.000000 0.000000
vt 0.000000 0.000000
vt 0.000000 0.000000
vt 0.000000 0.000000
vt 0.000000 0.000000
vt 0.000000 0.000000
vt 0.000000 0.000000
vt 0.000000 0.000000
vt 0.000000 0.000000
vt 0.000000 0.000000
vt 0.000000 0.000000
vt 0.000000 0.000000
vt 0.000000 0.000000
vt 0.000000 0.000000
vt 0.000000 0.000000
vt 0.000000 0.000000
vt 0.000000 0.000000
vt 0.000000 0.000000
vt 0.000000 0.000000
vt 0.000000 0.000000
vt 0.000000 0.000000
vt 0.000000 0.000000
vt 0.000000 0.000000
vt 0.000000 0.000000
vt 0.000000 0.000000
vt 0.000000 0.000000
vt 0.000000 0.000000
vt 0.000000 0.000000
vt 0.000000 0.000000
vt 0.000000 0.000000
vt 0.000000 0.000000
vt 0.000000 0.000000
vt 0.000000 0.000000
vt 0.000000 0.000000
vt 0.000000 0.000000
vt 0.000000 0.000000
vt 0.000000 0.000000
vt 0.000000 0.000000
vt 0.000000 0.000000
vt 0.000000 0.000000
vt 0.000000 0.000000
vt 0.000000 0.000000
vt 0.000000 0.000000
vt 0.000000 0.000000
vt 0.000000 0.000000
vt 0.000000 0.000000
vt 0.000000 0.000000
vt 0.000000 0.000000
vt 0.000000 0.000000
vt 0.000000 0.000000
vt 0.000000 0.000000
vt 0.000000 0.000000
vt 0.000000 0.000000
vt 0.000000 0.000000
vt 0.000000 0.000000
vt 0.000000 0.000000
vt 0.000000 0.000000
vt 0.000000 0.000000
vt 0.000000 0.000000
vt 0.000000 0.000000
vt 0.000000 0.000000
vt 0.000000 0.000000
vt 0.000000 0.000000
vt 0.000000 0.000000
vt 0.000000 0.000000
vt 0.000000 0.000000
vt 0.000000 0.000000
vt 0.000000 0.000000
vt 0.000000 0.000000
vt 0.000000 0.000000
vt 0.000000 0.000000
vt 0.000000 0.000000
vt 0.000000 0.000000
vt 0.000000 0.000000
vt 0.000000 0.000000
vt 0.000000 0.000000
vt 0.000000 0.000000
vt 0.000000 0.000000
vt 0.000000 0.000000
vt 0.000000 0.000000
vt 0.000000 0.000000
vt 0.000000 0.000000
vt 0.000000 0.000000
vt 0.000000 0.000000
vt 0.000000 0.000000
vt 0.000000 0.000000
vt 0.000000 0.000000
vt 0.000000 0.000000
vt 0.000000 0.000000
vt 0.000000 0.000000
vt 0.000000 0.000000
vt 0.000000 0.000000
vt 0.000000 0.000000
vt 0.000000 0.000000
vt 0.000000 0.000000
vt 0.000000 0.000000
vt 0.000000 0.000000
vt 0.000000 0.000000
vt 0.000000 0.000000
vt 0.000000 0.000000
vt 0.000000 0.000000
vt 0.000000 0.000000
vt 0.000000 0.000000
vt 0.000000 0.000000
vt 0.000000 0.000000
vt 0.000000 0.000000
vt 0.000000 0.000000
vt 0.000000 0.000000
vt 0.000000 0.000000
vt 0.000000 0.000000
vt 0.000000 0.000000
vt 0.000000 0.000000
vt 0.000000 0.000000
vt 0.000000 0.000000
vt 0.000000 0.000000
vt 0.000000 0.000000
vt 0.000000 0.000000
vt 0.000000 0.000000
vt 0.000000 0.000000
vt 0.000000 0.000000
vt 0.000000 0.000000
vt 0.000000 0.000000
vt 0.000000 0.000000
vt 0.000000 0.000000
vt 0.000000 0.000000
vt 0.000000 0.000000
vt 0.000000 0.000000
vt 0.000000 0.000000
vt 0.000000 0.000000
vt 0.000000 0.000000
vt 0.000000 0.000000
vt 0.000000 0.000000
vt 0.000000 0.000000
vt 0.000000 0.000000
vt 0.000000 0.000000
vt 0.000000 0.000000
vt 0.000000 0.000000
vt 0.000000 0.000000
vt 0.000000 0.000000
vt 0.000000 0.000000
vt 0.000000 0.000000
vt 0.000000 0.000000
vt 0.000000 0.000000
vt 0.000000 0.000000
vt 0.000000 0.000000
vt 0.000000 0.000000
vt 0.000000 0.000000
vt 0.000000 0.000000
vt 0.000000 0.000000
vt 0.000000 0.000000
vt 0.000000 0.000000
vt 0.000000 0.000000
vt 0.000000 0.000000
vt 0.000000 0.000000
vt 0.000000 0.000000
vt 0.000000 0.000000
vt 0.000000 0.000000
vt 0.000000 0.000000
vt 0.000000 0.000000
vt 0.000000 0.000000
vt 0.000000 0.000000
vt 0.000000 0.000000
vt 0.000000 0.000000
vt 0.000000 0.000000
vt 0.000000 0.000000
vt 0.000000 0.000000
vt 0.000000 0.000000
vt 0.000000 0.000000
vt 0.000000 0.000000
vt 0.000000 0.000000
vt 0.000000 0.000000
vt 0.000000 0.000000
vt 0.000000 0.000000
vt 0.000000 0.000000
vt 0.000000 0.000000
vt 0.000000 0.000000
vt 0.000000 0.000000
vt 0.000000 0.000000
vt 0.000000 0.000000
vt 0.000000 0.000000
vt 0.000000 0.000000
vt 0.000000 0.000000
vt 0.000000 0.000000
vt 0.000000 0.000000
vt 0.000000 0.000000
vt 0.000000 0.000000
vt 0.000000 0.000000
vt 0.000000 0.000000
vt 0.000000 0.000000
vt 0.000000 0.000000
vt 0.000000 0.000000
vt 0.000000 0.000000
vt 0.000000 0.000000
vt 0.000000 0.000000
vt 0.000000 0.000000
vt 0.000000 0.000000
vt 0.000000 0.000000
vt 0.000000 0.000000
vt 0.000000 0.000000
vt 0.000000 0.000000
vt 0.000000 0.000000
vt 0.000000 0.000000
vt 0.000000 0.000000
vt 0.000000 0.000000
vt 0.000000 0.000000
vt 0.000000 0.000000
vt 0.000000 0.000000
vt 0.000000 0.000000
vt 0.000000 0.000000
vt 0.000000 0.000000
vt 0.000000 0.000000
vt 0.000000 0.000000
vt 0.000000 0.000000
vt 0.000000 0.000000
vt 0.000000 0.000000
vt 0.000000 0.000000
vt 0.000000 0.000000
vt 0.000000 0.000000
vt 0.000000 0.000000
vt 0.000000 0.000000
vt 0.000000 0.000000
vt 0.000000 0.000000
vt 0.000000 0.000000
vt 0.000000 0.000000
vt 0.000000 0.000000
vt 0.000000 0.000000
vt 0.000000 0.000000
vt 0.000000 0.000000
vt 0.000000 0.000000
vt 0.000000 0.000000
vt 0.000000 0.000000
vt 0.000000 0.000000
vt 0.000000 0.000000
vt 0.000000 0.000000
vt 0.000000 0.000000
vt 0.000000 0.000000
vt 0.000000 0.000000
vt 0.000000 0.000000
vt 0.000000 0.000000
vt 0.000000 0.000000
vt 0.000000 0.000000
vt 0.000000 0.000000
vt 0.000000 0.000000
vt 0.000000 0.000000
vt 0.000000 0.000000
vt 0.000000 0.000000
vt 0.000000 0.000000
vt 0.000000 0.000000
vt 0.000000 0.000000
vt 0.000000 0.000000
vt 0.000000 0.000000
vt 0.000000 0.000000
vt 0.000000 0.000000
vt 0.000000 0.000000
vt 0.000000 0.000000
vt 0.000000 0.000000
vt 0.000000 0.000000
vt 0.000000 0.000000
vt 0.000000 0.000000
vt 0.000000 0.000000
vt 0.000000 0.000000
vt 0.000000 0.000000
vt 0.000000 0.000000
vt 0.000000 0.000000
vt 0.000000 0.000000
vt 0.000000 0.000000
vt 0.000000 0.000000
vt 0.000000 0.000000
vt 0.000000 0.000000
vt 0.000000 0.000000
vt 0.000000 0.000000
vt 0.000000 0.000000
vt 0.000000 0.000000
vt 0.000000 0.000000
vt 0.000000 0.000000
vt 0.000000 0.000000
vt 0.000000 0.000000
vt 0.000000 0.000000
vt 0.000000 0.000000
vt 0.000000 0.000000
vt 0.000000 0.000000
vt 0.000000 0.000000
vt 0.000000 0.000000
vt 0.000000 0.000000
vt 0.000000 0.000000
vt 0.000000 0.000000
vt 0.000000 0.000000
vt 0.000000 0.000000
vt 0.000000 0.000000
vt 0.000000 0.000000
vt 0.000000 0.000000
vt 0.000000 0.000000
vt 0.000000 0.000000
vt 0.000000 0.000000
vt 0.000000 0.000000
vt 0.000000 0.000000
vt 0.000000 0.000000
vt 0.000000 0.000000
vt 0.000000 0.000000
vt 0.000000 0.000000
vt 0.000000 0.000000
vt 0.000000 0.000000
vt 0.000000 0.000000
vt 0.000000 0.000000
vt 0.000000 0.000000
vt 0.000000 0.000000
vt 0.000000 0.000000
vt 0.000000 0.000000
vt 0.000000 0.000000
vt 0.000000 0.000000
vt 0.000000 0.000000
vt 0.000000 0.000000
vt 0.000000 0.000000
vt 0.000000 0.000000
vt 0.000000 0.000000
vt 0.000000 0.000000
vt 0.000000 0.000000
vt 0.000000 0.000000
vt 0.000000 0.000000
vt 0.000000 0.000000
vt 0.000000 0.000000
vt 0.000000 0.000000
vt 0.000000 0.000000
vt 0.000000 0.000000
vt 0.000000 0.000000
vt 0.000000 0.000000
vt 0.000000 0.000000
vt 0.000000 0.000000
vt 0.000000 0.000000
vt 0.000000 0.000000
vt 0.000000 0.000000
vt 0.000000 0.000000
vt 0.000000 0.000000
vt 0.000000 0.000000
vt 0.000000 0.000000
vt 0.000000 0.000000
vt 0.000000 0.000000
vt 0.000000 0.000000
vt 0.000000 0.000000
vt 0.000000 0.000000
vt 0.000000 0.000000
vt 0.000000 0.000000
vt 0.000000 0.000000
vt 0.000000 0.000000
vt 0.000000 0.000000
vt 0.000000 0.000000
vt 0.000000 0.000000
vt 0.000000 0.000000
vt 0.000000 0.000000
vt 0.000000 0.000000
vt 0.000000 0.000000
vt 0.000000 0.000000
vt 0.000000 0.000000
vt 0.000000 0.000000
vt 0.000000 0.000000
vt 0.000000 0.000000
vt 0.000000 0.000000
vt 0.000000 0.000000
vt 0.000000 0.000000
vt 0.000000 0.000000
vt 0.000000 0.000000
vt 0.000000 0.000000
vt 0.000000 0.000000
vt 0.000000 0.000000
vt 0.000000 0.000000
vt 0.000000 0.000000
vt 0.000000 0.000000
vt 0.000000 0.000000
vt 0.000000 0.000000
vt 0.000000 0.000000
vt 0.000000 0.000000
vt 0.000000 0.000000
vt 0.000000 0.000000
vt 0.000000 0.000000
vt 0.000000 0.000000
vt 0.000000 0.000000
vt 0.000000 0.000000
vt 0.000000 0.000000
vt 0.000000 0.000000
vt 0.000000 0.000000
vt 0.000000 0.000000
vt 0.000000 0.000000
vt 0.000000 0.000000
vt 0.000000 0.000000
vt 0.000000 0.000000
vt 0.000000 0.000000
vt 0.000000 0.000000
vt 0.000000 0.000000
vt 0.000000 0.000000
vt 0.000000 0.000000
vt 0.000000 0.000000
vt 0.000000 0.000000
vt 0.000000 0.000000
vt 0.000000 0.000000
vt 0.000000 0.000000
vt 0.000000 0.000000
vt 0.000000 0.000000
vt 0.000000 0.000000
vt 0.000000 0.000000
vt 0.000000 0.000000
vt 0.000000 0.000000
vt 0.000000 0.000000
vt 0.000000 0.000000
vt 0.000000 0.000000
vt 0.000000 0.000000
vt 0.000000 0.000000
vt 0.000000 0.000000
vt 0.000000 0.000000
vt 0.000000 0.000000
vt 0.000000 0.000000
vt 0.000000 0.000000
vt 0.000000 0.000000
vt 0.000000 0.000000
vt 0.000000 0.000000
vt 0.000000 0.000000
vt 0.000000 0.000000
vt 0.000000 0.000000
vt 0.000000 0.000000
vt 0.000000 0.000000
vt 0.000000 0.000000
vt 0.000000 0.000000
vt 0.000000 0.000000
vt 0.000000 0.000000
vt 0.000000 0.000000
vt 0.000000 0.000000
vt 0.000000 0.000000
vt 0.000000 0.000000
vt 0.000000 0.000000
vt 0.000000 0.000000
vt 0.000000 0.000000
vt 0.000000 0.000000
vt 0.000000 0.000000
vt 0.000000 0.000000
vt 0.000000 0.000000
vt 0.000000 0.000000
vt 0.000000 0.000000
vt 0.000000 0.000000
vt 0.000000 0.000000
vt 0.000000 0.000000
vt 0.000000 0.000000
vt 0.000000 0.000000
vt 0.000000 0.000000
vt 0.000000 0.000000
vt 0.000000 0.000000
vt 0.000000 0.000000
vt 0.000000 0.000000
vt 0.000000 0.000000
vt 0.000000 0.000000
vt 0.000000 0.000000
vt 0.000000 0.000000
vt 0.000000 0.000000
vt 0.000000 0.000000
vt 0.000000 0.000000
vt 0.000000 0.000000
vt 0.000000 0.000000
vt 0.000000 0.000000
vt 0.000000 0.000000
vt 0.000000 0.000000
vt 0.000000 0.000000
vt 0.000000 0.000000
vt 0.000000 0.000000
vt 0.000000 0.000000
vt 0.000000 0.000000
vt 0.000000 0.000000
vt 0.000000 0.000000
vt 0.000000 0.000000
vt 0.000000 0.000000
vt 0.000000 0.000000
vt 0.000000 0.000000
vt 0.000000 0.000000
vt 0.000000 0.000000
vt 0.000000 0.000000
vt 0.000000 0.000000
vt 0.000000 0.000000
vt 0.000000 0.000000
vt 0.000000 0.000000
vt 0.000000 0.000000
vt 0.000000 0.000000
vt 0.000000 0.000000
vt 0.000000 0.000000
vt 0.000000 0.000000
vt 0.000000 0.000000
vt 0.000000 0.000000
vt 0.000000 0.000000
vt 0.000000 0.000000
vt 0.000000 0.000000
vt 0.000000 0.000000
vt 0.000000 0.000000
vt 0.000000 0.000000
vt 0.000000 0.000000
vt 0.000000 0.000000
vt 0.000000 0.000000
vt 0.000000 0.000000
vt 0.000000 0.000000
vt 0.000000 0.000000
vt 0.000000 0.000000
vt 0.000000 0.000000
vt 0.000000 0.000000
vt 0.000000 0.000000
vt 0.000000 0.000000
vt 0.000000 0.000000
vt 0.000000 0.000000
vt 0.000000 0.000000
vt 0.000000 0.000000
vt 0.000000 0.000000
vt 0.000000 0.000000
vt 0.000000 0.000000
vt 0.000000 0.000000
vt 0.000000 0.000000
vt 0.000000 0.000000
vt 0.000000 0.000000
vt 0.000000 0.000000
vt 0.000000 0.000000
vt 0.000000 0.000000
vt 0.000000 0.000000
vt 0.000000 0.000000
vt 0.000000 0.000000
vt 0.000000 0.000000
vt 0.000000 0.000000
vt 0.000000 0.000000
vt 0.000000 0.000000
vt 0.000000 0.000000
vt 0.000000 0.000000
vt 0.000000 0.000000
vt 0.000000 0.000000
vt 0.000000 0.000000
vt 0.000000 0.000000
vt 0.000000 0.000000
vt 0.000000 0.000000
vt 0.000000 0.000000
vt 0.000000 0.000000
vt 0.000000 0.000000
vt 0.000000 0.000000
vt 0.000000 0.000000
vt 0.000000 0.000000
vt 0.000000 0.000000
vt 0.000000 0.000000
vt 0.000000 0.000000
vt 0.000000 0.000000
vt 0.000000 0.000000
vt 0.000000 0.000000
vt 0.000000 0.000000
vt 0.000000 0.000000
vt 0.000000 0.000000
vt 0.000000 0.000000
vt 0.000000 0.000000
vt 0.000000 0.000000
vt 0.000000 0.000000
vt 0.000000 0.000000
vt 0.000000 0.000000
vt 0.000000 0.000000
vt 0.000000 0.000000
vt 0.000000 0.000000
vt 0.000000 0.000000
vt 0.000000 0.000000
vt 0.000000 0.000000
vt 0.000000 0.000000
vt 0.000000 0.000000
vt 0.000000 0.000000
vt 0.000000 0.000000
vt 0.000000 0.000000
vt 0.000000 0.000000
vt 0.000000 0.000000
vt 0.000000 0.000000
vt 0.000000 0.000000
vt 0.000000 0.000000
vt 0.000000 0.000000
vt 0.000000 0.000000
vt 0.000000 0.000000
vt 0.000000 0.000000
vt 0.000000 0.000000
vt 0.000000 0.000000
vt 0.000000 0.000000
vt 0.000000 0.000000
vt 0.000000 0.000000
vt 0.000000 0.000000
vt 0.000000 0.000000
vt 0.000000 0.000000
vt 0.000000 0.000000
vt 0.000000 0.000000
vt 0.000000 0.000000
vt 0.000000 0.000000
vt 0.000000 0.000000
vt 0.000000 0.000000
vt 0.000000 0.000000
vt 0.000000 0.000000
vt 0.000000 0.000000
vt 0.000000 0.000000
vt 0.000000 0.000000
vt 0.000000 0.000000
vt 0.000000 0.000000
vt 0.000000 0.000000
vt 0.000000 0.000000
vt 0.000000 0.000000
vt 0.000000 0.000000
vt 0.000000 0.000000
vt 0.000000 0.000000
vt 0.000000 0.000000
vt 0.000000 0.000000
vt 0.000000 0.000000
vt 0.000000 0.000000
vt 0.000000 0.000000
vt 0.000000 0.000000
vt 0.000000 0.000000
vt 0.000000 0.000000
vt 0.000000 0.000000
vt 0.000000 0.000000
vt 0.000000 0.000000
vt 0.000000 0.000000
vt 0.000000 0.000000
vt 0.000000 0.000000
vt 0.000000 0.000000
vt 0.000000 0.000000
vt 0.000000 0.000000
vt 0.000000 0.000000
vt 0.000000 0.000000
vt 0.000000 0.000000
vt 0.000000 0.000000
vt 0.000000 0.000000
vt 0.000000 0.000000
vt 0.000000 0.000000
vt 0.000000 0.000000
vt 0.000000 0.000000
vt 0.000000 0.000000
vt 0.000000 0.000000
vt 0.000000 0.000000
vt 0.000000 0.000000
vt 0.000000 0.000000
vt 0.000000 0.000000
vt 0.000000 0.000000
vt 0.000000 0.000000
vt 0.000000 0.000000
vt 0.000000 0.000000
vt 0.000000 0.000000
vt 0.000000 0.000000
vt 0.000000 0.000000
vt 0.000000 0.000000
vt 0.000000 0.000000
vt 0.000000 0.000000
vt 0.000000 0.000000
vt 0.000000 0.000000
vt 0.000000 0.000000
vt 0.000000 0.000000
vt 0.000000 0.000000
vt 0.000000 0.000000
vt 0.000000 0.000000
vt 0.000000 0.000000
vt 0.000000 0.000000
vt 0.000000 0.000000
vt 0.000000 0.000000
vt 0.000000 0.000000
vt 0.000000 0.000000
vt 0.000000 0.000000
vt 0.000000 0.000000
vt 0.000000 0.000000
vt 0.000000 0.000000
vt 0.000000 0.000000
vt 0.000000 0.000000
vt 0.000000 0.000000
vt 0.000000 0.000000
vt 0.000000 0.000000
vt 0.000000 0.000000
vt 0.000000 0.000000
vt 0.000000 0.000000
vt 0.000000 0.000000
vt 0.000000 0.000000
vt 0.000000 0.000000
vt 0.000000 0.000000
vt 0.000000 0.000000
vt 0.000000 0.000000
vt 0.000000 0.000000
vt 0.000000 0.000000
vt 0.000000 0.000000
vt 0.000000 0.000000
vt 0.000000 0.000000
vt 0.000000 0.000000
vt 0.000000 0.000000
vt 0.000000 0.000000
vt 0.000000 0.000000
vt 0.000000 0.000000
vt 0.000000 0.000000
vt 0.000000 0.000000
vt 0.000000 0.000000
vt 0.000000 0.000000
vt 0.000000 0.000000
vt 0.000000 0.000000
vt 0.000000 0.000000
vt 0.000000 0.000000
vt 0.000000 0.000000
vt 0.000000 0.000000
vt 0.000000 0.000000
vt 0.000000 0.000000
vt 0.000000 0.000000
vt 0.000000 0.000000
vt 0.000000 0.000000
vt 0.000000 0.000000
vt 0.000000 0.000000
vt 0.000000 0.000000
vt 0.000000 0.000000
vt 0.000000 0.000000
vt 0.000000 0.000000
vt 0.000000 0.000000
vt 0.000000 0.000000
vt 0.000000 0.000000
vt 0.000000 0.000000
vt 0.000000 0.000000
vt 0.000000 0.000000
vt 0.000000 0.000000
vt 0.000000 0.000000
vt 0.000000 0.000000
vt 0.000000 0.000000
vt 0.000000 0.000000
vt 0.000000 0.000000
vt 0.000000 0.000000
vt 0.000000 0.000000
vt 0.000000 0.000000
vt 0.000000 0.000000
vt 0.000000 0.000000
vt 0.000000 0.000000
vt 0.000000 0.000000
vt 0.000000 0.000000
vt 0.000000 0.000000
vt 0.000000 0.000000
vt 0.000000 0.000000
vt 0.000000 0.000000
vt 0.000000 0.000000
vt 0.000000 0.000000
vt 0.000000 0.000000
vt 0.000000 0.000000
vt 0.000000 0.000000
vt 0.000000 0.000000
vt 0.000000 0.000000
vt 0.000000 0.000000
vt 0.000000 0.000000
vt 0.000000 0.000000
vt 0.000000 0.000000
vt 0.000000 0.000000
vt 0.000000 0.000000
vt 0.000000 0.000000
vt 0.000000 0.000000
vt 0.000000 0.000000
vt 0.000000 0.000000
vt 0.000000 0.000000
vt 0.000000 0.000000
vt 0.000000 0.000000
vt 0.000000 0.000000
vt 0.000000 0.000000
vt 0.000000 0.000000
vt 0.000000 0.000000
vt 0.000000 0.000000
vt 0.000000 0.000000
vt 0.000000 0.000000
vt 0.000000 0.000000
vt 0.000000 0.000000
vt 0.000000 0.000000
vt 0.000000 0.000000
vt 0.000000 0.000000
vt 0.000000 0.000000
vt 0.000000 0.000000
vt 0.000000 0.000000
vt 0.000000 0.000000
vt 0.000000 0.000000
vt 0.000000 0.000000
vt 0.000000 0.000000
vt 0.000000 0.000000
vt 0.000000 0.000000
vt 0.000000 0.000000
vt 0.000000 0.000000
vt 0.000000 0.000000
vt 0.000000 0.000000
vt 0.000000 0.000000
vt 0.000000 0.000000
vt 0.000000 0.000000
vt 0.000000 0.000000
vt 0.000000 0.000000
vt 0.000000 0.000000
vt 0.000000 0.000000
vt 0.000000 0.000000
vt 0.000000 0.000000
vt 0.000000 0.000000
vt 0.000000 0.000000
vt 0.000000 0.000000
vt 0.000000 0.000000
vt 0.000000 0.000000
vt 0.000000 0.000000
vt 0.000000 0.000000
vt 0.000000 0.000000
vt 0.000000 0.000000
vt 0.000000 0.000000
vt 0.000000 0.000000
vt 0.000000 0.000000
vt 0.000000 0.000000
vt 0.000000 0.000000
vt 0.000000 0.000000
vt 0.000000 0.000000
vt 0.000000 0.000000
vt 0.000000 0.000000
vt 0.000000 0.000000
vt 0.000000 0.000000
vt 0.000000 0.000000
vt 0.000000 0.000000
vt 0.000000 0.000000
vt 0.000000 0.000000
vt 0.000000 0.000000
vt 0.000000 0.000000
vt 0.000000 0.000000
vt 0.000000 0.000000
vt 0.000000 0.000000
vt 0.000000 0.000000
vt 0.000000 0.000000
vt 0.000000 0.000000
vt 0.000000 0.000000
vt 0.000000 0.000000
vt 0.000000 0.000000
vt 0.000000 0.000000
vt 0.000000 0.000000
vt 0.000000 0.000000
vt 0.000000 0.000000
vt 0.000000 0.000000
vt 0.000000 0.000000
vt 0.000000 0.000000
vt 0.000000 0.000000
vt 0.000000 0.000000
vt 0.000000 0.000000
vt 0.000000 0.000000
vt 0.000000 0.000000
vt 0.000000 0.000000
vt 0.000000 0.000000
vt 0.000000 0.000000
vt 0.000000 0.000000
vt 0.000000 0.000000
vt 0.000000 0.000000
vt 0.000000 0.000000
vt 0.000000 0.000000
vt 0.000000 0.000000
vt 0.000000 0.000000
vt 0.000000 0.000000
vt 0.000000 0.000000
vt 0.000000 0.000000
vt 0.000000 0.000000
vt 0.000000 0.000000
vt 0.000000 0.000000
vt 0.000000 0.000000
vt 0.000000 0.000000
vt 0.000000 0.000000
vt 0.000000 0.000000
vt 0.000000 0.000000
vt 0.000000 0.000000
vt 0.000000 0.000000
vt 0.000000 0.000000
vt 0.000000 0.000000
vt 0.000000 0.000000
vt 0.000000 0.000000
vt 0.000000 0.000000
vt 0.000000 0.000000
vt 0.000000 0.000000
vt 0.000000 0.000000
vt 0.000000 0.000000
vt 0.000000 0.000000
vt 0.000000 0.000000
vt 0.000000 0.000000
vt 0.000000 0.000000
vt 0.000000 0.000000
vt 0.000000 0.000000
vt 0.000000 0.000000
vt 0.000000 0.000000
vt 0.000000 0.000000
vt 0.000000 0.000000
vt 0.000000 0.000000
vt 0.000000 0.000000
vt 0.000000 0.000000
vt 0.000000 0.000000
vt 0.000000 0.000000
vt 0.000000 0.000000
vt 0.000000 0.000000
vt 0.000000 0.000000
vt 0.000000 0.000000
vt 0.000000 0.000000
vt 0.000000 0.000000
vt 0.000000 0.000000
vt 0.000000 0.000000
vt 0.000000 0.000000
vt 0.000000 0.000000
vt 0.000000 0.000000
vt 0.000000 0.000000
vt 0.000000 0.000000
vt 0.000000 0.000000
vt 0.000000 0.000000
vt 0.000000 0.000000
vt 0.000000 0.000000
vt 0.000000 0.000000
vt 0.000000 0.000000
vt 0.000000 0.000000
vt 0.000000 0.000000
vt 0.000000 0.000000
vt 0.000000 0.000000
vt 0.000000 0.000000
vt 0.000000 0.000000
vt 0.000000 0.000000
vt 0.000000 0.000000
vt 0.000000 0.000000
vt 0.000000 0.000000
vt 0.000000 0.000000
vt 0.000000 0.000000
vt 0.000000 0.000000
vt 0.000000 0.000000
vt 0.000000 0.000000
vt 0.000000 0.000000
vt 0.000000 0.000000
vt 0.000000 0.000000
vt 0.000000 0.000000
vt 0.000000 0.000000
vt 0.000000 0.000000
vt 0.000000 0.000000
vt 0.000000 0.000000
vt 0.000000 0.000000
vt 0.000000 0.000000
vt 0.000000 0.000000
vt 0.000000 0.000000
vt 0.000000 0.000000
vt 0.000000 0.000000
vt 0.000000 0.000000
vt 0.000000 0.000000
vt 0.000000 0.000000
vt 0.000000 0.000000
vt 0.000000 0.000000
vt 0.000000 0.000000
vt 0.000000 0.000000
vt 0.000000 0.000000
vt 0.000000 0.000000
vt 0.000000 0.000000
vt 0.000000 0.000000
vt 0.000000 0.000000
vt 0.000000 0.000000
vt 0.000000 0.000000
vt 0.000000 0.000000
vt 0.000000 0.000000
vt 0.000000 0.000000
vt 0.000000 0.000000
vt 0.000000 0.000000
vt 0.000000 0.000000
vt 0.000000 0.000000
vt 0.000000 0.000000
vt 0.000000 0.000000
vt 0.000000 0.000000
vt 0.000000 0.000000
vt 0.000000 0.000000
vt 0.000000 0.000000
vt 0.000000 0.000000
vt 0.000000 0.000000
vt 0.000000 0.000000
vt 0.000000 0.000000
vt 0.000000 0.000000
vt 0.000000 0.000000
vt 0.000000 0.000000
vt 0.000000 0.000000
vt 0.000000 0.000000
vt 0.000000 0.000000
vt 0.000000 0.000000
vt 0.000000 0.000000
vt 0.000000 0.000000
vt 0.000000 0.000000
vt 0.000000 0.000000
vt 0.000000 0.000000
vt 0.000000 0.000000
vt 0.000000 0.000000
vt 0.000000 0.000000
vt 0.000000 0.000000
vt 0.000000 0.000000
vt 0.000000 0.000000
vt 0.000000 0.000000
vt 0.000000 0.000000
vt 0.000000 0.000000
vt 0.000000 0.000000
vt 0.000000 0.000000
vt 0.000000 0.000000
vt 0.000000 0.000000
vt 0.000000 0.000000
vt 0.000000 0.000000
vt 0.000000 0.000000
vt 0.000000 0.000000
vt 0.000000 0.000000
vt 0.000000 0.000000
vt 0.000000 0.000000
vt 0.000000 0.000000
vt 0.000000 0.000000
vt 0.000000 0.000000
vt 0.000000 0.000000
vt 0.000000 0.000000
vt 0.000000 0.000000
vt 0.000000 0.000000
vt 0.000000 0.000000
vt 0.000000 0.000000
vt 0.000000 0.000000
vt 0.000000 0.000000
vt 0.000000 0.000000
vt 0.000000 0.000000
vt 0.000000 0.000000
vt 0.000000 0.000000
vt 0.000000 0.000000
vt 0.000000 0.000000
vt 0.000000 0.000000
vt 0.000000 0.000000
vt 0.000000 0.000000
vt 0.000000 0.000000
vt 0.000000 0.000000
vt 0.000000 0.000000
vt 0.000000 0.000000
vt 0.000000 0.000000
vt 0.000000 0.000000
vt 0.000000 0.000000
vt 0.000000 0.000000
vt 0.000000 0.000000
vt 0.000000 0.000000
vt 0.000000 0.000000
vt 0.000000 0.000000
vt 0.000000 0.000000
vt 0.000000 0.000000
vt 0.000000 0.000000
vt 0.000000 0.000000
vt 0.000000 0.000000
vt 0.000000 0.000000
vt 0.000000 0.000000
vt 0.000000 0.000000
vt 0.000000 0.000000
vt 0.000000 0.000000
vt 0.000000 0.000000
vt 0.000000 0.000000
vt 0.000000 0.000000
vt 0.000000 0.000000
vt 0.000000 0.000000
vt 0.000000 0.000000
vt 0.000000 0.000000
vt 0.000000 0.000000
vt 0.000000 0.000000
vt 0.000000 0.000000
vt 0.000000 0.000000
vt 0.000000 0.000000
vt 0.000000 0.000000
vt 0.000000 0.000000
vt 0.000000 0.000000
vt 0.000000 0.000000
vt 0.000000 0.000000
vt 0.000000 0.000000
vt 0.000000 0.000000
vt 0.000000 0.000000
vt 0.000000 0.000000
vt 0.000000 0.000000
vt 0.000000 0.000000
vt 0.000000 0.000000
vt 0.000000 0.000000
vt 0.000000 0.000000
vt 0.000000 0.000000
vt 0.000000 0.000000
vt 0.000000 0.000000
vt 0.000000 0.000000
vt 0.000000 0.000000
vt 0.000000 0.000000
vt 0.000000 0.000000
vt 0.000000 0.000000
vt 0.000000 0.000000
vt 0.000000 0.000000
vt 0.000000 0.000000
vt 0.000000 0.000000
vt 0.000000 0.000000
vt 0.000000 0.000000
vt 0.000000 0.000000
vt 0.000000 0.000000
vt 0.000000 0.000000
vt 0.000000 0.000000
vt 0.000000 0.000000
vt 0.000000 0.000000
vt 0.000000 0.000000
vt 0.000000 0.000000
vt 0.000000 0.000000
vt 0.000000 0.000000
vt 0.000000 0.000000
vt 0.000000 0.000000
vt 0.000000 0.000000
vt 0.000000 0.000000
vt 0.000000 0.000000
vt 0.000000 0.000000
vt 0.000000 0.000000
vt 0.000000 0.000000
vt 0.000000 0.000000
vt 0.000000 0.000000
vt 0.000000 0.000000
vt 0.000000 0.000000
vt 0.000000 0.000000
vt 0.000000 0.000000
vt 0.000000 0.000000
vt 0.000000 0.000000
vt 0.000000 0.000000
vt 0.000000 0.000000
vt 0.000000 0.000000
vt 0.000000 0.000000
vt 0.000000 0.000000
vt 0.000000 0.000000
vt 0.000000 0.000000
vt 0.000000 0.000000
vt 0.000000 0.000000
vt 0.000000 0.000000
vt 0.000000 0.000000
vt 0.000000 0.000000
vt 0.000000 0.000000
vt 0.000000 0.000000
vt 0.000000 0.000000
vt 0.000000 0.000000
vt 0.000000 0.000000
vt 0.000000 0.000000
vt 0.000000 0.000000
vt 0.000000 0.000000
vt 0.000000 0.000000
vt 0.000000 0.000000
vt 0.000000 0.000000
vt 0.000000 0.000000
vt 0.000000 0.000000
vt 0.000000 0.000000
vt 0.000000 0.000000
vt 0.000000 0.000000
vt 0.000000 0.000000
vt 0.000000 0.000000
vt 0.000000 0.000000
vt 0.000000 0.000000
vt 0.000000 0.000000
vt 0.000000 0.000000
vt 0.000000 0.000000
vt 0.000000 0.000000
vt 0.000000 0.000000
vt 0.000000 0.000000
vt 0.000000 0.000000
vt 0.000000 0.000000
vt 0.000000 0.000000
vt 0.000000 0.000000
vt 0.000000 0.000000
vt 0.000000 0.000000
vt 0.000000 0.000000
vt 0.000000 0.000000
vt 0.000000 0.000000
vt 0.000000 0.000000
vt 0.000000 0.000000
vt 0.000000 0.000000
vt 0.000000 0.000000
vt 0.000000 0.000000
vt 0.000000 0.000000
vt 0.000000 0.000000
vt 0.000000 0.000000
vt 0.000000 0.000000
vt 0.000000 0.000000
vt 0.000000 0.000000
vt 0.000000 0.000000
vt 0.000000 0.000000
vt 0.000000 0.000000
vt 0.000000 0.000000
vt 0.000000 0.000000
vt 0.000000 0.000000
vt 0.000000 0.000000
vt 0.000000 0.000000
vt 0.000000 0.000000
vt 0.000000 0.000000
vt 0.000000 0.000000
vt 0.000000 0.000000
vt 0.000000 0.000000
vt 0.000000 0.000000
vt 0.000000 0.000000
vt 0.000000 0.000000
vt 0.000000 0.000000
vt 0.000000 0.000000
vt 0.000000 0.000000
vt 0.000000 0.000000
vt 0.000000 0.000000
vt 0.000000 0.000000
vt 0.000000 0.000000
vt 0.000000 0.000000
vt 0.000000 0.000000
vt 0.000000 0.000000
vt 0.000000 0.000000
vt 0.000000 0.000000
vt 0.000000 0.000000
vt 0.000000 0.000000
vt 0.000000 0.000000
vt 0.000000 0.000000
vt 0.000000 0.000000
vt 0.000000 0.000000
vt 0.000000 0.000000
vt 0.000000 0.000000
vt 0.000000 0.000000
vt 0.000000 0.000000
vt 0.000000 0.000000
vt 0.000000 0.000000
vt 0.000000 0.000000
vt 0.000000 0.000000
vt 0.000000 0.000000
vt 0.000000 0.000000
vt 0.000000 0.000000
vt 0.000000 0.000000
vt 0.000000 0.000000
vt 0.000000 0.000000
vt 0.000000 0.000000
vt 0.000000 0.000000
vt 0.000000 0.000000
vt 0.000000 0.000000
vt 0.000000 0.000000
vt 0.000000 0.000000
vt 0.000000 0.000000
vt 0.000000 0.000000
vt 0.000000 0.000000
vt 0.000000 0.000000
vt 0.000000 0.000000
vt 0.000000 0.000000
vt 0.000000 0.000000
vt 0.000000 0.000000
vt 0.000000 0.000000
vt 0.000000 0.000000
vt 0.000000 0.000000
vt 0.000000 0.000000
vt 0.000000 0.000000
vt 0.000000 0.000000
vt 0.000000 0.000000
vt 0.000000 0.000000
vt 0.000000 0.000000
vt 0.000000 0.000000
vt 0.000000 0.000000
vt 0.000000 0.000000
vt 0.000000 0.000000
vt 0.000000 0.000000
vt 0.000000 0.000000
vt 0.000000 0.000000
vt 0.000000 0.000000
vt 0.000000 0.000000
vt 0.000000 0.000000
vt 0.000000 0.000000
vt 0.000000 0.000000
vt 0.000000 0.000000
vt 0.000000 0.000000
vt 0.000000 0.000000
vt 0.000000 0.000000
vt 0.000000 0.000000
vt 0.000000 0.000000
vt 0.000000 0.000000
vt 0.000000 0.000000
vt 0.000000 0.000000
vt 0.000000 0.000000
vt 0.000000 0.000000
vt 0.000000 0.000000
vt 0.000000 0.000000
vt 0.000000 0.000000
vt 0.000000 0.000000
vt 0.000000 0.000000
vt 0.000000 0.000000
vt 0.000000 0.000000
vt 0.000000 0.000000
vt 0.000000 0.000000
vt 0.000000 0.000000
vt 0.000000 0.000000
vt 0.000000 0.000000
vt 0.000000 0.000000
vt 0.000000 0.000000
vt 0.000000 0.000000
vt 0.000000 0.000000
vt 0.000000 0.000000
vt 0.000000 0.000000
vt 0.000000 0.000000
vt 0.000000 0.000000
vt 0.000000 0.000000
vt 0.000000 0.000000
vt 0.000000 0.000000
vt 0.000000 0.000000
vt 0.000000 0.000000
vt 0.000000 0.000000
vt 0.000000 0.000000
vt 0.000000 0.000000
vt 0.000000 0.000000
vt 0.000000 0.000000
vt 0.000000 0.000000
vt 0.000000 0.000000
vt 0.000000 0.000000
vt 0.000000 0.000000
vt 0.000000 0.000000
vt 0.000000 0.000000
vt 0.000000 0.000000
vt 0.000000 0.000000
vt 0.000000 0.000000
vt 0.000000 0.000000
vt 0.000000 0.000000
vt 0.000000 0.000000
vt 0.000000 0.000000
vt 0.000000 0.000000
vt 0.000000 0.000000
vt 0.000000 0.000000
vt 0.000000 0.000000
vt 0.000000 0.000000
vt 0.000000 0.000000
vt 0.000000 0.000000
vt 0.000000 0.000000
vt 0.000000 0.000000
vt 0.000000 0.000000
vt 0.000000 0.000000
vt 0.000000 0.000000
vt 0.000000 0.000000
vt 0.000000 0.000000
vt 0.000000 0.000000
vt 0.000000 0.000000
vt 0.000000 0.000000
vt 0.000000 0.000000
vt 0.000000 0.000000
vt 0.000000 0.000000
vt 0.000000 0.000000
vt 0.000000 0.000000
vt 0.000000 0.000000
vt 0.000000 0.000000
vt 0.000000 0.000000
vt 0.000000 0.000000
vt 0.000000 0.000000
vt 0.000000 0.000000
vt 0.000000 0.000000
vt 0.000000 0.000000
vt 0.000000 0.000000
vt 0.000000 0.000000
vt 0.000000 0.000000
vt 0.000000 0.000000
vt 0.000000 0.000000
vt 0.000000 0.000000
vt 0.000000 0.000000
vt 0.000000 0.000000
vt 0.000000 0.000000
vt 0.000000 0.000000
vt 0.000000 0.000000
vt 0.000000 0.000000
vt 0.000000 0.000000
vt 0.000000 0.000000
vt 0.000000 0.000000
vt 0.000000 0.000000
vt 0.000000 0.000000
vt 0.000000 0.000000
vt 0.000000 0.000000
vt 0.000000 0.000000
vt 0.000000 0.000000
vt 0.000000 0.000000
vt 0.000000 0.000000
vt 0.000000 0.000000
vt 0.000000 0.000000
vt 0.000000 0.000000
vt 0.000000 0.000000
vt 0.000000 0.000000
vt 0.000000 0.000000
vt 0.000000 0.000000
vt 0.000000 0.000000
vt 0.000000 0.000000
vt 0.000000 0.000000
vt 0.000000 0.000000
vt 0.000000 0.000000
vt 0.000000 0.000000
vt 0.000000 0.000000
vt 0.000000 0.000000
vt 0.000000 0.000000
vt 0.000000 0.000000
vt 0.000000 0.000000
vt 0.000000 0.000000
vt 0.000000 0.000000
vt 0.000000 0.000000
vt 0.000000 0.000000
vt 0.000000 0.000000
vt 0.000000 0.000000
vt 0.000000 0.000000
vt 0.000000 0.000000
vt 0.000000 0.000000
vt 0.000000 0.000000
vt 0.000000 0.000000
vt 0.000000 0.000000
vt 0.000000 0.000000
vt 0.000000 0.000000
vt 0.000000 0.000000
vt 0.000000 0.000000
vt 0.000000 0.000000
vt 0.000000 0.000000
vt 0.000000 0.000000
vt 0.000000 0.000000
vt 0.000000 0.000000
vt 0.000000 0.000000
vt 0.000000 0.000000
vt 0.000000 0.000000
vt 0.000000 0.000000
vt 0.000000 0.000000
vt 0.000000 0.000000
vt 0.000000 0.000000
vt 0.000000 0.000000
vt 0.000000 0.000000
vt 0.000000 0.000000
vt 0.000000 0.000000
vt 0.000000 0.000000
vt 0.000000 0.000000
vt 0.000000 0.000000
vt 0.000000 0.000000
vt 0.000000 0.000000
vt 0.000000 0.000000
vt 0.000000 0.000000
vt 0.000000 0.000000
vt 0.000000 0.000000
vt 0.000000 0.000000
vt 0.000000 0.000000
vt 0.000000 0.000000
vt 0.000000 0.000000
vt 0.000000 0.000000
vt 0.000000 0.000000
vt 0.000000 0.000000
vt 0.000000 0.000000
vt 0.000000 0.000000
vt 0.000000 0.000000
vt 0.000000 0.000000
vt 0.000000 0.000000
vt 0.000000 0.000000
vt 0.000000 0.000000
vt 0.000000 0.000000
vt 0.000000 0.000000
vt 0.000000 0.000000
vt 0.000000 0.000000
vt 0.000000 0.000000
vt 0.000000 0.000000
vt 0.000000 0.000000
vt 0.000000 0.000000
vt 0.000000 0.000000
vt 0.000000 0.000000
vt 0.000000 0.000000
vt 0.000000 0.000000
vt 0.000000 0.000000
vt 0.000000 0.000000
vt 0.000000 0.000000
vt 0.000000 0.000000
vt 0.000000 0.000000
vt 0.000000 0.000000
vt 0.000000 0.000000
vt 0.000000 0.000000
vt 0.000000 0.000000
vt 0.000000 0.000000
vt 0.000000 0.000000
vt 0.000000 0.000000
vt 0.000000 0.000000
vt 0.000000 0.000000
vt 0.000000 0.000000
vt 0.000000 0.000000
vt 0.000000 0.000000
vt 0.000000 0.000000
vt 0.000000 0.000000
vt 0.000000 0.000000
vt 0.000000 0.000000
vt 0.000000 0.000000
vt 0.000000 0.000000
vt 0.000000 0.000000
vt 0.000000 0.000000
vt 0.000000 0.000000
vt 0.000000 0.000000
vt 0.000000 0.000000
vt 0.000000 0.000000
vt 0.000000 0.000000
vt 0.000000 0.000000
vt 0.000000 0.000000
vt 0.000000 0.000000
vt 0.000000 0.000000
vt 0.000000 0.000000
vt 0.000000 0.000000
vt 0.000000 0.000000
vt 0.000000 0.000000
vt 0.000000 0.000000
vt 0.000000 0.000000
vt 0.000000 0.000000
vt 0.000000 0.000000
vt 0.000000 0.000000
vt 0.000000 0.000000
vt 0.000000 0.000000
vt 0.000000 0.000000
vt 0.000000 0.000000
vt 0.000000 0.000000
vt 0.000000 0.000000
vt 0.000000 0.000000
vt 0.000000 0.000000
vt 0.000000 0.000000
vt 0.000000 0.000000
vt 0.000000 0.000000
vt 0.000000 0.000000
vt 0.000000 0.000000
vt 0.000000 0.000000
vt 0.000000 0.000000
vt 0.000000 0.000000
vt 0.000000 0.000000
vt 0.000000 0.000000
vt 0.000000 0.000000
vt 0.000000 0.000000
vt 0.000000 0.000000
vt 0.000000 0.000000
vt 0.000000 0.000000
vt 0.000000 0.000000
vt 0.000000 0.000000
vt 0.000000 0.000000
vt 0.000000 0.000000
vt 0.000000 0.000000
vt 0.000000 0.000000
vt 0.000000 0.000000
vt 0.000000 0.000000
vt 0.000000 0.000000
vt 0.000000 0.000000
vt 0.000000 0.000000
vt 0.000000 0.000000
vt 0.000000 0.000000
vt 0.000000 0.000000
vt 0.000000 0.000000
vt 0.000000 0.000000
vt 0.000000 0.000000
vt 0.000000 0.000000
vt 0.000000 0.000000
vt 0.000000 0.000000
vt 0.000000 0.000000
vt 0.000000 0.000000
vt 0.000000 0.000000
vt 0.000000 0.000000
vt 0.000000 0.000000
vt 0.000000 0.000000
vt 0.000000 0.000000
vt 0.000000 0.000000
vt 0.000000 0.000000
vt 0.000000 0.000000
vt 0.000000 0.000000
vt 0.000000 0.000000
vt 0.000000 0.000000
vt 0.000000 0.000000
vt 0.000000 0.000000
vt 0.000000 0.000000
vt 0.000000 0.000000
vt 0.000000 0.000000
vt 0.000000 0.000000
vt 0.000000 0.000000
vt 0.000000 0.000000
vt 0.000000 0.000000
vt 0.000000 0.000000
vt 0.000000 0.000000
vt 0.000000 0.000000
vt 0.000000 0.000000
vt 0.000000 0.000000
vt 0.000000 0.000000
vt 0.000000 0.000000
vt 0.000000 0.000000
vt 0.000000 0.000000
vt 0.000000 0.000000
vt 0.000000 0.000000
vt 0.000000 0.000000
vt 0.000000 0.000000
vt 0.000000 0.000000
vt 0.000000 0.000000
vt 0.000000 0.000000
vt 0.000000 0.000000
vt 0.000000 0.000000
vt 0.000000 0.000000
vt 0.000000 0.000000
vt 0.000000 0.000000
vt 0.000000 0.000000
vt 0.000000 0.000000
vt 0.000000 0.000000
vt 0.000000 0.000000
vt 0.000000 0.000000
vt 0.000000 0.000000
vt 0.000000 0.000000
vt 0.000000 0.000000
vt 0.000000 0.000000
vt 0.000000 0.000000
vt 0.000000 0.000000
vt 0.000000 0.000000
vt 0.000000 0.000000
vt 0.000000 0.000000
vt 0.000000 0.000000
vt 0.000000 0.000000
vt 0.000000 0.000000
vt 0.000000 0.000000
vt 0.000000 0.000000
vt 0.000000 0.000000
vt 0.000000 0.000000
vt 0.000000 0.000000
vt 0.000000 0.000000
vt 0.000000 0.000000
vt 0.000000 0.000000
vt 0.000000 0.000000
vt 0.000000 0.000000
vt 0.000000 0.000000
vt 0.000000 0.000000
vt 0.000000 0.000000
vt 0.000000 0.000000
vt 0.000000 0.000000
vt 0.000000 0.000000
vt 0.000000 0.000000
vt 0.000000 0.000000
vt 0.000000 0.000000
vt 0.000000 0.000000
vt 0.000000 0.000000
vt 0.000000 0.000000
vt 0.000000 0.000000
vt 0.000000 0.000000
vt 0.000000 0.000000
vt 0.000000 0.000000
vt 0.000000 0.000000
vt 0.000000 0.000000
vt 0.000000 0.000000
vt 0.000000 0.000000
vt 0.000000 0.000000
vt 0.000000 0.000000
vt 0.000000 0.000000
vt 0.000000 0.000000
vt 0.000000 0.000000
vt 0.000000 0.000000
vt 0.000000 0.000000
vt 0.000000 0.000000
vt 0.000000 0.000000
vt 0.000000 0.000000
vt 0.000000 0.000000
vt 0.000000 0.000000
vt 0.000000 0.000000
vt 0.000000 0.000000
vt 0.000000 0.000000
vt 0.000000 0.000000
vt 0.000000 0.000000
vt 0.000000 0.000000
vt 0.000000 0.000000
vt 0.000000 0.000000
vt 0.000000 0.000000
vt 0.000000 0.000000
vt 0.000000 0.000000
vt 0.000000 0.000000
vt 0.000000 0.000000
vt 0.000000 0.000000
vt 0.000000 0.000000
vt 0.000000 0.000000
vt 0.000000 0.000000
vt 0.000000 0.000000
vt 0.000000 0.000000
vt 0.000000 0.000000
vt 0.000000 0.000000
vt 0.000000 0.000000
vt 0.000000 0.000000
vt 0.000000 0.000000
vt 0.000000 0.000000
vt 0.000000 0.000000
vt 0.000000 0.000000
vt 0.000000 0.000000
vt 0.000000 0.000000
vt 0.000000 0.000000
vt 0.000000 0.000000
vt 0.000000 0.000000
vt 0.000000 0.000000
vt 0.000000 0.000000
vt 0.000000 0.000000
vt 0.000000 0.000000
vt 0.000000 0.000000
vt 0.000000 0.000000
vt 0.000000 0.000000
vt 0.000000 0.000000
vt 0.000000 0.000000
vt 0.000000 0.000000
vt 0.000000 0.000000
vt 0.000000 0.000000
vt 0.000000 0.000000
vt 0.000000 0.000000
vt 0.000000 0.000000
vt 0.000000 0.000000
vt 0.000000 0.000000
vt 0.000000 0.000000
vt 0.000000 0.000000
vt 0.000000 0.000000
vt 0.000000 0.000000
vt 0.000000 0.000000
vt 0.000000 0.000000
vt 0.000000 0.000000
vt 0.000000 0.000000
vt 0.000000 0.000000
vt 0.000000 0.000000
vt 0.000000 0.000000
vt 0.000000 0.000000
vt 0.000000 0.000000
vt 0.000000 0.000000
vt 0.000000 0.000000
vt 0.000000 0.000000
vt 0.000000 0.000000
vt 0.000000 0.000000
vt 0.000000 0.000000
vt 0.000000 0.000000
vt 0.000000 0.000000
vt 0.000000 0.000000
vt 0.000000 0.000000
vt 0.000000 0.000000
vt 0.000000 0.000000
vt 0.000000 0.000000
vt 0.000000 0.000000
vt 0.000000 0.000000
vt 0.000000 0.000000
vt 0.000000 0.000000
vt 0.000000 0.000000
vt 0.000000 0.000000
vt 0.000000 0.000000
vt 0.000000 0.000000
vt 0.000000 0.000000
vt 0.000000 0.000000
vt 0.000000 0.000000
vt 0.000000 0.000000
vt 0.000000 0.000000
vt 0.000000 0.000000
vt 0.000000 0.000000
vt 0.000000 0.000000
vt 0.000000 0.000000
vt 0.000000 0.000000
vt 0.000000 0.000000
vt 0.000000 0.000000
vt 0.000000 0.000000
vt 0.000000 0.000000
vt 0.000000 0.000000
vt 0.000000 0.000000
vt 0.000000 0.000000
vt 0.000000 0.000000
vt 0.000000 0.000000
vt 0.000000 0.000000
vt 0.000000 0.000000
vt 0.000000 0.000000
vt 0.000000 0.000000
vt 0.000000 0.000000
vt 0.000000 0.000000
vt 0.000000 0.000000
vt 0.000000 0.000000
vt 0.000000 0.000000
vt 0.000000 0.000000
vt 0.000000 0.000000
vt 0.000000 0.000000
vt 0.000000 0.000000
vt 0.000000 0.000000
vt 0.000000 0.000000
vt 0.000000 0.000000
vt 0.000000 0.000000
vt 0.000000 0.000000
vt 0.000000 0.000000
vt 0.000000 0.000000
vt 0.000000 0.000000
vt 0.000000 0.000000
vt 0.000000 0.000000
vt 0.000000 0.000000
vt 0.000000 0.000000
vt 0.000000 0.000000
vt 0.000000 0.000000
vt 0.000000 0.000000
vt 0.000000 0.000000
vt 0.000000 0.000000
vt 0.000000 0.000000
vt 0.000000 0.000000
vt 0.000000 0.000000
vt 0.000000 0.000000
vt 0.000000 0.000000
vt 0.000000 0.000000
vt 0.000000 0.000000
vt 0.000000 0.000000
vt 0.000000 0.000000
vt 0.000000 0.000000
vt 0.000000 0.000000
vt 0.000000 0.000000
vt 0.000000 0.000000
vt 0.000000 0.000000
vt 0.000000 0.000000
vt 0.000000 0.000000
vt 0.000000 0.000000
vt 0.000000 0.000000
vt 0.000000 0.000000
vt 0.000000 0.000000
vt 0.000000 0.000000
vt 0.000000 0.000000
vt 0.000000 0.000000
vt 0.000000 0.000000
vt 0.000000 0.000000
vt 0.000000 0.000000
vt 0.000000 0.000000
vt 0.000000 0.000000
vt 0.000000 0.000000
vt 0.000000 0.000000
vt 0.000000 0.000000
vt 0.000000 0.000000
vt 0.000000 0.000000
vt 0.000000 0.000000
vt 0.000000 0.000000
vt 0.000000 0.000000
vt 0.000000 0.000000
vt 0.000000 0.000000
vt 0.000000 0.000000
vt 0.000000 0.000000
vt 0.000000 0.000000
vt 0.000000 0.000000
vt 0.000000 0.000000
vt 0.000000 0.000000
vt 0.000000 0.000000
vt 0.000000 0.000000
vt 0.000000 0.000000
vt 0.000000 0.000000
vt 0.000000 0.000000
vt 0.000000 0.000000
vt 0.000000 0.000000
vt 0.000000 0.000000
vt 0.000000 0.000000
vt 0.000000 0.000000
vt 0.000000 0.000000
vt 0.000000 0.000000
vt 0.000000 0.000000
vt 0.000000 0.000000
vt 0.000000 0.000000
vt 0.000000 0.000000
vt 0.000000 0.000000
vt 0.000000 0.000000
vt 0.000000 0.000000
vt 0.000000 0.000000
vt 0.000000 0.000000
vt 0.000000 0.000000
vt 0.000000 0.000000
vt 0.000000 0.000000
vt 0.000000 0.000000
vt 0.000000 0.000000
vt 0.000000 0.000000
vt 0.000000 0.000000
vt 0.000000 0.000000
vt 0.000000 0.000000
vt 0.000000 0.000000
vt 0.000000 0.000000
vt 0.000000 0.000000
vt 0.000000 0.000000
vt 0.000000 0.000000
vt 0.000000 0.000000
vt 0.000000 0.000000
vt 0.000000 0.000000
vt 0.000000 0.000000
vt 0.000000 0.000000
vt 0.000000 0.000000
vt 0.000000 0.000000
vt 0.000000 0.000000
vt 0.000000 0.000000
vt 0.000000 0.000000
vt 0.000000 0.000000
vt 0.000000 0.000000
vt 0.000000 0.000000
vt 0.000000 0.000000
vt 0.000000 0.000000
vt 0.000000 0.000000
vt 0.000000 0.000000
vt 0.000000 0.000000
vt 0.000000 0.000000
vt 0.000000 0.000000
vt 0.000000 0.000000
vt 0.000000 0.000000
vt 0.000000 0.000000
vt 0.000000 0.000000
vt 0.000000 0.000000
vt 0.000000 0.000000
vt 0.000000 0.000000
vt 0.000000 0.000000
vt 0.000000 0.000000
vt 0.000000 0.000000
vt 0.000000 0.000000
vt 0.000000 0.000000
vt 0.000000 0.000000
vt 0.000000 0.000000
vt 0.000000 0.000000
vt 0.000000 0.000000
vt 0.000000 0.000000
vt 0.000000 0.000000
vt 0.000000 0.000000
vt 0.000000 0.000000
vt 0.000000 0.000000
vt 0.000000 0.000000
vt 0.000000 0.000000
vt 0.000000 0.000000
vt 0.000000 0.000000
vt 0.000000 0.000000
vt 0.000000 0.000000
vt 0.000000 0.000000
vt 0.000000 0.000000
vt 0.000000 0.000000
vt 0.000000 0.000000
vt 0.000000 0.000000
vt 0.000000 0.000000
vt 0.000000 0.000000
vt 0.000000 0.000000
vt 0.000000 0.000000
vt 0.000000 0.000000
vt 0.000000 0.000000
vt 0.000000 0.000000
vt 0.000000 0.000000
vt 0.000000 0.000000
vt 0.000000 0.000000
vt 0.000000 0.000000
vt 0.000000 0.000000
vt 0.000000 0.000000
vt 0.000000 0.000000
vt 0.000000 0.000000
vt 0.000000 0.000000
vt 0.000000 0.000000
vt 0.000000 0.000000
vt 0.000000 0.000000
vt 0.000000 0.000000
vt 0.000000 0.000000
vt 0.000000 0.000000
vt 0.000000 0.000000
vt 0.000000 0.000000
vt 0.000000 0.000000
vt 0.000000 0.000000
vt 0.000000 0.000000
vt 0.000000 0.000000
vt 0.000000 0.000000
vt 0.000000 0.000000
vt 0.000000 0.000000
vt 0.000000 0.000000
vt 0.000000 0.000000
vt 0.000000 0.000000
vt 0.000000 0.000000
vt 0.000000 0.000000
vt 0.000000 0.000000
vt 0.000000 0.000000
vt 0.000000 0.000000
vt 0.000000 0.000000
vt 0.000000 0.000000
vt 0.000000 0.000000
vt 0.000000 0.000000
vt 0.000000 0.000000
vt 0.000000 0.000000
vt 0.000000 0.000000
vt 0.000000 0.000000
vt 0.000000 0.000000
vt 0.000000 0.000000
vt 0.000000 0.000000
vt 0.000000 0.000000
vt 0.000000 0.000000
vt 0.000000 0.000000
vt 0.000000 0.000000
vt 0.000000 0.000000
vt 0.000000 0.000000
vt 0.000000 0.000000
vt 0.000000 0.000000
vt 0.000000 0.000000
vt 0.000000 0.000000
vt 0.000000 0.000000
vt 0.000000 0.000000
vt 0.000000 0.000000
vt 0.000000 0.000000
vt 0.000000 0.000000
vt 0.000000 0.000000
vt 0.000000 0.000000
vt 0.000000 0.000000
vt 0.000000 0.000000
vt 0.000000 0.000000
vt 0.000000 0.000000
vt 0.000000 0.000000
vt 0.000000 0.000000
vt 0.000000 0.000000
vt 0.000000 0.000000
vt 0.000000 0.000000
vt 0.000000 0.000000
vt 0.000000 0.000000
vt 0.000000 0.000000
vt 0.000000 0.000000
vt 0.000000 0.000000
vt 0.000000 0.000000
vt 0.000000 0.000000
vt 0.000000 0.000000
vt 0.000000 0.000000
vt 0.000000 0.000000
vt 0.000000 0.000000
vt 0.000000 0.000000
vt 0.000000 0.000000
vt 0.000000 0.000000
vt 0.000000 0.000000
vt 0.000000 0.000000
vt 0.000000 0.000000
vt 0.000000 0.000000
vt 0.000000 0.000000
vt 0.000000 0.000000
vt 0.000000 0.000000
vt 0.000000 0.000000
vt 0.000000 0.000000
vt 0.000000 0.000000
vt 0.000000 0.000000
vt 0.000000 0.000000
vt 0.000000 0.000000
vt 0.000000 0.000000
vt 0.000000 0.000000
vt 0.000000 0.000000
vt 0.000000 0.000000
vt 0.000000 0.000000
vt 0.000000 0.000000
vt 0.000000 0.000000
vt 0.000000 0.000000
vt 0.000000 0.000000
vt 0.000000 0.000000
vt 0.000000 0.000000
vt 0.000000 0.000000
vt 0.000000 0.000000
vt 0.000000 0.000000
vt 0.000000 0.000000
vt 0.000000 0.000000
vt 0.000000 0.000000
vt 0.000000 0.000000
vt 0.000000 0.000000
vt 0.000000 0.000000
vt 0.000000 0.000000
vt 0.000000 0.000000
vt 0.000000 0.000000
vt 0.000000 0.000000
vt 0.000000 0.000000
vt 0.000000 0.000000
vt 0.000000 0.000000
vt 0.000000 0.000000
vt 0.000000 0.000000
vt 0.000000 0.000000
vt 0.000000 0.000000
vt 0.000000 0.000000
vt 0.000000 0.000000
vt 0.000000 0.000000
vt 0.000000 0.000000
vt 0.000000 0.000000
vt 0.000000 0.000000
vt 0.000000 0.000000
vt 0.000000 0.000000
vt 0.000000 0.000000
vt 0.000000 0.000000
vt 0.000000 0.000000
vt 0.000000 0.000000
vt 0.000000 0.000000
vt 0.000000 0.000000
vt 0.000000 0.000000
vt 0.000000 0.000000
vt 0.000000 0.000000
vt 0.000000 0.000000
vt 0.000000 0.000000
vt 0.000000 0.000000
vt 0.000000 0.000000
vt 0.000000 0.000000
vt 0.000000 0.000000
vt 0.000000 0.000000
vt 0.000000 0.000000
vt 0.000000 0.000000
vt 0.000000 0.000000
vt 0.000000 0.000000
vt 0.000000 0.000000
vt 0.000000 0.000000
vt 0.000000 0.000000
vt 0.000000 0.000000
vt 0.000000 0.000000
vt 0.000000 0.000000
vt 0.000000 0.000000
vt 0.000000 0.000000
vt 0.000000 0.000000
vt 0.000000 0.000000
vt 0.000000 0.000000
vt 0.000000 0.000000
vt 0.000000 0.000000
vt 0.000000 0.000000
vt 0.000000 0.000000
vt 0.000000 0.000000
vt 0.000000 0.000000
vt 0.000000 0.000000
vt 0.000000 0.000000
vt 0.000000 0.000000
vt 0.000000 0.000000
vt 0.000000 0.000000
vt 0.000000 0.000000
vt 0.000000 0.000000
vt 0.000000 0.000000
vt 0.000000 0.000000
vt 0.000000 0.000000
vt 0.000000 0.000000
vt 0.000000 0.000000
vt 0.000000 0.000000
vt 0.000000 0.000000
vt 0.000000 0.000000
vt 0.000000 0.000000
vt 0.000000 0.000000
vt 0.000000 0.000000
vt 0.000000 0.000000
vt 0.000000 0.000000
vt 0.000000 0.000000
vt 0.000000 0.000000
vt 0.000000 0.000000
vt 0.000000 0.000000
vt 0.000000 0.000000
vt 0.000000 0.000000
vt 0.000000 0.000000
vt 0.000000 0.000000
vt 0.000000 0.000000
vt 0.000000 0.000000
vt 0.000000 0.000000
vt 0.000000 0.000000
vt 0.000000 0.000000
vt 0.000000 0.000000
vt 0.000000 0.000000
vt 0.000000 0.000000
vt 0.000000 0.000000
vt 0.000000 0.000000
vt 0.000000 0.000000
vt 0.000000 0.000000
vt 0.000000 0.000000
vt 0.000000 0.000000
vt 0.000000 0.000000
vt 0.000000 0.000000
vt 0.000000 0.000000
vt 0.000000 0.000000
vt 0.000000 0.000000
vt 0.000000 0.000000
vt 0.000000 0.000000
vt 0.000000 0.000000
vt 0.000000 0.000000
vt 0.000000 0.000000
vt 0.000000 0.000000
vt 0.000000 0.000000
vt 0.000000 0.000000
vt 0.000000 0.000000
vt 0.000000 0.000000
vt 0.000000 0.000000
vt 0.000000 0.000000
vt 0.000000 0.000000
vt 0.000000 0.000000
vt 0.000000 0.000000
vt 0.000000 0.000000
vt 0.000000 0.000000
vt 0.000000 0.000000
vt 0.000000 0.000000
vt 0.000000 0.000000
vt 0.000000 0.000000
vt 0.000000 0.000000
vt 0.000000 0.000000
vt 0.000000 0.000000
vt 0.000000 0.000000
vt 0.000000 0.000000
vt 0.000000 0.000000
vt 0.000000 0.000000
vt 0.000000 0.000000
vt 0.000000 0.000000
vt 0.000000 0.000000
vt 0.000000 0.000000
vt 0.000000 0.000000
vt 0.000000 0.000000
vt 0.000000 0.000000
vt 0.000000 0.000000
vt 0.000000 0.000000
vt 0.000000 0.000000
vt 0.000000 0.000000
vt 0.000000 0.000000
vt 0.000000 0.000000
vt 0.000000 0.000000
vt 0.000000 0.000000
vt 0.000000 0.000000
vt 0.000000 0.000000
vt 0.000000 0.000000
vt 0.000000 0.000000
vt 0.000000 0.000000
vt 0.000000 0.000000
vt 0.000000 0.000000
vt 0.000000 0.000000
vt 0.000000 0.000000
vt 0.000000 0.000000
vt 0.000000 0.000000
vt 0.000000 0.000000
vt 0.000000 0.000000
vt 0.000000 0.000000
vt 0.000000 0.000000
vt 0.000000 0.000000
vt 0.000000 0.000000
vt 0.000000 0.000000
vt 0.000000 0.000000
vt 0.000000 0.000000
vt 0.000000 0.000000
vt 0.000000 0.000000
vt 0.000000 0.000000
vt 0.000000 0.000000
vt 0.000000 0.000000
vt 0.000000 0.000000
vt 0.000000 0.000000
vt 0.000000 0.000000
vt 0.000000 0.000000
vt 0.000000 0.000000
vt 0.000000 0.000000
vt 0.000000 0.000000
vt 0.000000 0.000000
vt 0.000000 0.000000
vt 0.000000 0.000000
vt 0.000000 0.000000
vt 0.000000 0.000000
vt 0.000000 0.000000
vt 0.000000 0.000000
vt 0.000000 0.000000
vt 0.000000 0.000000
vt 0.000000 0.000000
vt 0.000000 0.000000
vt 0.000000 0.000000
vt 0.000000 0.000000
vt 0.000000 0.000000
vt 0.000000 0.000000
vt 0.000000 0.000000
vt 0.000000 0.000000
vt 0.000000 0.000000
vt 0.000000 0.000000
vt 0.000000 0.000000
vt 0.000000 0.000000
vt 0.000000 0.000000
vt 0.000000 0.000000
vt 0.000000 0.000000
vt 0.000000 0.000000
vt 0.000000 0.000000
vt 0.000000 0.000000
vt 0.000000 0.000000
vt 0.000000 0.000000
vt 0.000000 0.000000
vt 0.000000 0.000000
vt 0.000000 0.000000
vt 0.000000 0.000000
vt 0.000000 0.000000
vt 0.000000 0.000000
vt 0.000000 0.000000
vt 0.000000 0.000000
vt 0.000000 0.000000
vt 0.000000 0.000000
vt 0.000000 0.000000
vt 0.000000 0.000000
vt 0.000000 0.000000
vt 0.000000 0.000000
vt 0.000000 0.000000
vt 0.000000 0.000000
vt 0.000000 0.000000
vt 0.000000 0.000000
vt 0.000000 0.000000
vt 0.000000 0.000000
vt 0.000000 0.000000
vt 0.000000 0.000000
vt 0.000000 0.000000
vt 0.000000 0.000000
vt 0.000000 0.000000
vt 0.000000 0.000000
vt 0.000000 0.000000
vt 0.000000 0.000000
vt 0.000000 0.000000
vt 0.000000 0.000000
vt 0.000000 0.000000
vt 0.000000 0.000000
vt 0.000000 0.000000
vt 0.000000 0.000000
vt 0.000000 0.000000
vt 0.000000 0.000000
vt 0.000000 0.000000
vt 0.000000 0.000000
vt 0.000000 0.000000
vt 0.000000 0.000000
vt 0.000000 0.000000
vt 0.000000 0.000000
vt 0.000000 0.000000
vt 0.000000 0.000000
vt 0.000000 0.000000
vt 0.000000 0.000000
vt 0.000000 0.000000
vt 0.000000 0.000000
vt 0.000000 0.000000
vt 0.000000 0.000000
vt 0.000000 0.000000
vt 0.000000 0.000000
vt 0.000000 0.000000
vt 0.000000 0.000000
vt 0.000000 0.000000
vt 0.000000 0.000000
vt 0.000000 0.000000
vt 0.000000 0.000000
vt 0.000000 0.000000
vt 0.000000 0.000000
vt 0.000000 0.000000
vt 0.000000 0.000000
vt 0.000000 0.000000
vt 0.000000 0.000000
vt 0.000000 0.000000
vt 0.000000 0.000000
vt 0.000000 0.000000
vt 0.000000 0.000000
vt 0.000000 0.000000
vt 0.000000 0.000000
vt 0.000000 0.000000
vt 0.000000 0.000000
vt 0.000000 0.000000
vt 0.000000 0.000000
vt 0.000000 0.000000
vt 0.000000 0.000000
vt 0.000000 0.000000
vt 0.000000 0.000000
vt 0.000000 0.000000
vt 0.000000 0.000000
vt 0.000000 0.000000
vt 0.000000 0.000000
vt 0.000000 0.000000
vt 0.000000 0.000000
vt 0.000000 0.000000
vt 0.000000 0.000000
vt 0.000000 0.000000
vt 0.000000 0.000000
vt 0.000000 0.000000
vt 0.000000 0.000000
vt 0.000000 0.000000
vt 0.000000 0.000000
vt 0.000000 0.000000
vt 0.000000 0.000000
vt 0.000000 0.000000
vt 0.000000 0.000000
vt 0.000000 0.000000
vt 0.000000 0.000000
vt 0.000000 0.000000
vt 0.000000 0.000000
vt 0.000000 0.000000
vt 0.000000 0.000000
vt 0.000000 0.000000
vt 0.000000 0.000000
vt 0.000000 0.000000
vt 0.000000 0.000000
vt 0.000000 0.000000
vt 0.000000 0.000000
vt 0.000000 0.000000
vt 0.000000 0.000000
vt 0.000000 0.000000
vt 0.000000 0.000000
vt 0.000000 0.000000
vt 0.000000 0.000000
vt 0.000000 0.000000
vt 0.000000 0.000000
vt 0.000000 0.000000
vt 0.000000 0.000000
vt 0.000000 0.000000
vt 0.000000 0.000000
vt 0.000000 0.000000
vt 0.000000 0.000000
vt 0.000000 0.000000
vt 0.000000 0.000000
vt 0.000000 0.000000
vt 0.000000 0.000000
vt 0.000000 0.000000
vt 0.000000 0.000000
vt 0.000000 0.000000
vt 0.000000 0.000000
vt 0.000000 0.000000
vt 0.000000 0.000000
vt 0.000000 0.000000
vt 0.000000 0.000000
vt 0.000000 0.000000
vt 0.000000 0.000000
vt 0.000000 0.000000
vt 0.000000 0.000000
vt 0.000000 0.000000
vt 0.000000 0.000000
vt 0.000000 0.000000
vt 0.000000 0.000000
vt 0.000000 0.000000
vt 0.000000 0.000000
vt 0.000000 0.000000
vt 0.000000 0.000000
vt 0.000000 0.000000
vt 0.000000 0.000000
vt 0.000000 0.000000
vt 0.000000 0.000000
vt 0.000000 0.000000
vt 0.000000 0.000000
vt 0.000000 0.000000
vt 0.000000 0.000000
vt 0.000000 0.000000
vt 0.000000 0.000000
vt 0.000000 0.000000
vt 0.000000 0.000000
vt 0.000000 0.000000
vt 0.000000 0.000000
vt 0.000000 0.000000
vt 0.000000 0.000000
vt 0.000000 0.000000
vt 0.000000 0.000000
vt 0.000000 0.000000
vt 0.000000 0.000000
vt 0.000000 0.000000
vt 0.000000 0.000000
vt 0.000000 0.000000
vt 0.000000 0.000000
vt 0.000000 0.000000
vt 0.000000 0.000000
vt 0.000000 0.000000
vt 0.000000 0.000000
vt 0.000000 0.000000
vt 0.000000 0.000000
vt 0.000000 0.000000
vt 0.000000 0.000000
vt 0.000000 0.000000
vt 0.000000 0.000000
vt 0.000000 0.000000
vt 0.000000 0.000000
vt 0.000000 0.000000
vt 0.000000 0.000000
vt 0.000000 0.000000
vt 0.000000 0.000000
vt 0.000000 0.000000
vt 0.000000 0.000000
vt 0.000000 0.000000
vt 0.000000 0.000000
vt 0.000000 0.000000
vt 0.000000 0.000000
vt 0.000000 0.000000
vt 0.000000 0.000000
vt 0.000000 0.000000
vt 0.000000 0.000000
vt 0.000000 0.000000
vt 0.000000 0.000000
vt 0.000000 0.000000
vt 0.000000 0.000000
vt 0.000000 0.000000
vt 0.000000 0.000000
vt 0.000000 0.000000
vt 0.000000 0.000000
vt 0.000000 0.000000
vt 0.000000 0.000000
vt 0.000000 0.000000
vt 0.000000 0.000000
vt 0.000000 0.000000
vt 0.000000 0.000000
vt 0.000000 0.000000
vt 0.000000 0.000000
vt 0.000000 0.000000
vt 0.000000 0.000000
vt 0.000000 0.000000
vt 0.000000 0.000000
vt 0.000000 0.000000
vt 0.000000 0.000000
vt 0.000000 0.000000
vt 0.000000 0.000000
vt 0.000000 0.000000
vt 0.000000 0.000000
vt 0.000000 0.000000
vt 0.000000 0.000000
vt 0.000000 0.000000
vt 0.000000 0.000000
vt 0.000000 0.000000
vt 0.000000 0.000000
vt 0.000000 0.000000
vt 0.000000 0.000000
vt 0.000000 0.000000
vt 0.000000 0.000000
vt 0.000000 0.000000
vt 0.000000 0.000000
vt 0.000000 0.000000
vt 0.000000 0.000000
vt 0.000000 0.000000
vt 0.000000 0.000000
vt 0.000000 0.000000
vt 0.000000 0.000000
vt 0.000000 0.000000
vt 0.000000 0.000000
vt 0.000000 0.000000
vt 0.000000 0.000000
vt 0.000000 0.000000
vt 0.000000 0.000000
vt 0.000000 0.000000
vt 0.000000 0.000000
vt 0.000000 0.000000
vt 0.000000 0.000000
vt 0.000000 0.000000
vt 0.000000 0.000000
vt 0.000000 0.000000
vt 0.000000 0.000000
vt 0.000000 0.000000
vt 0.000000 0.000000
vt 0.000000 0.000000
vt 0.000000 0.000000
vt 0.000000 0.000000
vt 0.000000 0.000000
vt 0.000000 0.000000
vt 0.000000 0.000000
vt 0.000000 0.000000
vt 0.000000 0.000000
vt 0.000000 0.000000
vt 0.000000 0.000000
vt 0.000000 0.000000
vt 0.000000 0.000000
vt 0.000000 0.000000
vt 0.000000 0.000000
vt 0.000000 0.000000
vt 0.000000 0.000000
vt 0.000000 0.000000
vt 0.000000 0.000000
vt 0.000000 0.000000
vt 0.000000 0.000000
vt 0.000000 0.000000
vt 0.000000 0.000000
vt 0.000000 0.000000
vt 0.000000 0.000000
vt 0.000000 0.000000
vt 0.000000 0.000000
vt 0.000000 0.000000
vt 0.000000 0.000000
vt 0.000000 0.000000
vt 0.000000 0.000000
vt 0.000000 0.000000
vt 0.000000 0.000000
vt 0.000000 0.000000
vt 0.000000 0.000000
vt 0.000000 0.000000
vt 0.000000 0.000000
vt 0.000000 0.000000
vt 0.000000 0.000000
vt 0.000000 0.000000
vt 0.000000 0.000000
vt 0.000000 0.000000
vt 0.000000 0.000000
vt 0.000000 0.000000
vt 0.000000 0.000000
vt 0.000000 0.000000
vt 0.000000 0.000000
vt 0.000000 0.000000
vt 0.000000 0.000000
vt 0.000000 0.000000
vt 0.000000 0.000000
vt 0.000000 0.000000
vt 0.000000 0.000000
vt 0.000000 0.000000
vt 0.000000 0.000000
vt 0.000000 0.000000
vt 0.000000 0.000000
vt 0.000000 0.000000
vt 0.000000 0.000000
vt 0.000000 0.000000
vt 0.000000 0.000000
vt 0.000000 0.000000
vt 0.000000 0.000000
vt 0.000000 0.000000
vt 0.000000 0.000000
vt 0.000000 0.000000
vt 0.000000 0.000000
vt 0.000000 0.000000
vt 0.000000 0.000000
vt 0.000000 0.000000
vt 0.000000 0.000000
vt 0.000000 0.000000
vt 0.000000 0.000000
vt 0.000000 0.000000
vt 0.000000 0.000000
vt 0.000000 0.000000
vt 0.000000 0.000000
vt 0.000000 0.000000
vt 0.000000 0.000000
vt 0.000000 0.000000
vt 0.000000 0.000000
vt 0.000000 0.000000
vt 0.000000 0.000000
vt 0.000000 0.000000
vt 0.000000 0.000000
vt 0.000000 0.000000
vt 0.000000 0.000000
vt 0.000000 0.000000
vt 0.000000 0.000000
vt 0.000000 0.000000
vt 0.000000 0.000000
vt 0.000000 0.000000
vt 0.000000 0.000000
vt 0.000000 0.000000
vt 0.000000 0.000000
vt 0.000000 0.000000
vt 0.000000 0.000000
vt 0.000000 0.000000
vt 0.000000 0.000000
vt 0.000000 0.000000
vt 0.000000 0.000000
vt 0.000000 0.000000
vt 0.000000 0.000000
vt 0.000000 0.000000
vt 0.000000 0.000000
vt 0.000000 0.000000
vt 0.000000 0.000000
vt 0.000000 0.000000
vt 0.000000 0.000000
vt 0.000000 0.000000
vt 0.000000 0.000000
vt 0.000000 0.000000
vt 0.000000 0.000000
vt 0.000000 0.000000
vt 0.000000 0.000000
vt 0.000000 0.000000
vt 0.000000 0.000000
vt 0.000000 0.000000
vt 0.000000 0.000000
vt 0.000000 0.000000
vt 0.000000 0.000000
vt 0.000000 0.000000
vt 0.000000 0.000000
vt 0.000000 0.000000
vt 0.000000 0.000000
vt 0.000000 0.000000
vt 0.000000 0.000000
vt 0.000000 0.000000
vt 0.000000 0.000000
vt 0.000000 0.000000
vt 0.000000 0.000000
vt 0.000000 0.000000
vt 0.000000 0.000000
vt 0.000000 0.000000
vt 0.000000 0.000000
vt 0.000000 0.000000
vt 0.000000 0.000000
vt 0.000000 0.000000
vt 0.000000 0.000000
vt 0.000000 0.000000
vt 0.000000 0.000000
vt 0.000000 0.000000
vt 0.000000 0.000000
vt 0.000000 0.000000
vt 0.000000 0.000000
vt 0.000000 0.000000
vt 0.000000 0.000000
vt 0.000000 0.000000
vt 0.000000 0.000000
vt 0.000000 0.000000
vt 0.000000 0.000000
vt 0.000000 0.000000
vt 0.000000 0.000000
vt 0.000000 0.000000
vt 0.000000 0.000000
vt 0.000000 0.000000
vt 0.000000 0.000000
vt 0.000000 0.000000
vt 0.000000 0.000000
vt 0.000000 0.000000
vt 0.000000 0.000000
vt 0.000000 0.000000
vt 0.000000 0.000000
vt 0.000000 0.000000
vt 0.000000 0.000000
vt 0.000000 0.000000
vt 0.000000 0.000000
vt 0.000000 0.000000
vt 0.000000 0.000000
vt 0.000000 0.000000
vt 0.000000 0.000000
vt 0.000000 0.000000
vt 0.000000 0.000000
vt 0.000000 0.000000
vt 0.000000 0.000000
vt 0.000000 0.000000
vt 0.000000 0.000000
vt 0.000000 0.000000
vt 0.000000 0.000000
vt 0.000000 0.000000
vt 0.000000 0.000000
vt 0.000000 0.000000
vt 0.000000 0.000000
vt 0.000000 0.000000
vt 0.000000 0.000000
vt 0.000000 0.000000
vt 0.000000 0.000000
vt 0.000000 0.000000
vt 0.000000 0.000000
vt 0.000000 0.000000
vt 0.000000 0.000000
vt 0.000000 0.000000
vt 0.000000 0.000000
vt 0.000000 0.000000
vt 0.000000 0.000000
vt 0.000000 0.000000
vt 0.000000 0.000000
vt 0.000000 0.000000
vt 0.000000 0.000000
vt 0.000000 0.000000
vt 0.000000 0.000000
vt 0.000000 0.000000
vt 0.000000 0.000000
vt 0.000000 0.000000
vt 0.000000 0.000000
vt 0.000000 0.000000
vt 0.000000 0.000000
vt 0.000000 0.000000
vt 0.000000 0.000000
vt 0.000000 0.000000
vt 0.000000 0.000000
vt 0.000000 0.000000
vt 0.000000 0.000000
vt 0.000000 0.000000
vt 0.000000 0.000000
vt 0.000000 0.000000
vt 0.000000 0.000000
vt 0.000000 0.000000
vt 0.000000 0.000000
vt 0.000000 0.000000
vt 0.000000 0.000000
vt 0.000000 0.000000
vt 0.000000 0.000000
vt 0.000000 0.000000
vt 0.000000 0.000000
vt 0.000000 0.000000
vt 0.000000 0.000000
vt 0.000000 0.000000
vt 0.000000 0.000000
vt 0.000000 0.000000
vt 0.000000 0.000000
vt 0.000000 0.000000
vt 0.000000 0.000000
vt 0.000000 0.000000
vt 0.000000 0.000000
vt 0.000000 0.000000
vt 0.000000 0.000000
vt 0.000000 0.000000
vt 0.000000 0.000000
vt 0.000000 0.000000
vt 0.000000 0.000000
vt 0.000000 0.000000
vt 0.000000 0.000000
vt 0.000000 0.000000
vt 0.000000 0.000000
vt 0.000000 0.000000
vt 0.000000 0.000000
vt 0.000000 0.000000
vt 0.000000 0.000000
vt 0.000000 0.000000
vt 0.000000 0.000000
vt 0.000000 0.000000
vt 0.000000 0.000000
vt 0.000000 0.000000
vt 0.000000 0.000000
vt 0.000000 0.000000
vt 0.000000 0.000000
vt 0.000000 0.000000
vt 0.000000 0.000000
vt 0.000000 0.000000
vt 0.000000 0.000000
vt 0.000000 0.000000
vt 0.000000 0.000000
vt 0.000000 0.000000
vt 0.000000 0.000000
vt 0.000000 0.000000
vt 0.000000 0.000000
vt 0.000000 0.000000
vt 0.000000 0.000000
vt 0.000000 0.000000
vt 0.000000 0.000000
vt 0.000000 0.000000
vt 0.000000 0.000000
vt 0.000000 0.000000
vt 0.000000 0.000000
vt 0.000000 0.000000
vt 0.000000 0.000000
vt 0.000000 0.000000
vt 0.000000 0.000000
vt 0.000000 0.000000
vt 0.000000 0.000000
vt 0.000000 0.000000
vt 0.000000 0.000000
vt 0.000000 0.000000
vt 0.000000 0.000000
vt 0.000000 0.000000
vt 0.000000 0.000000
vt 0.000000 0.000000
vt 0.000000 0.000000
vt 0.000000 0.000000
vt 0.000000 0.000000
vt 0.000000 0.000000
vt 0.000000 0.000000
vt 0.000000 0.000000
vt 0.000000 0.000000
vt 0.000000 0.000000
vt 0.000000 0.000000
vt 0.000000 0.000000
vt 0.000000 0.000000
vt 0.000000 0.000000
vt 0.000000 0.000000
vt 0.000000 0.000000
vt 0.000000 0.000000
vt 0.000000 0.000000
vt 0.000000 0.000000
vt 0.000000 0.000000
vt 0.000000 0.000000
vt 0.000000 0.000000
vt 0.000000 0.000000
vt 0.000000 0.000000
vt 0.000000 0.000000
vt 0.000000 0.000000
vt 0.000000 0.000000
vt 0.000000 0.000000
vt 0.000000 0.000000
vt 0.000000 0.000000
vt 0.000000 0.000000
vt 0.000000 0.000000
vt 0.000000 0.000000
vt 0.000000 0.000000
vt 0.000000 0.000000
vt 0.000000 0.000000
vt 0.000000 0.000000
vt 0.000000 0.000000
vt 0.000000 0.000000
vt 0.000000 0.000000
vt 0.000000 0.000000
vt 0.000000 0.000000
vt 0.000000 0.000000
vt 0.000000 0.000000
vt 0.000000 0.000000
vt 0.000000 0.000000
vt 0.000000 0.000000
vt 0.000000 0.000000
vt 0.000000 0.000000
vt 0.000000 0.000000
vt 0.000000 0.000000
vt 0.000000 0.000000
vt 0.000000 0.000000
vt 0.000000 0.000000
vt 0.000000 0.000000
vt 0.000000 0.000000
vt 0.000000 0.000000
vt 0.000000 0.000000
vt 0.000000 0.000000
vt 0.000000 0.000000
vt 0.000000 0.000000
vt 0.000000 0.000000
vt 0.000000 0.000000
vt 0.000000 0.000000
vt 0.000000 0.000000
vt 0.000000 0.000000
vt 0.000000 0.000000
vt 0.000000 0.000000
vt 0.000000 0.000000
vt 0.000000 0.000000
vt 0.000000 0.000000
vt 0.000000 0.000000
vt 0.000000 0.000000
vt 0.000000 0.000000
vt 0.000000 0.000000
vt 0.000000 0.000000
vt 0.000000 0.000000
vt 0.000000 0.000000
vt 0.000000 0.000000
vt 0.000000 0.000000
vt 0.000000 0.000000
vt 0.000000 0.000000
vt 0.000000 0.000000
vt 0.000000 0.000000
vt 0.000000 0.000000
vt 0.000000 0.000000
vt 0.000000 0.000000
vt 0.000000 0.000000
vt 0.000000 0.000000
vt 0.000000 0.000000
vt 0.000000 0.000000
vt 0.000000 0.000000
vt 0.000000 0.000000
vt 0.000000 0.000000
vt 0.000000 0.000000
vt 0.000000 0.000000
vt 0.000000 0.000000
vt 0.000000 0.000000
vt 0.000000 0.000000
vt 0.000000 0.000000
vt 0.000000 0.000000
vt 0.000000 0.000000
vt 0.000000 0.000000
vt 0.000000 0.000000
vt 0.000000 0.000000
vt 0.000000 0.000000
vt 0.000000 0.000000
vt 0.000000 0.000000
vt 0.000000 0.000000
vt 0.000000 0.000000
vt 0.000000 0.000000
vt 0.000000 0.000000
vt 0.000000 0.000000
vt 0.000000 0.000000
vt 0.000000 0.000000
vt 0.000000 0.000000
vt 0.000000 0.000000
vt 0.000000 0.000000
vt 0.000000 0.000000
vt 0.000000 0.000000
vt 0.000000 0.000000
vt 0.000000 0.000000
vt 0.000000 0.000000
vt 0.000000 0.000000
vt 0.000000 0.000000
vt 0.000000 0.000000
vt 0.000000 0.000000
vt 0.000000 0.000000
vt 0.000000 0.000000
vt 0.000000 0.000000
vt 0.000000 0.000000
vt 0.000000 0.000000
vt 0.000000 0.000000
vt 0.000000 0.000000
vt 0.000000 0.000000
vt 0.000000 0.000000
vt 0.000000 0.000000
vt 0.000000 0.000000
vt 0.000000 0.000000
vt 0.000000 0.000000
vt 0.000000 0.000000
vt 0.000000 0.000000
vt 0.000000 0.000000
vt 0.000000 0.000000
vt 0.000000 0.000000
vt 0.000000 0.000000
vt 0.000000 0.000000
vt 0.000000 0.000000
vt 0.000000 0.000000
vt 0.000000 0.000000
vt 0.000000 0.000000
vt 0.000000 0.000000
vt 0.000000 0.000000
vt 0.000000 0.000000
vt 0.000000 0.000000
vt 0.000000 0.000000
vt 0.000000 0.000000
vt 0.000000 0.000000
vt 0.000000 0.000000
vt 0.000000 0.000000
vt 0.000000 0.000000
vt 0.000000 0.000000
vt 0.000000 0.000000
vt 0.000000 0.000000
vt 0.000000 0.000000
vt 0.000000 0.000000
vt 0.000000 0.000000
vt 0.000000 0.000000
vt 0.000000 0.000000
vt 0.000000 0.000000
vt 0.000000 0.000000
vt 0.000000 0.000000
vt 0.000000 0.000000
vt 0.000000 0.000000
vt 0.000000 0.000000
vt 0.000000 0.000000
vt 0.000000 0.000000
vt 0.000000 0.000000
vt 0.000000 0.000000
vt 0.000000 0.000000
vt 0.000000 0.000000
vt 0.000000 0.000000
vt 0.000000 0.000000
vt 0.000000 0.000000
vt 0.000000 0.000000
vt 0.000000 0.000000
vt 0.000000 0.000000
vt 0.000000 0.000000
vt 0.000000 0.000000
vt 0.000000 0.000000
vt 0.000000 0.000000
vt 0.000000 0.000000
vt 0.000000 0.000000
vt 0.000000 0.000000
vt 0.000000 0.000000
vt 0.000000 0.000000
vt 0.000000 0.000000
vt 0.000000 0.000000
vt 0.000000 0.000000
vt 0.000000 0.000000
vt 0.000000 0.000000
vt 0.000000 0.000000
vt 0.000000 0.000000
vt 0.000000 0.000000
vt 0.000000 0.000000
vt 0.000000 0.000000
vt 0.000000 0.000000
vt 0.000000 0.000000
vt 0.000000 0.000000
vt 0.000000 0.000000
vt 0.000000 0.000000
vt 0.000000 0.000000
vt 0.000000 0.000000
vt 0.000000 0.000000
vt 0.000000 0.000000
vt 0.000000 0.000000
vt 0.000000 0.000000
vt 0.000000 0.000000
vt 0.000000 0.000000
vt 0.000000 0.000000
vt 0.000000 0.000000
vt 0.000000 0.000000
vt 0.000000 0.000000
vt 0.000000 0.000000
vt 0.000000 0.000000
vt 0.000000 0.000000
vt 0.000000 0.000000
vt 0.000000 0.000000
vt 0.000000 0.000000
vt 0.000000 0.000000
vt 0.000000 0.000000
vt 0.000000 0.000000
vt 0.000000 0.000000
vt 0.000000 0.000000
vt 0.000000 0.000000
vt 0.000000 0.000000
vt 0.000000 0.000000
vt 0.000000 0.000000
vt 0.000000 0.000000
vt 0.000000 0.000000
vt 0.000000 0.000000
vt 0.000000 0.000000
vt 0.000000 0.000000
vt 0.000000 0.000000
vt 0.000000 0.000000
vt 0.000000 0.000000
vt 0.000000 0.000000
vt 0.000000 0.000000
vt 0.000000 0.000000
vt 0.000000 0.000000
vt 0.000000 0.000000
vt 0.000000 0.000000
vt 0.000000 0.000000
vt 0.000000 0.000000
vt 0.000000 0.000000
vt 0.000000 0.000000
vt 0.000000 0.000000
vt 0.000000 0.000000
vt 0.000000 0.000000
vt 0.000000 0.000000
vt 0.000000 0.000000
vt 0.000000 0.000000
vt 0.000000 0.000000
vt 0.000000 0.000000
vt 0.000000 0.000000
vt 0.000000 0.000000
vt 0.000000 0.000000
vt 0.000000 0.000000
vt 0.000000 0.000000
vt 0.000000 0.000000
vt 0.000000 0.000000
vt 0.000000 0.000000
vt 0.000000 0.000000
vt 0.000000 0.000000
vt 0.000000 0.000000
vt 0.000000 0.000000
vt 0.000000 0.000000
vt 0.000000 0.000000
vt 0.000000 0.000000
vt 0.000000 0.000000
vt 0.000000 0.000000
vt 0.000000 0.000000
vt 0.000000 0.000000
vt 0.000000 0.000000
vt 0.000000 0.000000
vt 0.000000 0.000000
vt 0.000000 0.000000
vt 0.000000 0.000000
vt 0.000000 0.000000
vt 0.000000 0.000000
vt 0.000000 0.000000
vt 0.000000 0.000000
vt 0.000000 0.000000
vt 0.000000 0.000000
vt 0.000000 0.000000
vt 0.000000 0.000000
vt 0.000000 0.000000
vt 0.000000 0.000000
vt 0.000000 0.000000
vt 0.000000 0.000000
vt 0.000000 0.000000
vt 0.000000 0.000000
vt 0.000000 0.000000
vt 0.000000 0.000000
vt 0.000000 0.000000
vt 0.000000 0.000000
vt 0.000000 0.000000
vt 0.000000 0.000000
vt 0.000000 0.000000
vt 0.000000 0.000000
vt 0.000000 0.000000
vt 0.000000 0.000000
vt 0.000000 0.000000
vt 0.000000 0.000000
vt 0.000000 0.000000
vt 0.000000 0.000000
vt 0.000000 0.000000
vt 0.000000 0.000000
vt 0.000000 0.000000
vt 0.000000 0.000000
vt 0.000000 0.000000
vt 0.000000 0.000000
vt 0.000000 0.000000
vt 0.000000 0.000000
vt 0.000000 0.000000
vt 0.000000 0.000000
vt 0.000000 0.000000
vt 0.000000 0.000000
vt 0.000000 0.000000
vt 0.000000 0.000000
vt 0.000000 0.000000
vt 0.000000 0.000000
vt 0.000000 0.000000
vt 0.000000 0.000000
vt 0.000000 0.000000
vt 0.000000 0.000000
vt 0.000000 0.000000
vt 0.000000 0.000000
vt 0.000000 0.000000
vt 0.000000 0.000000
vt 0.000000 0.000000
vt 0.000000 0.000000
vt 0.000000 0.000000
vt 0.000000 0.000000
vt 0.000000 0.000000
vt 0.000000 0.000000
vt 0.000000 0.000000
vt 0.000000 0.000000
vt 0.000000 0.000000
vt 0.000000 0.000000
vt 0.000000 0.000000
vt 0.000000 0.000000
vt 0.000000 0.000000
vt 0.000000 0.000000
vt 0.000000 0.000000
vt 0.000000 0.000000
vt 0.000000 0.000000
vt 0.000000 0.000000
vt 0.000000 0.000000
vt 0.000000 0.000000
vt 0.000000 0.000000
vt 0.000000 0.000000
vt 0.000000 0.000000
vt 0.000000 0.000000
vt 0.000000 0.000000
vt 0.000000 0.000000
vt 0.000000 0.000000
vt 0.000000 0.000000
vt 0.000000 0.000000
vt 0.000000 0.000000
vt 0.000000 0.000000
vt 0.000000 0.000000
vt 0.000000 0.000000
vt 0.000000 0.000000
vt 0.000000 0.000000
vt 0.000000 0.000000
vt 0.000000 0.000000
vt 0.000000 0.000000
vt 0.000000 0.000000
vt 0.000000 0.000000
vt 0.000000 0.000000
vt 0.000000 0.000000
vt 0.000000 0.000000
vt 0.000000 0.000000
vt 0.000000 0.000000
vt 0.000000 0.000000
vt 0.000000 0.000000
vt 0.000000 0.000000
vt 0.000000 0.000000
vt 0.000000 0.000000
vt 0.000000 0.000000
vt 0.000000 0.000000
vt 0.000000 0.000000
vt 0.000000 0.000000
vt 0.000000 0.000000
vt 0.000000 0.000000
vt 0.000000 0.000000
vt 0.000000 0.000000
vt 0.000000 0.000000
vt 0.000000 0.000000
vt 0.000000 0.000000
vt 0.000000 0.000000
vt 0.000000 0.000000
vt 0.000000 0.000000
vt 0.000000 0.000000
vt 0.000000 0.000000
vt 0.000000 0.000000
vt 0.000000 0.000000
vt 0.000000 0.000000
vt 0.000000 0.000000
vt 0.000000 0.000000
vt 0.000000 0.000000
vt 0.000000 0.000000
vt 0.000000 0.000000
vt 0.000000 0.000000
vt 0.000000 0.000000
vt 0.000000 0.000000
vt 0.000000 0.000000
vt 0.000000 0.000000
vt 0.000000 0.000000
vt 0.000000 0.000000
vt 0.000000 0.000000
vt 0.000000 0.000000
vt 0.000000 0.000000
vt 0.000000 0.000000
vt 0.000000 0.000000
vt 0.000000 0.000000
vt 0.000000 0.000000
vt 0.000000 0.000000
vt 0.000000 0.000000
vt 0.000000 0.000000
vt 0.000000 0.000000
vt 0.000000 0.000000
vt 0.000000 0.000000
vt 0.000000 0.000000
vt 0.000000 0.000000
vt 0.000000 0.000000
vt 0.000000 0.000000
vt 0.000000 0.000000
vt 0.000000 0.000000
vt 0.000000 0.000000
vt 0.000000 0.000000
vt 0.000000 0.000000
vt 0.000000 0.000000
vt 0.000000 0.000000
vt 0.000000 0.000000
vt 0.000000 0.000000
vt 0.000000 0.000000
vt 0.000000 0.000000
vt 0.000000 0.000000
vt 0.000000 0.000000
vt 0.000000 0.000000
vt 0.000000 0.000000
vt 0.000000 0.000000
vt 0.000000 0.000000
vt 0.000000 0.000000
vt 0.000000 0.000000
vt 0.000000 0.000000
vt 0.000000 0.000000
vt 0.000000 0.000000
vt 0.000000 0.000000
vt 0.000000 0.000000
vt 0.000000 0.000000
vt 0.000000 0.000000
vt 0.000000 0.000000
vt 0.000000 0.000000
vt 0.000000 0.000000
vt 0.000000 0.000000
vt 0.000000 0.000000
vt 0.000000 0.000000
vt 0.000000 0.000000
vt 0.000000 0.000000
vt 0.000000 0.000000
vt 0.000000 0.000000
vt 0.000000 0.000000
vt 0.000000 0.000000
vt 0.000000 0.000000
vt 0.000000 0.000000
vt 0.000000 0.000000
vt 0.000000 0.000000
vt 0.000000 0.000000
vt 0.000000 0.000000
vt 0.000000 0.000000
vt 0.000000 0.000000
vt 0.000000 0.000000
vt 0.000000 0.000000
vt 0.000000 0.000000
vt 0.000000 0.000000
vt 0.000000 0.000000
vt 0.000000 0.000000
vt 0.000000 0.000000
vt 0.000000 0.000000
vt 0.000000 0.000000
vt 0.000000 0.000000
vt 0.000000 0.000000
vt 0.000000 0.000000
vt 0.000000 0.000000
vt 0.000000 0.000000
vt 0.000000 0.000000
vt 0.000000 0.000000
vt 0.000000 0.000000
vt 0.000000 0.000000
vt 0.000000 0.000000
vt 0.000000 0.000000
vt 0.000000 0.000000
vt 0.000000 0.000000
vt 0.000000 0.000000
vt 0.000000 0.000000
vt 0.000000 0.000000
vt 0.000000 0.000000
vt 0.000000 0.000000
vt 0.000000 0.000000
vt 0.000000 0.000000
vt 0.000000 0.000000
vt 0.000000 0.000000
vt 0.000000 0.000000
vt 0.000000 0.000000
vt 0.000000 0.000000
vt 0.000000 0.000000
vt 0.000000 0.000000
vt 0.000000 0.000000
vt 0.000000 0.000000
vt 0.000000 0.000000
vt 0.000000 0.000000
vt 0.000000 0.000000
vt 0.000000 0.000000
vt 0.000000 0.000000
vt 0.000000 0.000000
vt 0.000000 0.000000
vt 0.000000 0.000000
vt 0.000000 0.000000
vt 0.000000 0.000000
vt 0.000000 0.000000
vt 0.000000 0.000000
vt 0.000000 0.000000
vt 0.000000 0.000000
vt 0.000000 0.000000
vt 0.000000 0.000000
vt 0.000000 0.000000
vt 0.000000 0.000000
vt 0.000000 0.000000
vt 0.000000 0.000000
vt 0.000000 0.000000
vt 0.000000 0.000000
vt 0.000000 0.000000
vt 0.000000 0.000000
vt 0.000000 0.000000
vt 0.000000 0.000000
vt 0.000000 0.000000
vt 0.000000 0.000000
vt 0.000000 0.000000
vt 0.000000 0.000000
vt 0.000000 0.000000
vt 0.000000 0.000000
vt 0.000000 0.000000
vt 0.000000 0.000000
vt 0.000000 0.000000
vt 0.000000 0.000000
vt 0.000000 0.000000
vt 0.000000 0.000000
vt 0.000000 0.000000
vt 0.000000 0.000000
vt 0.000000 0.000000
vt 0.000000 0.000000
vt 0.000000 0.000000
vt 0.000000 0.000000
vt 0.000000 0.000000
vt 0.000000 0.000000
vt 0.000000 0.000000
vt 0.000000 0.000000
vt 0.000000 0.000000
vt 0.000000 0.000000
vt 0.000000 0.000000
vt 0.000000 0.000000
vt 0.000000 0.000000
vt 0.000000 0.000000
vt 0.000000 0.000000
vt 0.000000 0.000000
vt 0.000000 0.000000
vt 0.000000 0.000000
vt 0.000000 0.000000
vt 0.000000 0.000000
vt 0.000000 0.000000
vt 0.000000 0.000000
vt 0.000000 0.000000
vt 0.000000 0.000000
vt 0.000000 0.000000
vt 0.000000 0.000000
vt 0.000000 0.000000
vt 0.000000 0.000000
vt 0.000000 0.000000
vt 0.000000 0.000000
vt 0.000000 0.000000
vt 0.000000 0.000000
vt 0.000000 0.000000
vt 0.000000 0.000000
vt 0.000000 0.000000
vt 0.000000 0.000000
vt 0.000000 0.000000
vt 0.000000 0.000000
vt 0.000000 0.000000
vt 0.000000 0.000000
vt 0.000000 0.000000
vt 0.000000 0.000000
vt 0.000000 0.000000
vt 0.000000 0.000000
vt 0.000000 0.000000
vt 0.000000 0.000000
vt 0.000000 0.000000
vt 0.000000 0.000000
vt 0.000000 0.000000
vt 0.000000 0.000000
vt 0.000000 0.000000
vt 0.000000 0.000000
vt 0.000000 0.000000
vt 0.000000 0.000000
vt 0.000000 0.000000
vt 0.000000 0.000000
vt 0.000000 0.000000
vt 0.000000 0.000000
vt 0.000000 0.000000
vt 0.000000 0.000000
vt 0.000000 0.000000
vt 0.000000 0.000000
vt 0.000000 0.000000
vt 0.000000 0.000000
vt 0.000000 0.000000
vt 0.000000 0.000000
vt 0.000000 0.000000
vt 0.000000 0.000000
vt 0.000000 0.000000
vt 0.000000 0.000000
vt 0.000000 0.000000
vt 0.000000 0.000000
vt 0.000000 0.000000
vt 0.000000 0.000000
vt 0.000000 0.000000
vt 0.000000 0.000000
vt 0.000000 0.000000
vt 0.000000 0.000000
vt 0.000000 0.000000
vt 0.000000 0.000000
vt 0.000000 0.000000
vt 0.000000 0.000000
vt 0.000000 0.000000
vt 0.000000 0.000000
vt 0.000000 0.000000
vt 0.000000 0.000000
vt 0.000000 0.000000
vt 0.000000 0.000000
vt 0.000000 0.000000
vt 0.000000 0.000000
vt 0.000000 0.000000
vt 0.000000 0.000000
vt 0.000000 0.000000
vt 0.000000 0.000000
vt 0.000000 0.000000
vt 0.000000 0.000000
vt 0.000000 0.000000
vt 0.000000 0.000000
vt 0.000000 0.000000
vt 0.000000 0.000000
vt 0.000000 0.000000
vt 0.000000 0.000000
vt 0.000000 0.000000
vt 0.000000 0.000000
vt 0.000000 0.000000
vt 0.000000 0.000000
vt 0.000000 0.000000
vt 0.000000 0.000000
vt 0.000000 0.000000
vt 0.000000 0.000000
vt 0.000000 0.000000
vt 0.000000 0.000000
vt 0.000000 0.000000
vt 0.000000 0.000000
vt 0.000000 0.000000
vt 0.000000 0.000000
vt 0.000000 0.000000
vt 0.000000 0.000000
vt 0.000000 0.000000
vt 0.000000 0.000000
vt 0.000000 0.000000
vt 0.000000 0.000000
vt 0.000000 0.000000
vt 0.000000 0.000000
vt 0.000000 0.000000
vt 0.000000 0.000000
vt 0.000000 0.000000
vt 0.000000 0.000000
vt 0.000000 0.000000
vt 0.000000 0.000000
vt 0.000000 0.000000
vt 0.000000 0.000000
vt 0.000000 0.000000
vt 0.000000 0.000000
vt 0.000000 0.000000
vt 0.000000 0.000000
vt 0.000000 0.000000
vt 0.000000 0.000000
vt 0.000000 0.000000
vt 0.000000 0.000000
vt 0.000000 0.000000
vt 0.000000 0.000000
vt 0.000000 0.000000
vt 0.000000 0.000000
vt 0.000000 0.000000
vt 0.000000 0.000000
vt 0.000000 0.000000
vt 0.000000 0.000000
vt 0.000000 0.000000
vt 0.000000 0.000000
vt 0.000000 0.000000
vt 0.000000 0.000000
vt 0.000000 0.000000
vt 0.000000 0.000000
vt 0.000000 0.000000
vt 0.000000 0.000000
vt 0.000000 0.000000
vt 0.000000 0.000000
vt 0.000000 0.000000
vt 0.000000 0.000000
vt 0.000000 0.000000
vt 0.000000 0.000000
vt 0.000000 0.000000
vt 0.000000 0.000000
vt 0.000000 0.000000
vt 0.000000 0.000000
vt 0.000000 0.000000
vt 0.000000 0.000000
vt 0.000000 0.000000
vt 0.000000 0.000000
vt 0.000000 0.000000
vt 0.000000 0.000000
vt 0.000000 0.000000
vt 0.000000 0.000000
vt 0.000000 0.000000
vt 0.000000 0.000000
vt 0.000000 0.000000
vt 0.000000 0.000000
vt 0.000000 0.000000
vt 0.000000 0.000000
vt 0.000000 0.000000
vt 0.000000 0.000000
vt 0.000000 0.000000
vt 0.000000 0.000000
vt 0.000000 0.000000
vt 0.000000 0.000000
vt 0.000000 0.000000
vt 0.000000 0.000000
vt 0.000000 0.000000
vt 0.000000 0.000000
vt 0.000000 0.000000
vt 0.000000 0.000000
vt 0.000000 0.000000
vt 0.000000 0.000000
vt 0.000000 0.000000
vt 0.000000 0.000000
vt 0.000000 0.000000
vt 0.000000 0.000000
vt 0.000000 0.000000
vt 0.000000 0.000000
vt 0.000000 0.000000
vt 0.000000 0.000000
vt 0.000000 0.000000
vt 0.000000 0.000000
vt 0.000000 0.000000
vt 0.000000 0.000000
vt 0.000000 0.000000
vt 0.000000 0.000000
vt 0.000000 0.000000
vt 0.000000 0.000000
vt 0.000000 0.000000
vt 0.000000 0.000000
vt 0.000000 0.000000
vt 0.000000 0.000000
vt 0.000000 0.000000
vt 0.000000 0.000000
vt 0.000000 0.000000
vt 0.000000 0.000000
vt 0.000000 0.000000
vt 0.000000 0.000000
vt 0.000000 0.000000
vt 0.000000 0.000000
vt 0.000000 0.000000
vt 0.000000 0.000000
vt 0.000000 0.000000
vt 0.000000 0.000000
vt 0.000000 0.000000
vt 0.000000 0.000000
vt 0.000000 0.000000
vt 0.000000 0.000000
vt 0.000000 0.000000
vt 0.000000 0.000000
vt 0.000000 0.000000
vt 0.000000 0.000000
vt 0.000000 0.000000
vt 0.000000 0.000000
vt 0.000000 0.000000
vt 0.000000 0.000000
vt 0.000000 0.000000
vt 0.000000 0.000000
vt 0.000000 0.000000
vt 0.000000 0.000000
vt 0.000000 0.000000
vt 0.000000 0.000000
vt 0.000000 0.000000
vt 0.000000 0.000000
vt 0.000000 0.000000
vt 0.000000 0.000000
vt 0.000000 0.000000
vt 0.000000 0.000000
vt 0.000000 0.000000
vt 0.000000 0.000000
vt 0.000000 0.000000
vt 0.000000 0.000000
vt 0.000000 0.000000
vt 0.000000 0.000000
vt 0.000000 0.000000
vt 0.000000 0.000000
vt 0.000000 0.000000
vt 0.000000 0.000000
vt 0.000000 0.000000
vt 0.000000 0.000000
vt 0.000000 0.000000
vt 0.000000 0.000000
vt 0.000000 0.000000
vt 0.000000 0.000000
vt 0.000000 0.000000
vt 0.000000 0.000000
vt 0.000000 0.000000
vt 0.000000 0.000000
vt 0.000000 0.000000
vt 0.000000 0.000000
vt 0.000000 0.000000
vt 0.000000 0.000000
vt 0.000000 0.000000
vt 0.000000 0.000000
vt 0.000000 0.000000
vt 0.000000 0.000000
vt 0.000000 0.000000
vt 0.000000 0.000000
vt 0.000000 0.000000
vt 0.000000 0.000000
vt 0.000000 0.000000
vt 0.000000 0.000000
vt 0.000000 0.000000
vt 0.000000 0.000000
vt 0.000000 0.000000
vt 0.000000 0.000000
vt 0.000000 0.000000
vt 0.000000 0.000000
vt 0.000000 0.000000
vt 0.000000 0.000000
vt 0.000000 0.000000
vt 0.000000 0.000000
vt 0.000000 0.000000
vt 0.000000 0.000000
vt 0.000000 0.000000
vt 0.000000 0.000000
vt 0.000000 0.000000
vt 0.000000 0.000000
vt 0.000000 0.000000
vt 0.000000 0.000000
vt 0.000000 0.000000
vt 0.000000 0.000000
vt 0.000000 0.000000
vt 0.000000 0.000000
vt 0.000000 0.000000
vt 0.000000 0.000000
vt 0.000000 0.000000
vt 0.000000 0.000000
vt 0.000000 0.000000
vt 0.000000 0.000000
vt 0.000000 0.000000
vt 0.000000 0.000000
vt 0.000000 0.000000
vt 0.000000 0.000000
vt 0.000000 0.000000
vt 0.000000 0.000000
vt 0.000000 0.000000
vt 0.000000 0.000000
vt 0.000000 0.000000
vt 0.000000 0.000000
vt 0.000000 0.000000
vt 0.000000 0.000000
vt 0.000000 0.000000
vt 0.000000 0.000000
vt 0.000000 0.000000
vt 0.000000 0.000000
vt 0.000000 0.000000
vt 0.000000 0.000000
vt 0.000000 0.000000
vt 0.000000 0.000000
vt 0.000000 0.000000
vt 0.000000 0.000000
vt 0.000000 0.000000
vt 0.000000 0.000000
vt 0.000000 0.000000
vt 0.000000 0.000000
vt 0.000000 0.000000
vt 0.000000 0.000000
vt 0.000000 0.000000
vt 0.000000 0.000000
vt 0.000000 0.000000
vt 0.000000 0.000000
vt 0.000000 0.000000
vt 0.000000 0.000000
vt 0.000000 0.000000
vt 0.000000 0.000000
vt 0.000000 0.000000
vt 0.000000 0.000000
vt 0.000000 0.000000
vt 0.000000 0.000000
vt 0.000000 0.000000
vt 0.000000 0.000000
vt 0.000000 0.000000
vt 0.000000 0.000000
vt 0.000000 0.000000
vt 0.000000 0.000000
vt 0.000000 0.000000
vt 0.000000 0.000000
vt 0.000000 0.000000
vt 0.000000 0.000000
vt 0.000000 0.000000
vt 0.000000 0.000000
vt 0.000000 0.000000
vt 0.000000 0.000000
vt 0.000000 0.000000
vt 0.000000 0.000000
vt 0.000000 0.000000
vt 0.000000 0.000000
vt 0.000000 0.000000
vt 0.000000 0.000000
vt 0.000000 0.000000
vt 0.000000 0.000000
vt 0.000000 0.000000
vt 0.000000 0.000000
vt 0.000000 0.000000
vt 0.000000 0.000000
vt 0.000000 0.000000
vt 0.000000 0.000000
vt 0.000000 0.000000
vt 0.000000 0.000000
vt 0.000000 0.000000
vt 0.000000 0.000000
vt 0.000000 0.000000
vt 0.000000 0.000000
vt 0.000000 0.000000
vt 0.000000 0.000000
vt 0.000000 0.000000
vt 0.000000 0.000000
vt 0.000000 0.000000
vt 0.000000 0.000000
vt 0.000000 0.000000
vt 0.000000 0.000000
vt 0.000000 0.000000
vt 0.000000 0.000000
vt 0.000000 0.000000
vt 0.000000 0.000000
vt 0.000000 0.000000
vt 0.000000 0.000000
vt 0.000000 0.000000
vt 0.000000 0.000000
vt 0.000000 0.000000
vt 0.000000 0.000000
vt 0.000000 0.000000
vt 0.000000 0.000000
vt 0.000000 0.000000
vt 0.000000 0.000000
vt 0.000000 0.000000
vt 0.000000 0.000000
vt 0.000000 0.000000
vt 0.000000 0.000000
vt 0.000000 0.000000
vt 0.000000 0.000000
vt 0.000000 0.000000
vt 0.000000 0.000000
vt 0.000000 0.000000
vt 0.000000 0.000000
vt 0.000000 0.000000
vt 0.000000 0.000000
vt 0.000000 0.000000
vt 0.000000 0.000000
vt 0.000000 0.000000
vt 0.000000 0.000000
vt 0.000000 0.000000
vt 0.000000 0.000000
vt 0.000000 0.000000
vt 0.000000 0.000000
vt 0.000000 0.000000
vt 0.000000 0.000000
vt 0.000000 0.000000
vt 0.000000 0.000000
vt 0.000000 0.000000
vt 0.000000 0.000000
vt 0.000000 0.000000
vt 0.000000 0.000000
vt 0.000000 0.000000
vt 0.000000 0.000000
vt 0.000000 0.000000
vt 0.000000 0.000000
vt 0.000000 0.000000
vt 0.000000 0.000000
vt 0.000000 0.000000
vt 0.000000 0.000000
vt 0.000000 0.000000
vt 0.000000 0.000000
vt 0.000000 0.000000
vt 0.000000 0.000000
vt 0.000000 0.000000
vt 0.000000 0.000000
vt 0.000000 0.000000
vt 0.000000 0.000000
vt 0.000000 0.000000
vt 0.000000 0.000000
vt 0.000000 0.000000
vt 0.000000 0.000000
vt 0.000000 0.000000
vt 0.000000 0.000000
vt 0.000000 0.000000
vt 0.000000 0.000000
vt 0.000000 0.000000
vt 0.000000 0.000000
vt 0.000000 0.000000
vt 0.000000 0.000000
vt 0.000000 0.000000
vt 0.000000 0.000000
vt 0.000000 0.000000
vt 0.000000 0.000000
vt 0.000000 0.000000
vt 0.000000 0.000000
vt 0.000000 0.000000
vt 0.000000 0.000000
vt 0.000000 0.000000
vt 0.000000 0.000000
vt 0.000000 0.000000
vt 0.000000 0.000000
vt 0.000000 0.000000
vt 0.000000 0.000000
vt 0.000000 0.000000
vt 0.000000 0.000000
vt 0.000000 0.000000
vt 0.000000 0.000000
vt 0.000000 0.000000
vt 0.000000 0.000000
vt 0.000000 0.000000
vt 0.000000 0.000000
vt 0.000000 0.000000
vt 0.000000 0.000000
vt 0.000000 0.000000
vt 0.000000 0.000000
vt 0.000000 0.000000
vt 0.000000 0.000000
vt 0.000000 0.000000
vt 0.000000 0.000000
vt 0.000000 0.000000
vt 0.000000 0.000000
vt 0.000000 0.000000
vt 0.000000 0.000000
vt 0.000000 0.000000
vt 0.000000 0.000000
vt 0.000000 0.000000
vt 0.000000 0.000000
vt 0.000000 0.000000
vt 0.000000 0.000000
vt 0.000000 0.000000
vt 0.000000 0.000000
vt 0.000000 0.000000
vt 0.000000 0.000000
vt 0.000000 0.000000
vt 0.000000 0.000000
vt 0.000000 0.000000
vt 0.000000 0.000000
vt 0.000000 0.000000
vt 0.000000 0.000000
vt 0.000000 0.000000
vt 0.000000 0.000000
vt 0.000000 0.000000
vt 0.000000 0.000000
vt 0.000000 0.000000
vt 0.000000 0.000000
vt 0.000000 0.000000
vt 0.000000 0.000000
vt 0.000000 0.000000
vt 0.000000 0.000000
vt 0.000000 0.000000
vt 0.000000 0.000000
vt 0.000000 0.000000
vt 0.000000 0.000000
vt 0.000000 0.000000
vt 0.000000 0.000000
vt 0.000000 0.000000
vt 0.000000 0.000000
vt 0.000000 0.000000
vt 0.000000 0.000000
vt 0.000000 0.000000
vt 0.000000 0.000000
vt 0.000000 0.000000
vt 0.000000 0.000000
vt 0.000000 0.000000
vt 0.000000 0.000000
vt 0.000000 0.000000
vt 0.000000 0.000000
vt 0.000000 0.000000
vt 0.000000 0.000000
vt 0.000000 0.000000
vt 0.000000 0.000000
vt 0.000000 0.000000
vt 0.000000 0.000000
vt 0.000000 0.000000
vt 0.000000 0.000000
vt 0.000000 0.000000
vt 0.000000 0.000000
vt 0.000000 0.000000
vt 0.000000 0.000000
vt 0.000000 0.000000
vt 0.000000 0.000000
vt 0.000000 0.000000
vt 0.000000 0.000000
vt 0.000000 0.000000
vt 0.000000 0.000000
vt 0.000000 0.000000
vt 0.000000 0.000000
vt 0.000000 0.000000
vt 0.000000 0.000000
vt 0.000000 0.000000
vt 0.000000 0.000000
vt 0.000000 0.000000
vt 0.000000 0.000000
vt 0.000000 0.000000
vt 0.000000 0.000000
vt 0.000000 0.000000
vt 0.000000 0.000000
vt 0.000000 0.000000
vt 0.000000 0.000000
vt 0.000000 0.000000
vt 0.000000 0.000000
vt 0.000000 0.000000
vt 0.000000 0.000000
vt 0.000000 0.000000
vt 0.000000 0.000000
vt 0.000000 0.000000
vt 0.000000 0.000000
vt 0.000000 0.000000
vt 0.000000 0.000000
vt 0.000000 0.000000
vt 0.000000 0.000000
vt 0.000000 0.000000
vt 0.000000 0.000000
vt 0.000000 0.000000
vt 0.000000 0.000000
vt 0.000000 0.000000
vt 0.000000 0.000000
vt 0.000000 0.000000
vt 0.000000 0.000000
vt 0.000000 0.000000
vt 0.000000 0.000000
vt 0.000000 0.000000
vt 0.000000 0.000000
vt 0.000000 0.000000
vt 0.000000 0.000000
vt 0.000000 0.000000
vt 0.000000 0.000000
vt 0.000000 0.000000
vt 0.000000 0.000000
vt 0.000000 0.000000
vt 0.000000 0.000000
vt 0.000000 0.000000
vt 0.000000 0.000000
vt 0.000000 0.000000
vt 0.000000 0.000000
vt 0.000000 0.000000
vt 0.000000 0.000000
vt 0.000000 0.000000
vt 0.000000 0.000000
vt 0.000000 0.000000
vt 0.000000 0.000000
vt 0.000000 0.000000
vt 0.000000 0.000000
vt 0.000000 0.000000
vt 0.000000 0.000000
vt 0.000000 0.000000
vt 0.000000 0.000000
vt 0.000000 0.000000
vt 0.000000 0.000000
vt 0.000000 0.000000
vt 0.000000 0.000000
vt 0.000000 0.000000
vt 0.000000 0.000000
vt 0.000000 0.000000
vt 0.000000 0.000000
vt 0.000000 0.000000
vt 0.000000 0.000000
vt 0.000000 0.000000
vt 0.000000 0.000000
vt 0.000000 0.000000
vt 0.000000 0.000000
vt 0.000000 0.000000
vt 0.000000 0.000000
vt 0.000000 0.000000
vt 0.000000 0.000000
vt 0.000000 0.000000
vt 0.000000 0.000000
vt 0.000000 0.000000
vt 0.000000 0.000000
vt 0.000000 0.000000
vt 0.000000 0.000000
vt 0.000000 0.000000
vt 0.000000 0.000000
vt 0.000000 0.000000
vt 0.000000 0.000000
vt 0.000000 0.000000
vt 0.000000 0.000000
vt 0.000000 0.000000
vt 0.000000 0.000000
vt 0.000000 0.000000
vt 0.000000 0.000000
vt 0.000000 0.000000
vt 0.000000 0.000000
vt 0.000000 0.000000
vt 0.000000 0.000000
vt 0.000000 0.000000
vt 0.000000 0.000000
vt 0.000000 0.000000
vt 0.000000 0.000000
vt 0.000000 0.000000
vt 0.000000 0.000000
vt 0.000000 0.000000
vt 0.000000 0.000000
vt 0.000000 0.000000
vt 0.000000 0.000000
vt 0.000000 0.000000
vt 0.000000 0.000000
vt 0.000000 0.000000
vt 0.000000 0.000000
vt 0.000000 0.000000
vt 0.000000 0.000000
vt 0.000000 0.000000
vt 0.000000 0.000000
vt 0.000000 0.000000
vt 0.000000 0.000000
vt 0.000000 0.000000
vt 0.000000 0.000000
vt 0.000000 0.000000
vt 0.000000 0.000000
vt 0.000000 0.000000
vt 0.000000 0.000000
vt 0.000000 0.000000
vt 0.000000 0.000000
vt 0.000000 0.000000
vt 0.000000 0.000000
vt 0.000000 0.000000
vt 0.000000 0.000000
vt 0.000000 0.000000
vt 0.000000 0.000000
vt 0.000000 0.000000
vt 0.000000 0.000000
vt 0.000000 0.000000
vt 0.000000 0.000000
vt 0.000000 0.000000
vt 0.000000 0.000000
vt 0.000000 0.000000
vt 0.000000 0.000000
vt 0.000000 0.000000
vt 0.000000 0.000000
vt 0.000000 0.000000
vt 0.000000 0.000000
vt 0.000000 0.000000
vt 0.000000 0.000000
vt 0.000000 0.000000
vt 0.000000 0.000000
vt 0.000000 0.000000
vt 0.000000 0.000000
vt 0.000000 0.000000
vt 0.000000 0.000000
vt 0.000000 0.000000
vt 0.000000 0.000000
vt 0.000000 0.000000
vn 0.3149 -0.8908 0.3275
vn 0.3184 -0.8734 0.3685
vn 0.3255 -0.8982 0.2954
vn 0.3209 -0.8699 0.3747
vn 0.4511 -0.8921 0.0260
vn 0.4522 -0.8916 0.0251
vn 0.4472 -0.8939 0.0312
vn 0.4557 -0.8899 0.0201
vn 0.5493 -0.8357 -0.0002
vn 0.5468 -0.8373 0.0005
vn 0.5465 -0.8375 0.0005
vn 0.5494 -0.8356 -0.0002
vn 0.6193 -0.7774 -0.1103
vn 0.6067 -0.7863 -0.1170
vn 0.6256 -0.7728 -0.1070
vn 0.6006 -0.7904 -0.1201
vn 0.3101 0.5153 0.7989
vn 0.3043 0.5132 0.8025
vn 0.2773 0.4766 0.8342
vn 0.3345 0.5349 0.7759
vn 0.4647 -0.2660 0.8446
vn 0.4525 -0.2535 0.8550
vn 0.4243 -0.2237 0.8774
vn 0.4868 -0.2917 0.8234
vn 0.4694 0.1512 0.8700
vn 0.4523 0.1227 0.8834
vn 0.4559 0.1110 0.8831
vn 0.4684 0.1645 0.8681
vn 0.3911 0.2573 0.8837
vn 0.3918 0.2575 0.8833
vn 0.3718 0.2371 0.8975
vn 0.4120 0.2791 0.8674
vn 0.3005 -0.7448 0.5958
vn 0.3118 -0.7671 0.5606
vn 0.3150 -0.7194 0.6191
vn 0.3066 -0.7899 0.5311
vn 0.6510 0.7590 -0.0126
vn 0.6518 0.7583 -0.0128
vn 0.6508 0.7591 -0.0127
vn 0.6519 0.7582 -0.0128
vn 0.8660 0.4974 -0.0520
vn 0.8673 0.4949 -0.0533
vn 0.8666 0.4962 -0.0529
vn 0.8655 0.4983 -0.0517
vn 0.4463 -0.8864 0.1225
vn 0.4446 -0.8871 0.1238
vn 0.4436 -0.8876 0.1240
vn 0.4475 -0.8859 0.1223
vn 0.0952 -0.9920 -0.0834
vn 0.0998 -0.9909 -0.0898
vn 0.0967 -0.9916 -0.0855
vn 0.0921 -0.9926 -0.0793
vn 0.5561 -0.7754 -0.2991
vn 0.5677 -0.7701 -0.2911
vn 0.5469 -0.7796 -0.3051
vn 0.5732 -0.7678 -0.2862
vn 0.4456 -0.8899 -0.0976
vn 0.4399 -0.8919 -0.1045
vn 0.4465 -0.8890 -0.1018
vn 0.4376 -0.8934 -0.1020
vn 0.3410 -0.9401 0.0016
vn 0.3339 -0.9426 -0.0039
vn 0.3535 -0.9354 0.0106
vn 0.3194 -0.9475 -0.0150
vn 0.2919 -0.9527 0.0840
vn 0.3160 -0.9470 0.0581
vn 0.3515 -0.9361 0.0151
vn 0.2601 -0.9582 0.1189
vn 0.4226 0.9036 -0.0700
vn 0.4237 0.9032 -0.0691
vn 0.4241 0.9031 -0.0668
vn 0.4212 0.9041 -0.0719
vn 0.3339 0.9027 0.2712
vn 0.3210 0.9103 0.2612
vn 0.3088 0.9165 0.2542
vn 0.3557 0.8926 0.2771
vn 0.5505 0.8333 -0.0511
vn 0.5418 0.8384 -0.0588
vn 0.5345 0.8429 -0.0623
vn 0.5569 0.8291 -0.0489
vn 0.6899 0.7158 -0.1081
vn 0.6888 0.7170 -0.1074
vn 0.6892 0.7166 -0.1073
vn 0.6903 0.7154 -0.1079
vn 0.2822 0.9578 -0.0546
vn 0.2833 0.9573 -0.0571
vn 0.2839 0.9570 -0.0587
vn 0.2813 0.9581 -0.0533
vn 0.9505 -0.2718 0.1506
vn 0.9503 -0.2733 0.1489
vn 0.9503 -0.2743 0.1471
vn 0.9505 -0.2708 0.1522
vn 0.9655 0.2582 0.0324
vn 0.9654 0.2587 0.0329
vn 0.9658 0.2572 0.0319
vn 0.9652 0.2595 0.0333
vn 0.4855 0.8247 -0.2901
vn 0.4860 0.8246 -0.2894
vn 0.4825 0.8248 -0.2948
vn 0.4885 0.8245 -0.2855
vn 0.3069 0.8265 0.4719
vn 0.3139 0.8294 0.4621
vn 0.2688 0.8166 0.5107
vn 0.3408 0.8353 0.4314
vn -0.3202 -0.8700 0.3748
vn -0.3142 -0.8910 0.3277
vn -0.3178 -0.8736 0.3687
vn -0.3249 -0.8984 0.2956
vn -0.4506 -0.8923 0.0265
vn -0.4466 -0.8942 0.0317
vn -0.4517 -0.8918 0.0255
vn -0.4552 -0.8902 0.0206
vn -0.5463 -0.8376 0.0008
vn -0.5488 -0.8360 0.0001
vn -0.5460 -0.8378 0.0008
vn -0.5490 -0.8358 0.0002
vn -0.6189 -0.7777 -0.1099
vn -0.6064 -0.7866 -0.1167
vn -0.6003 -0.7907 -0.1198
vn -0.6252 -0.7731 -0.1066
vn -0.3100 0.5151 0.7991
vn -0.3042 0.5130 0.8027
vn -0.3343 0.5347 0.7761
vn -0.2771 0.4765 0.8344
vn -0.4519 -0.2537 0.8552
vn -0.4641 -0.2662 0.8448
vn -0.4238 -0.2239 0.8777
vn -0.4862 -0.2919 0.8236
vn -0.4690 0.1509 0.8702
vn -0.4519 0.1224 0.8836
vn -0.4680 0.1643 0.8683
vn -0.4555 0.1108 0.8833
vn -0.3908 0.2571 0.8839
vn -0.3914 0.2572 0.8835
vn -0.4117 0.2789 0.8676
vn -0.3714 0.2369 0.8977
vn -0.3111 -0.7673 0.5608
vn -0.2998 -0.7449 0.5960
vn -0.3143 -0.7195 0.6193
vn -0.3059 -0.7900 0.5313
vn -0.6522 0.7579 -0.0125
vn -0.6513 0.7587 -0.0123
vn -0.6512 0.7588 -0.0124
vn -0.6523 0.7578 -0.0124
vn -0.8662 0.4971 -0.0516
vn -0.8668 0.4959 -0.0525
vn -0.8674 0.4947 -0.0528
vn -0.8657 0.4980 -0.0513
vn -0.4442 -0.8873 0.1242
vn -0.4459 -0.8866 0.1230
vn -0.4433 -0.8877 0.1244
vn -0.4469 -0.8861 0.1228
vn -0.0963 -0.9917 -0.0856
vn -0.0946 -0.9920 -0.0833
vn -0.0916 -0.9927 -0.0791
vn -0.0993 -0.9910 -0.0898
vn -0.5559 -0.7757 -0.2988
vn -0.5674 -0.7704 -0.2908
vn -0.5730 -0.7681 -0.2859
vn -0.5467 -0.7799 -0.3048
vn -0.4450 -0.8902 -0.0976
vn -0.4395 -0.8922 -0.1042
vn -0.4372 -0.8936 -0.1018
vn -0.4461 -0.8892 -0.1016
vn -0.3405 -0.9402 0.0018
vn -0.3334 -0.9428 -0.0037
vn -0.3189 -0.9477 -0.0148
vn -0.3530 -0.9356 0.0107
vn -0.3155 -0.9471 0.0582
vn -0.2914 -0.9529 0.0842
vn -0.3510 -0.9362 0.0153
vn -0.2595 -0.9584 0.1190
vn -0.4231 0.9034 -0.0698
vn -0.4246 0.9029 -0.0666
vn -0.4242 0.9030 -0.0689
vn -0.4217 0.9039 -0.0717
vn -0.3214 0.9102 0.2614
vn -0.3342 0.9026 0.2714
vn -0.3092 0.9164 0.2543
vn -0.3560 0.8924 0.2773
vn -0.5423 0.8382 -0.0585
vn -0.5509 0.8330 -0.0508
vn -0.5350 0.8426 -0.0620
vn -0.5574 0.8288 -0.0486
vn -0.6903 0.7155 -0.1078
vn -0.6895 0.7163 -0.1070
vn -0.6891 0.7167 -0.1071
vn -0.6907 0.7151 -0.1076
vn -0.2827 0.9577 -0.0546
vn -0.2838 0.9572 -0.0570
vn -0.2819 0.9580 -0.0532
vn -0.2845 0.9569 -0.0586
vn -0.9501 -0.2735 0.1497
vn -0.9503 -0.2721 0.1513
vn -0.9501 -0.2745 0.1480
vn -0.9503 -0.2712 0.1528
vn -0.9656 0.2580 0.0330
vn -0.9654 0.2585 0.0335
vn -0.9652 0.2591 0.0338
vn -0.9658 0.2571 0.0326
vn -0.4866 0.8244 -0.2891
vn -0.4860 0.8244 -0.2900
vn -0.4831 0.8245 -0.2946
vn -0.4891 0.8243 -0.2852
vn -0.3070 0.8264 0.4721
vn -0.3141 0.8293 0.4622
vn -0.3410 0.8351 0.4317
vn -0.2690 0.8165 0.5108
vn 0.6199 -0.7774 -0.1067
vn -0.8045 0.1346 0.5785
vn -0.8370 0.0912 0.5396
vn -0.8037 0.2131 0.5556
vn -0.7945 0.3067 0.5242
vn -0.8144 -0.0571 0.5775
vn -0.8163 -0.0532 0.5752
vn -0.8252 -0.0812 0.5590
vn -0.8083 -0.1044 0.5795
vn -0.5050 0.7079 0.4938
vn -0.5740 -0.5815 0.5765
vn 0.0266 -0.9463 0.3223
vn 0.4374 0.5018 0.7463
vn -0.6195 -0.7777 -0.1064
vn 0.8372 0.0917 0.5391
vn 0.8047 0.1351 0.5781
vn 0.8039 0.2135 0.5552
vn 0.7946 0.3071 0.5238
vn 0.8147 -0.0567 0.5771
vn 0.8166 -0.0528 0.5748
vn 0.8255 -0.0808 0.5586
vn 0.8086 -0.1040 0.5791
vn 0.5049 0.7082 0.4935
vn 0.4613 0.6999 0.5453
vn 0.5746 -0.5812 0.5762
vn 0.5900 -0.5812 0.5605
vn -0.0259 -0.9463 0.3223
vn -0.4372 0.5016 0.7465
vn 0.7172 -0.0397 0.6958
vn 0.6633 -0.0418 0.7471
vn 0.7244 -0.0389 0.6883
vn 0.6595 -0.0398 0.7507
vn 0.6163 -0.3983 0.6794
vn 0.6130 -0.3876 0.6885
vn 0.6124 -0.3782 0.6942
vn 0.6176 -0.4068 0.6731
vn 0.3256 -0.7893 0.5206
vn 0.3618 -0.7850 0.5028
vn 0.3159 -0.7921 0.5223
vn 0.3655 -0.7829 0.5035
vn 0.4156 -0.8935 -0.1702
vn 0.5403 -0.8298 -0.1398
vn 0.5217 -0.8418 -0.1386
vn 0.3846 -0.9088 -0.1614
vn 0.5403 -0.8358 -0.0975
vn 0.6236 -0.7803 -0.0470
vn 0.5959 -0.8004 -0.0654
vn 0.5043 -0.8586 -0.0919
vn 0.6319 -0.7196 -0.2879
vn 0.6829 -0.6947 -0.2259
vn 0.6648 -0.7050 -0.2468
vn 0.6002 -0.7324 -0.3215
vn 0.8778 -0.4192 -0.2320
vn 0.8872 -0.4085 -0.2143
vn 0.8867 -0.4086 -0.2163
vn 0.8734 -0.4266 -0.2350
vn 0.9169 -0.3498 -0.1923
vn 0.9181 -0.3534 -0.1794
vn 0.9123 -0.3381 -0.2310
vn 0.9210 -0.3661 -0.1329
vn 0.9624 0.0591 -0.2652
vn 0.9629 0.0599 -0.2632
vn 0.9606 0.0553 -0.2724
vn 0.9644 0.0635 -0.2566
vn 0.9127 0.2771 -0.3002
vn 0.9165 0.2825 -0.2833
vn 0.9054 0.2663 -0.3306
vn 0.9227 0.2900 -0.2542
vn 0.5818 0.8131 -0.0186
vn 0.5802 0.8142 -0.0221
vn 0.5738 0.8186 -0.0264
vn 0.5835 0.8120 -0.0127
vn 0.4239 0.8942 0.1437
vn 0.4713 0.8669 0.1626
vn 0.5024 0.8506 0.1550
vn 0.4158 0.8983 0.1419
vn 0.4954 0.6713 0.5513
vn 0.4713 0.7084 0.5254
vn 0.4831 0.6794 0.5523
vn 0.4799 0.6993 0.5297
vn 0.5287 0.2810 0.8009
vn 0.5827 0.2637 0.7688
vn 0.5778 0.2716 0.7697
vn 0.5239 0.2834 0.8032
vn 0.4661 -0.8569 0.2204
vn 0.4610 -0.8593 0.2217
vn 0.4753 -0.8529 0.2161
vn 0.4811 -0.8500 0.2147
vn 0.4237 -0.9033 -0.0668
vn 0.3795 -0.9212 -0.0863
vn 0.4350 -0.8982 -0.0631
vn 0.3575 -0.9293 -0.0928
vn 0.6173 -0.7674 -0.1730
vn 0.6071 -0.7738 -0.1807
vn 0.6185 -0.7664 -0.1734
vn 0.6037 -0.7764 -0.1809
vn 0.2235 -0.9726 0.0642
vn 0.1300 -0.9896 0.0614
vn 0.2466 -0.9670 0.0641
vn 0.1077 -0.9921 0.0638
vn 0.6625 -0.6958 -0.2775
vn 0.6593 -0.6984 -0.2784
vn 0.6623 -0.6960 -0.2773
vn 0.6600 -0.6975 -0.2789
vn 0.4109 0.7592 0.5048
vn 0.3948 0.7728 0.4969
vn 0.3687 0.7856 0.4969
vn 0.4425 0.7411 0.5049
vn 0.5525 0.7792 -0.2958
vn 0.5507 0.7797 -0.2981
vn 0.5475 0.7809 -0.3009
vn 0.5553 0.7784 -0.2929
vn 0.8566 0.5047 0.1075
vn 0.8539 0.5089 0.1093
vn 0.8578 0.5028 0.1068
vn 0.8523 0.5113 0.1099
vn 0.7527 0.6251 -0.2065
vn 0.7363 0.6393 -0.2215
vn 0.7292 0.6465 -0.2244
vn 0.7588 0.6184 -0.2047
vn 0.4331 0.8788 0.2002
vn 0.4574 0.8669 0.1983
vn 0.3956 0.9001 0.1827
vn 0.3745 0.9101 0.1774
vn 0.4350 0.8999 -0.0307
vn 0.4243 0.9049 -0.0332
vn 0.4189 0.9076 -0.0287
vn 0.4379 0.8985 -0.0311
vn 0.5374 -0.8424 -0.0390
vn 0.5392 -0.8412 -0.0398
vn 0.5397 -0.8409 -0.0401
vn 0.5368 -0.8428 -0.0388
vn 0.3500 -0.2092 0.9131
vn 0.3506 -0.2219 0.9099
vn 0.3572 -0.2219 0.9073
vn 0.3577 -0.2105 0.9098
vn 0.2108 -0.8294 0.5173
vn 0.2024 -0.8143 0.5439
vn 0.2302 -0.8508 0.4724
vn 0.1867 -0.8031 0.5658
vn 0.1767 -0.8082 0.5617
vn 0.2555 -0.6301 0.7333
vn 0.2583 -0.6337 0.7291
vn 0.2820 -0.6240 0.7287
vn 0.2330 -0.6423 0.7302
vn 0.1272 0.5265 0.8406
vn 0.1238 0.5178 0.8465
vn 0.1170 0.5000 0.8581
vn 0.1354 0.5478 0.8256
vn 0.2887 0.2738 0.9174
vn 0.3019 0.2528 0.9192
vn 0.2955 0.2764 0.9145
vn 0.2964 0.2497 0.9218
vn 0.2272 0.3181 0.9204
vn 0.2232 0.3114 0.9237
vn 0.2093 0.2885 0.9343
vn 0.2449 0.3472 0.9052
vn 0.0733 -0.9640 0.2556
vn 0.0732 -0.9640 0.2556
vn 0.0735 -0.9641 0.2552
vn 0.0728 -0.9639 0.2559
vn -0.1816 0.8126 0.5538
vn -0.1730 0.8082 0.5629
vn -0.1660 0.8096 0.5630
vn -0.1886 0.8103 0.5548
vn -0.4614 0.6997 0.5455
vn -0.5894 -0.5815 0.5608
vn 0.0018 0.2210 0.9753
vn -0.0065 0.2210 0.9752
vn 0.0239 0.2151 0.9763
vn 0.0304 0.2150 0.9761
vn 0.0592 0.5474 0.8348
vn 0.0100 0.5254 0.8508
vn 0.0570 0.5411 0.8390
vn 0.0027 0.5148 0.8573
vn -0.0002 -0.1900 0.9818
vn -0.0161 -0.1925 0.9812
vn 0.0059 -0.1920 0.9814
vn -0.0222 -0.1913 0.9813
vn -0.0159 -0.3674 0.9299
vn -0.0322 -0.3542 0.9346
vn -0.0152 -0.3696 0.9291
vn -0.0342 -0.3503 0.9360
vn 0.0257 0.3294 0.9438
vn 0.0144 0.3281 0.9445
vn 0.0549 0.3224 0.9450
vn 0.0645 0.3237 0.9440
vn -0.0104 -0.1042 0.9945
vn -0.0231 -0.1052 0.9942
vn -0.0077 -0.1043 0.9945
vn -0.0265 -0.1050 0.9941
vn -0.1226 -0.3788 0.9173
vn -0.1232 -0.4232 0.8976
vn -0.1221 -0.3852 0.9147
vn -0.1235 -0.4312 0.8938
vn 0.9425 -0.2940 -0.1587
vn 0.9420 -0.2928 -0.1642
vn 0.9431 -0.2954 -0.1529
vn 0.9411 -0.2910 -0.1721
vn 0.9651 -0.2619 0.0087
vn 0.9644 -0.2643 0.0098
vn 0.9640 -0.2658 0.0107
vn 0.9655 -0.2604 0.0077
vn 0.9792 0.0802 -0.1862
vn 0.9778 0.0703 -0.1976
vn 0.9790 0.0790 -0.1878
vn 0.9810 0.0943 -0.1694
vn 0.1004 -0.9933 -0.0572
vn 0.0991 -0.9935 -0.0566
vn 0.0985 -0.9935 -0.0563
vn 0.1009 -0.9932 -0.0574
vn 0.4383 -0.8987 -0.0127
vn 0.4404 -0.8977 -0.0092
vn 0.4468 -0.8946 0.0007
vn 0.4315 -0.9018 -0.0242
vn 0.2359 0.9718 -0.0008
vn 0.2322 0.9727 -0.0047
vn 0.2340 0.9722 -0.0001
vn 0.2376 0.9714 -0.0032
vn 0.0581 -0.9906 -0.1241
vn 0.0576 -0.9907 -0.1235
vn 0.0663 -0.9889 -0.1332
vn 0.0498 -0.9921 -0.1152
vn 0.9848 0.1726 0.0215
vn 0.9856 0.1676 0.0205
vn 0.9845 0.1740 0.0221
vn 0.9859 0.1662 0.0200
vn 0.6517 -0.5942 0.4715
vn 0.6527 -0.5944 0.4697
vn 0.6586 -0.6292 0.4127
vn 0.6521 -0.5540 0.5176
vn 0.4421 -0.7987 0.4083
vn 0.3934 -0.8054 0.4433
vn 0.3894 -0.8050 0.4476
vn 0.4430 -0.8013 0.4020
vn 0.7415 0.2930 0.6036
vn 0.7494 0.3042 0.5881
vn 0.7421 0.2940 0.6024
vn 0.7346 0.2835 0.6164
vn 0.5645 0.0036 0.8254
vn 0.5729 -0.0050 0.8196
vn 0.5793 0.0076 0.8150
vn 0.5722 0.0170 0.8199
vn 0.3783 -0.9228 0.0735
vn 0.3756 -0.9236 0.0764
vn 0.3905 -0.9186 0.0601
vn 0.3648 -0.9270 0.0874
vn 0.0525 -0.9831 -0.1754
vn 0.0527 -0.9830 -0.1757
vn 0.0507 -0.9836 -0.1730
vn 0.0544 -0.9825 -0.1780
vn 0.1228 0.9461 0.2995
vn 0.1353 0.9366 0.3233
vn 0.1287 0.9420 0.3099
vn 0.1157 0.9512 0.2860
vn 0.1235 -0.9574 0.2611
vn 0.1222 -0.9572 0.2623
vn 0.1401 -0.9591 0.2458
vn 0.1025 -0.9547 0.2792
vn 0.2848 0.7090 0.6451
vn 0.2945 0.7166 0.6323
vn 0.2979 0.7246 0.6214
vn 0.2293 0.7386 0.6339
vn 0.2900 0.7340 0.6141
vn 0.0838 0.6162 0.7832
vn 0.0940 0.6135 0.7841
vn 0.1232 0.6205 0.7744
vn 0.0446 0.6025 0.7968
vn 0.6767 -0.3258 0.6603
vn 0.6684 -0.3352 0.6640
vn 0.6782 -0.3612 0.6401
vn 0.6714 -0.3076 0.6742
vn 0.5121 0.2559 0.8199
vn 0.4581 0.2484 0.8535
vn 0.4742 0.2435 0.8461
vn 0.5304 0.2458 0.8113
vn 0.0946 -0.8902 0.4456
vn 0.0929 -0.8899 0.4467
vn 0.1034 -0.8925 0.4391
vn 0.0801 -0.8863 0.4561
vn 0.6100 -0.7733 -0.1730
vn 0.6101 -0.7732 -0.1729
vn 0.6121 -0.7721 -0.1707
vn 0.6083 -0.7741 -0.1752
vn 0.4708 -0.8365 0.2803
vn 0.4676 -0.8368 0.2848
vn 0.4692 -0.8376 0.2799
vn 0.4729 -0.8363 0.2775
vn 0.4053 -0.9016 0.1513
vn 0.4124 -0.8988 0.1488
vn 0.3937 -0.9059 0.1562
vn 0.4216 -0.8957 0.1414
vn 0.5786 -0.7918 -0.1955
vn 0.5793 -0.7920 -0.1927
vn 0.5511 -0.8032 -0.2261
vn 0.6052 -0.7804 -0.1572
vn 0.3007 0.9535 -0.0222
vn 0.2962 0.9548 -0.0249
vn 0.3015 0.9532 -0.0213
vn 0.3045 0.9523 -0.0184
vn 0.8840 0.4674 -0.0093
vn 0.8858 0.4640 -0.0104
vn 0.8834 0.4684 -0.0090
vn 0.8863 0.4629 -0.0107
vn 0.1263 -0.9898 0.0653
vn 0.1276 -0.9901 0.0592
vn 0.1269 -0.9901 0.0607
vn 0.1250 -0.9899 0.0667
vn 0.3100 0.9470 0.0840
vn 0.3098 0.9471 0.0840
vn 0.3103 0.9470 0.0838
vn 0.3096 0.9471 0.0841
vn 0.0935 -0.9947 -0.0435
vn 0.1002 -0.9936 -0.0528
vn 0.0884 -0.9955 -0.0353
vn 0.1056 -0.9924 -0.0627
vn 0.1331 -0.9773 0.1649
vn 0.1107 -0.9738 0.1986
vn 0.1433 -0.9784 0.1489
vn 0.0936 -0.9701 0.2240
vn 0.9518 -0.2608 0.1611
vn 0.9529 -0.2544 0.1651
vn 0.9495 -0.2736 0.1536
vn 0.9548 -0.2425 0.1717
vn 0.2588 0.9658 -0.0152
vn 0.2593 0.9657 -0.0155
vn 0.2590 0.9658 -0.0153
vn 0.2595 0.9656 -0.0156
vn 0.6925 0.4223 0.5849
vn 0.6901 0.4210 0.5887
vn 0.6948 0.4256 0.5797
vn 0.6872 0.4179 0.5942
vn 0.2625 -0.9489 0.1754
vn 0.2308 -0.9481 0.2188
vn 0.2519 -0.9489 0.1900
vn 0.2980 -0.9457 0.1294
vn 0.3229 0.9059 -0.2740
vn 0.3237 0.9045 -0.2776
vn 0.3242 0.9042 -0.2781
vn 0.3228 0.9061 -0.2735
vn 0.7207 0.6863 0.0979
vn 0.7198 0.6872 0.0985
vn 0.7213 0.6857 0.0975
vn 0.7190 0.6879 0.0990
vn 0.1494 0.8843 0.4424
vn 0.1310 0.9020 0.4114
vn 0.1401 0.8927 0.4282
vn 0.1573 0.8736 0.4605
vn 0.9683 0.2249 0.1087
vn 0.9653 0.2359 0.1119
vn 0.9695 0.2198 0.1088
vn 0.9637 0.2423 0.1126
vn 0.6805 -0.2252 0.6973
vn 0.6952 -0.2368 0.6786
vn 0.7041 -0.2455 0.6663
vn 0.6714 -0.2166 0.7087
vn -0.6591 -0.0401 0.7510
vn -0.7167 -0.0401 0.6962
vn -0.6629 -0.0421 0.7475
vn -0.7240 -0.0393 0.6887
vn -0.6124 -0.3880 0.6888
vn -0.6157 -0.3986 0.6797
vn -0.6121 -0.3779 0.6946
vn -0.6171 -0.4071 0.6734
vn -0.3611 -0.7852 0.5030
vn -0.3249 -0.7895 0.5207
vn -0.3152 -0.7923 0.5225
vn -0.3648 -0.7831 0.5037
vn -0.5399 -0.8301 -0.1396
vn -0.4153 -0.8937 -0.1700
vn -0.5213 -0.8421 -0.1383
vn -0.3842 -0.9091 -0.1612
vn -0.6232 -0.7807 -0.0466
vn -0.5399 -0.8361 -0.0972
vn -0.5956 -0.8007 -0.0651
vn -0.5039 -0.8589 -0.0917
vn -0.6826 -0.6951 -0.2255
vn -0.6317 -0.7199 -0.2876
vn -0.6646 -0.7054 -0.2465
vn -0.6000 -0.7327 -0.3211
vn -0.8871 -0.4090 -0.2138
vn -0.8777 -0.4196 -0.2315
vn -0.8866 -0.4090 -0.2159
vn -0.8733 -0.4271 -0.2345
vn -0.9168 -0.3501 -0.1922
vn -0.9123 -0.3386 -0.2305
vn -0.9180 -0.3539 -0.1789
vn -0.9209 -0.3666 -0.1324
vn -0.9631 0.0594 -0.2627
vn -0.9626 0.0586 -0.2646
vn -0.9608 0.0548 -0.2718
vn -0.9646 0.0630 -0.2560
vn -0.9168 0.2820 -0.2828
vn -0.9130 0.2766 -0.2998
vn -0.9057 0.2658 -0.3301
vn -0.9230 0.2895 -0.2537
vn -0.5807 0.8139 -0.0218
vn -0.5823 0.8128 -0.0183
vn -0.5743 0.8182 -0.0260
vn -0.5840 0.8117 -0.0125
vn -0.4717 0.8666 0.1629
vn -0.4243 0.8940 0.1439
vn -0.5028 0.8504 0.1552
vn -0.4162 0.8981 0.1421
vn -0.4955 0.6710 0.5516
vn -0.4831 0.6792 0.5526
vn -0.4714 0.7082 0.5256
vn -0.4800 0.6990 0.5300
vn -0.5285 0.2807 0.8012
vn -0.5237 0.2831 0.8035
vn -0.5776 0.2713 0.7699
vn -0.5824 0.2633 0.7691
vn -0.4661 -0.8567 0.2209
vn -0.4750 -0.8529 0.2168
vn -0.4612 -0.8590 0.2222
vn -0.4807 -0.8500 0.2154
vn -0.4234 -0.9035 -0.0669
vn -0.3790 -0.9214 -0.0861
vn -0.3571 -0.9295 -0.0926
vn -0.4346 -0.8984 -0.0629
vn -0.6170 -0.7678 -0.1726
vn -0.6068 -0.7741 -0.1803
vn -0.6034 -0.7767 -0.1806
vn -0.6182 -0.7668 -0.1731
vn -0.2229 -0.9727 0.0643
vn -0.1294 -0.9897 0.0614
vn -0.1071 -0.9922 0.0638
vn -0.2460 -0.9671 0.0643
vn -0.6591 -0.6988 -0.2780
vn -0.6622 -0.6962 -0.2772
vn -0.6621 -0.6963 -0.2770
vn -0.6598 -0.6979 -0.2786
vn -0.4110 0.7590 0.5050
vn -0.3950 0.7726 0.4971
vn -0.4426 0.7409 0.5051
vn -0.3689 0.7854 0.4971
vn -0.5531 0.7789 -0.2955
vn -0.5513 0.7794 -0.2978
vn -0.5559 0.7781 -0.2926
vn -0.5481 0.7806 -0.3006
vn -0.8565 0.5047 0.1078
vn -0.8539 0.5088 0.1095
vn -0.8524 0.5112 0.1101
vn -0.8577 0.5029 0.1071
vn -0.7530 0.6253 -0.2048
vn -0.7368 0.6390 -0.2211
vn -0.7592 0.6180 -0.2043
vn -0.7297 0.6461 -0.2240
vn -0.3960 0.8999 0.1829
vn -0.4335 0.8786 0.2004
vn -0.3749 0.9099 0.1775
vn -0.4577 0.8667 0.1985
vn -0.4355 0.8997 -0.0305
vn -0.4249 0.9047 -0.0330
vn -0.4384 0.8983 -0.0309
vn -0.4194 0.9073 -0.0284
vn -0.5370 -0.8427 -0.0387
vn -0.5388 -0.8415 -0.0395
vn -0.5363 -0.8432 -0.0384
vn -0.5393 -0.8412 -0.0398
vn -0.3566 -0.2221 0.9075
vn -0.3494 -0.2095 0.9132
vn -0.3571 -0.2107 0.9100
vn -0.3500 -0.2220 0.9101
vn -0.1860 -0.8032 0.5659
vn -0.2017 -0.8144 0.5441
vn -0.1760 -0.8083 0.5618
vn -0.2101 -0.8295 0.5174
vn -0.2295 -0.8509 0.4725
vn -0.2547 -0.6302 0.7334
vn -0.2576 -0.6339 0.7293
vn -0.2323 -0.6424 0.7303
vn -0.2813 -0.6242 0.7289
vn -0.1270 0.5265 0.8407
vn -0.1236 0.5177 0.8466
vn -0.1352 0.5477 0.8256
vn -0.1168 0.5000 0.8581
vn -0.3015 0.2526 0.9194
vn -0.2883 0.2737 0.9176
vn -0.2951 0.2762 0.9147
vn -0.2960 0.2496 0.9220
vn -0.2269 0.3180 0.9205
vn -0.2229 0.3113 0.9238
vn -0.2445 0.3470 0.9055
vn -0.2089 0.2883 0.9345
vn -0.0721 -0.9641 0.2556
vn -0.0723 -0.9641 0.2556
vn -0.0723 -0.9641 0.2553
vn -0.0721 -0.9640 0.2558
vn 0.1912 0.8181 0.5424
vn 0.1865 0.8159 0.5473
vn 0.2090 0.8245 0.5259
vn 0.1659 0.8097 0.5630
vn -0.0014 0.2210 0.9753
vn -0.0234 0.2151 0.9763
vn 0.0069 0.2210 0.9752
vn -0.0299 0.2150 0.9762
vn -0.0099 0.5255 0.8508
vn -0.0591 0.5474 0.8348
vn -0.0569 0.5411 0.8390
vn -0.0025 0.5149 0.8573
vn 0.0167 -0.1925 0.9812
vn 0.0008 -0.1900 0.9818
vn -0.0053 -0.1920 0.9814
vn 0.0227 -0.1913 0.9813
vn 0.0166 -0.3674 0.9299
vn 0.0329 -0.3542 0.9346
vn 0.0349 -0.3502 0.9360
vn 0.0159 -0.3696 0.9290
vn -0.0254 0.3294 0.9439
vn -0.0546 0.3223 0.9450
vn -0.0140 0.3281 0.9445
vn -0.0642 0.3236 0.9440
vn 0.0236 -0.1052 0.9942
vn 0.0111 -0.1042 0.9945
vn 0.0083 -0.1043 0.9945
vn 0.0270 -0.1050 0.9941
vn 0.1239 -0.4231 0.8976
vn 0.1232 -0.3787 0.9173
vn 0.1228 -0.3851 0.9147
vn 0.1242 -0.4311 0.8937
vn -0.9419 -0.2933 -0.1637
vn -0.9425 -0.2945 -0.1583
vn -0.9430 -0.2959 -0.1524
vn -0.9411 -0.2915 -0.1716
vn -0.9649 -0.2623 0.0093
vn -0.9643 -0.2648 0.0104
vn -0.9654 -0.2608 0.0083
vn -0.9638 -0.2663 0.0114
vn -0.9792 0.0785 -0.1873
vn -0.9794 0.0796 -0.1857
vn -0.9812 0.0937 -0.1688
vn -0.9779 0.0697 -0.1971
vn -0.0985 -0.9935 -0.0565
vn -0.0996 -0.9934 -0.0570
vn -0.0980 -0.9936 -0.0563
vn -0.1001 -0.9933 -0.0572
vn -0.4379 -0.8989 -0.0125
vn -0.4400 -0.8980 -0.0090
vn -0.4310 -0.9020 -0.0239
vn -0.4464 -0.8948 0.0010
vn -0.2327 0.9725 -0.0046
vn -0.2364 0.9717 -0.0007
vn -0.2345 0.9721 -0.0000
vn -0.2381 0.9712 -0.0031
vn -0.0577 -0.9906 -0.1241
vn -0.0571 -0.9907 -0.1235
vn -0.0494 -0.9921 -0.1152
vn -0.0659 -0.9889 -0.1331
vn -0.9848 0.1723 0.0221
vn -0.9857 0.1671 0.0211
vn -0.9860 0.1657 0.0206
vn -0.9845 0.1737 0.0228
vn -0.6511 -0.5945 0.4718
vn -0.6521 -0.5948 0.4701
vn -0.6515 -0.5543 0.5179
vn -0.6581 -0.6295 0.4131
vn -0.3927 -0.8056 0.4436
vn -0.4414 -0.7989 0.4085
vn -0.3888 -0.8052 0.4478
vn -0.4424 -0.8016 0.4023
vn -0.7421 0.2937 0.6025
vn -0.7413 0.2926 0.6040
vn -0.7345 0.2831 0.6167
vn -0.7493 0.3038 0.5885
vn -0.5725 -0.0053 0.8199
vn -0.5641 0.0033 0.8257
vn -0.5789 0.0073 0.8154
vn -0.5718 0.0166 0.8202
vn -0.3751 -0.9238 0.0766
vn -0.3778 -0.9230 0.0737
vn -0.3900 -0.9189 0.0603
vn -0.3643 -0.9272 0.0876
vn -0.0519 -0.9831 -0.1754
vn -0.0522 -0.9830 -0.1758
vn -0.0537 -0.9826 -0.1780
vn -0.0502 -0.9836 -0.1732
vn -0.1291 0.9419 0.3101
vn -0.1232 0.9461 0.2996
vn -0.1161 0.9512 0.2861
vn -0.1356 0.9365 0.3234
vn -0.1216 -0.9573 0.2623
vn -0.1227 -0.9574 0.2612
vn -0.1395 -0.9592 0.2459
vn -0.1018 -0.9548 0.2793
vn -0.2980 0.7245 0.6216
vn -0.2946 0.7164 0.6324
vn -0.2848 0.7089 0.6452
vn -0.2900 0.7339 0.6142
vn -0.2293 0.7385 0.6341
vn -0.0940 0.6134 0.7841
vn -0.0837 0.6161 0.7832
vn -0.1232 0.6204 0.7745
vn -0.0445 0.6025 0.7969
vn -0.6761 -0.3261 0.6607
vn -0.6679 -0.3356 0.6643
vn -0.6709 -0.3080 0.6746
vn -0.6776 -0.3615 0.6404
vn -0.4578 0.2481 0.8538
vn -0.5118 0.2556 0.8202
vn -0.4739 0.2433 0.8463
vn -0.5301 0.2455 0.8116
vn -0.0999 -0.8922 0.4404
vn -0.1027 -0.8925 0.4392
vn -0.1006 -0.8924 0.4398
vn -0.0971 -0.8915 0.4424
vn -0.6098 -0.7735 -0.1726
vn -0.6096 -0.7737 -0.1728
vn -0.6118 -0.7724 -0.1704
vn -0.6080 -0.7744 -0.1748
vn -0.4699 -0.8368 0.2811
vn -0.4684 -0.8378 0.2805
vn -0.4665 -0.8371 0.2856
vn -0.4722 -0.8364 0.2781
vn -0.4119 -0.8990 0.1490
vn -0.4048 -0.9018 0.1515
vn -0.3932 -0.9060 0.1564
vn -0.4211 -0.8959 0.1416
vn -0.5783 -0.7921 -0.1952
vn -0.5790 -0.7923 -0.1924
vn -0.6049 -0.7807 -0.1569
vn -0.5508 -0.8035 -0.2258
vn -0.3020 0.9531 -0.0211
vn -0.3012 0.9533 -0.0221
vn -0.3050 0.9522 -0.0183
vn -0.2968 0.9546 -0.0248
vn -0.8860 0.4635 -0.0099
vn -0.8842 0.4671 -0.0088
vn -0.8836 0.4681 -0.0084
vn -0.8866 0.4625 -0.0102
vn -0.1257 -0.9899 0.0653
vn -0.1263 -0.9901 0.0608
vn -0.1270 -0.9901 0.0592
vn -0.1245 -0.9900 0.0668
vn -0.3104 0.9469 0.0840
vn -0.3100 0.9470 0.0841
vn -0.3106 0.9468 0.0838
vn -0.0997 -0.9936 -0.0527
vn -0.0930 -0.9947 -0.0434
vn -0.0879 -0.9955 -0.0352
vn -0.1052 -0.9925 -0.0627
vn -0.1119 -0.9694 0.2186
vn -0.1423 -0.9732 0.1804
vn -0.1621 -0.9744 0.1556
vn -0.0900 -0.9646 0.2481
vn -0.9518 -0.2603 0.1619
vn -0.9528 -0.2542 0.1658
vn -0.9547 -0.2427 0.1722
vn -0.9496 -0.2727 0.1547
vn -0.2598 0.9655 -0.0153
vn -0.2599 0.9655 -0.0154
vn -0.2600 0.9655 -0.0155
vn -0.2596 0.9656 -0.0152
vn -0.6924 0.4219 0.5853
vn -0.6900 0.4206 0.5891
vn -0.6871 0.4176 0.5946
vn -0.6947 0.4253 0.5801
vn -0.2513 -0.9491 0.1902
vn -0.2619 -0.9490 0.1755
vn -0.2975 -0.9459 0.1295
vn -0.2302 -0.9482 0.2190
vn -0.3235 0.9057 -0.2738
vn -0.3243 0.9044 -0.2774
vn -0.3234 0.9059 -0.2733
vn -0.3249 0.9040 -0.2779
vn -0.7208 0.6861 0.0981
vn -0.7200 0.6869 0.0986
vn -0.7193 0.6876 0.0991
vn -0.7216 0.6854 0.0977
vn -0.1496 0.8842 0.4425
vn -0.1403 0.8927 0.4283
vn -0.1313 0.9019 0.4115
vn -0.1575 0.8735 0.4606
vn -0.9653 0.2359 0.1122
vn -0.9681 0.2254 0.1091
vn -0.9693 0.2205 0.1093
vn -0.9637 0.2421 0.1129
vn -0.6800 -0.2255 0.6977
vn -0.6948 -0.2372 0.6790
vn -0.6710 -0.2170 0.7090
vn -0.7036 -0.2458 0.6667
vn -0.0758 -0.0257 -0.9968
vn 0.2375 -0.0908 -0.9671
vn 0.2297 -0.0814 -0.9699
vn 0.1271 0.3605 -0.9241
vn 0.1276 0.3605 -0.9240
vn 0.2339 0.1790 -0.9556
vn 0.2380 0.1786 -0.9547
vn 0.2441 0.0521 -0.9683
vn 0.2407 0.0556 -0.9690
vn 0.2289 0.1775 -0.9571
vn 0.2356 0.1731 -0.9563
vn 0.1614 -0.2496 -0.9548
vn 0.4336 -0.6099 -0.6633
vn -0.3333 0.0713 0.9401
vn -0.2865 0.0979 0.9531
vn -0.0037 -0.8546 -0.5192
vn -0.0044 -0.8631 -0.5051
vn 0.0755 -0.0260 -0.9968
vn -0.2300 -0.0815 -0.9698
vn -0.2378 -0.0909 -0.9670
vn -0.1278 0.3603 -0.9241
vn -0.1281 0.3603 -0.9240
vn -0.2342 0.1788 -0.9556
vn -0.2385 0.1784 -0.9546
vn -0.2444 0.0521 -0.9683
vn -0.2410 0.0555 -0.9689
vn -0.2291 0.1773 -0.9571
vn -0.2359 0.1729 -0.9563
vn -0.1617 -0.2497 -0.9547
vn -0.4339 -0.6098 -0.6632
vn 0.3337 0.0715 0.9400
vn 0.0040 -0.8547 -0.5191
vn 0.0046 -0.8630 -0.5052
vn -0.0303 -0.0220 -0.9993
vn -0.0271 -0.0176 -0.9995
vn -0.0161 -0.0023 -0.9999
vn -0.0373 -0.0317 -0.9988
vn -0.1083 0.0032 -0.9941
vn -0.1039 0.0011 -0.9946
vn -0.1143 0.0060 -0.9934
vn -0.0992 -0.0013 -0.9951
vn -0.0492 -0.0412 -0.9979
vn -0.0563 -0.0338 -0.9978
vn -0.0474 -0.0431 -0.9979
vn -0.0396 -0.0512 -0.9979
vn 0.0074 0.0097 -0.9999
vn 0.0012 0.0137 -0.9999
vn 0.0064 0.0104 -0.9999
vn 0.0126 0.0061 -0.9999
vn -0.0311 -0.0358 -0.9989
vn -0.0340 -0.0316 -0.9989
vn -0.0288 -0.0392 -0.9988
vn -0.0261 -0.0432 -0.9987
vn -0.0904 -0.0543 -0.9944
vn -0.0856 -0.0572 -0.9947
vn -0.0882 -0.0554 -0.9946
vn -0.0934 -0.0527 -0.9942
vn 0.0092 -0.0288 -0.9995
vn 0.0112 -0.0297 -0.9995
vn 0.0101 -0.0294 -0.9995
vn 0.0080 -0.0282 -0.9996
vn -0.0346 -0.4515 -0.8916
vn -0.0362 -0.4475 -0.8935
vn -0.0364 -0.4468 -0.8939
vn -0.0342 -0.4525 -0.8911
vn 0.0260 0.4637 -0.8856
vn 0.0252 0.4621 -0.8865
vn 0.0262 0.4642 -0.8853
vn 0.0251 0.4618 -0.8866
vn 0.1707 -0.2516 -0.9527
vn -0.8232 0.3200 0.4690
vn -0.8364 0.3260 0.4407
vn -0.8462 0.3529 0.3993
vn -0.8173 0.2874 0.4995
vn -0.0585 -0.9965 0.0604
vn -0.0570 -0.9972 0.0494
vn 0.0402 -0.9992 -0.0049
vn -0.1403 -0.9849 0.1011
vn 0.1156 0.9530 -0.2801
vn 0.1361 0.9672 -0.2143
vn 0.1543 0.9755 -0.1570
vn 0.0697 0.9455 -0.3180
vn 0.8602 -0.3798 0.3402
vn 0.8527 -0.3407 0.3959
vn 0.8446 -0.3230 0.4270
vn 0.8650 -0.3989 0.3044
vn 0.5989 -0.7105 0.3696
vn 0.6062 -0.7088 0.3607
vn 0.5850 -0.7125 0.3874
vn 0.6185 -0.7063 0.3443
vn -0.5127 0.8471 -0.1402
vn -0.8190 0.5560 0.1414
vn -0.9180 0.0860 0.3872
vn -0.2130 0.9225 -0.3220
vn -0.9845 -0.1018 0.1428
vn -0.9497 -0.3088 -0.0524
vn -0.8996 0.2282 0.3723
vn -0.9120 -0.3968 -0.1042
vn 0.7452 0.6626 0.0754
vn 0.7302 0.6772 0.0900
vn 0.7157 0.6878 0.1213
vn 0.7654 0.6424 0.0373
vn 0.9081 -0.3336 -0.2532
vn 0.9149 -0.3495 -0.2018
vn 0.9110 -0.3367 -0.2380
vn 0.9003 -0.3250 -0.2896
vn 0.8995 0.1725 -0.4013
vn 0.8935 0.1737 -0.4142
vn 0.8303 0.1900 -0.5239
vn 0.9419 0.1644 -0.2928
vn 0.7246 -0.4596 -0.5135
vn 0.7903 -0.4495 -0.4163
vn 0.6631 -0.4677 -0.5844
vn 0.8286 -0.4386 -0.3478
vn 0.3697 0.9290 -0.0167
vn 0.3753 0.9268 -0.0099
vn 0.3804 0.9248 -0.0026
vn 0.3653 0.9306 -0.0223
vn -0.6758 -0.0225 -0.7368
vn -0.7155 -0.0094 -0.6986
vn -0.6812 -0.0217 -0.7318
vn -0.7184 -0.0083 -0.6956
vn -0.1336 0.6460 -0.7515
vn -0.1445 0.6680 -0.7300
vn -0.1316 0.6431 -0.7544
vn -0.1471 0.6699 -0.7278
vn 0.9737 -0.1445 -0.1761
vn 0.9730 -0.1448 -0.1796
vn 0.9771 -0.1402 -0.1599
vn 0.9779 -0.1396 -0.1558
vn 0.5391 -0.7939 0.2812
vn 0.5287 -0.7987 0.2873
vn 0.5215 -0.8024 0.2901
vn 0.5476 -0.7891 0.2782
vn 0.8556 0.4096 -0.3164
vn 0.8685 0.4274 -0.2510
vn 0.8534 0.4069 -0.3258
vn 0.8697 0.4293 -0.2435
vn -0.2269 -0.9630 0.1455
vn -0.2276 -0.9629 0.1451
vn -0.2251 -0.9637 0.1435
vn -0.2309 -0.9618 0.1470
vn -0.6606 -0.5297 -0.5321
vn -0.6441 -0.5330 -0.5487
vn -0.6624 -0.5293 -0.5301
vn -0.6419 -0.5331 -0.5512
vn 0.9488 -0.1010 -0.2992
vn 0.9322 -0.1061 -0.3462
vn 0.9559 -0.0985 -0.2767
vn 0.9680 -0.0939 -0.2327
vn -0.8626 -0.4885 -0.1313
vn -0.8628 -0.4880 -0.1325
vn -0.8650 -0.4735 -0.1660
vn -0.8598 -0.5003 -0.1019
vn -0.1416 -0.9230 -0.3577
vn -0.1414 -0.9269 -0.3476
vn -0.1416 -0.9279 -0.3449
vn -0.1408 -0.9223 -0.3598
vn 0.8078 0.5784 0.1137
vn 0.8094 0.5751 0.1192
vn 0.8086 0.5777 0.1116
vn 0.8073 0.5771 0.1234
vn 0.5302 -0.8259 -0.1917
vn 0.5231 -0.8423 -0.1299
vn 0.5306 -0.8233 -0.2016
vn 0.5227 -0.8438 -0.1220
vn 0.9337 -0.2226 0.2803
vn 0.9357 -0.2101 0.2835
vn 0.9329 -0.2197 0.2852
vn 0.9368 -0.2123 0.2782
vn -0.3427 0.9084 -0.2394
vn -0.3426 0.9085 -0.2392
vn -0.3453 0.9057 -0.2458
vn -0.3407 0.9105 -0.2342
vn -0.9283 0.1343 -0.3468
vn -0.9470 0.1131 -0.3007
vn -0.9259 0.1369 -0.3522
vn -0.9025 0.1594 -0.4002
vn 0.5412 0.6801 -0.4945
vn 0.5449 0.7039 -0.4557
vn 0.5403 0.6749 -0.5026
vn 0.5454 0.7077 -0.4492
vn 0.8104 0.5836 -0.0523
vn 0.8131 0.5817 -0.0225
vn 0.8114 0.5815 -0.0584
vn 0.8121 0.5833 -0.0141
vn -0.8884 -0.4480 -0.0997
vn -0.8890 -0.4428 -0.1163
vn -0.8846 -0.4583 -0.0868
vn -0.8867 -0.4579 -0.0643
vn -0.3237 0.9230 -0.2081
vn -0.3257 0.9210 -0.2136
vn -0.3002 0.9402 -0.1610
vn -0.3452 0.8994 -0.2680
vn 0.5777 -0.7614 0.2942
vn 0.5848 -0.7593 0.2854
vn 0.5658 -0.7641 0.3101
vn 0.5953 -0.7564 0.2710
vn 0.6351 0.7676 0.0860
vn 0.6262 0.7723 0.1069
vn 0.6401 0.7602 0.1114
vn 0.6451 0.7585 0.0924
vn 0.3801 -0.8758 -0.2974
vn 0.4171 -0.8106 -0.4110
vn 0.4136 -0.7944 -0.4447
vn 0.3489 -0.8967 -0.2723
vn 0.8102 -0.2033 0.5497
vn 0.8304 -0.1950 0.5220
vn 0.8104 -0.1736 0.5595
vn 0.8293 -0.2224 0.5126
vn 0.6662 -0.6061 0.4345
vn 0.7069 -0.6104 0.3573
vn 0.6557 -0.6056 0.4509
vn 0.7273 -0.6004 0.3326
vn 0.7588 0.5734 0.3089
vn 0.7410 0.5582 0.3732
vn 0.8129 0.5135 0.2748
vn 0.7305 0.5664 0.3815
vn 0.3007 -0.9174 0.2608
vn 0.3026 -0.9208 0.2460
vn 0.3048 -0.9212 0.2416
vn 0.2972 -0.9180 0.2624
vn 0.9163 -0.3288 0.2288
vn 0.9145 -0.3014 0.2700
vn 0.9103 -0.2946 0.2907
vn 0.9184 -0.3372 0.2070
vn 0.3124 0.9371 -0.1558
vn 0.3239 0.9360 -0.1379
vn 0.3229 0.9351 -0.1462
vn 0.3030 0.9421 -0.1437
vn -0.1789 -0.9836 0.0247
vn -0.1785 -0.9838 0.0178
vn -0.1535 -0.9881 0.0075
vn -0.2018 -0.9789 0.0336
vn -0.9696 0.1702 -0.1756
vn -0.9703 0.1689 -0.1730
vn -0.9732 0.1640 -0.1609
vn -0.9667 0.1747 -0.1868
vn 0.4080 -0.8147 0.4120
vn 0.4104 -0.8031 0.4320
vn 0.3962 -0.8189 0.4154
vn 0.4176 -0.8381 0.3509
vn 0.4838 -0.8751 -0.0117
vn 0.4791 -0.8773 -0.0281
vn 0.4975 -0.8675 -0.0056
vn 0.4583 -0.8879 -0.0402
vn 0.1835 -0.9830 0.0035
vn 0.2062 -0.9642 -0.1667
vn 0.2700 -0.9580 -0.0963
vn 0.0679 -0.9901 -0.1231
vn 0.6480 -0.0643 0.7589
vn 0.6460 -0.0545 0.7614
vn 0.6422 -0.0660 0.7637
vn 0.6515 -0.0517 0.7569
vn 0.7169 0.6940 -0.0673
vn 0.7218 0.6879 0.0761
vn 0.7397 0.6594 -0.1344
vn 0.6509 0.7515 0.1076
vn 0.6775 0.4494 0.5823
vn 0.6785 0.4450 0.5845
vn 0.6922 0.4588 0.5570
vn 0.6752 0.4289 0.6001
vn 0.6599 -0.6466 0.3827
vn 0.6291 -0.6265 0.4601
vn 0.6487 -0.6563 0.3854
vn 0.6397 -0.6190 0.4556
vn 0.6979 -0.5178 0.4949
vn 0.7316 -0.5041 0.4590
vn 0.7330 -0.4913 0.4704
vn 0.6960 -0.5144 0.5009
vn 0.7005 -0.1213 0.7033
vn 0.6781 -0.1019 0.7279
vn 0.6519 -0.0804 0.7541
vn 0.7206 -0.1389 0.6793
vn 0.7796 -0.3382 0.5271
vn 0.7598 -0.3011 0.5762
vn 0.7440 -0.2762 0.6084
vn 0.7951 -0.3695 0.4810
vn 0.1291 -0.9865 0.1012
vn 0.1422 -0.9885 0.0509
vn 0.1351 -0.9899 0.0439
vn 0.1006 -0.9890 0.1084
vn 0.4920 0.6569 0.5713
vn 0.4983 0.6497 0.5742
vn 0.4956 0.6536 0.5720
vn 0.5059 0.6461 0.5715
vn 0.6195 -0.4044 0.6728
vn 0.6645 -0.3945 0.6347
vn 0.6078 -0.4094 0.6804
vn 0.6782 -0.3844 0.6263
vn 0.7244 0.6842 -0.0847
vn 0.7270 0.6732 -0.1351
vn 0.7170 0.6858 -0.1249
vn 0.7185 0.6905 -0.0835
vn 0.3814 -0.9054 -0.1863
vn 0.3581 -0.9117 -0.2015
vn 0.3955 -0.9006 -0.1802
vn 0.3190 -0.9235 -0.2132
vn 0.4684 0.3360 0.8171
vn 0.5107 0.3392 0.7900
vn 0.4536 0.3372 0.8249
vn 0.5218 0.3316 0.7860
vn 0.5016 -0.6279 0.5951
vn 0.4997 -0.6280 0.5965
vn 0.5050 -0.6291 0.5910
vn 0.4958 -0.6275 0.6004
vn 0.7198 0.4072 -0.5622
vn 0.7228 0.4113 -0.5553
vn 0.7236 0.4123 -0.5535
vn 0.7191 0.4063 -0.5638
vn 0.8664 0.4566 0.2019
vn 0.8663 0.4570 0.2016
vn 0.8663 0.4564 0.2030
vn 0.8669 0.4561 0.2011
vn 0.9461 0.1722 0.2745
vn 0.9451 0.1734 0.2768
vn 0.9449 0.1734 0.2777
vn 0.9463 0.1721 0.2737
vn 0.7192 0.6552 0.2312
vn 0.7179 0.6581 0.2270
vn 0.7183 0.6570 0.2290
vn 0.7197 0.6536 0.2342
vn 0.8735 -0.1770 0.4535
vn 0.8704 -0.1708 0.4617
vn 0.8694 -0.1698 0.4639
vn 0.8749 -0.1784 0.4502
vn 0.3195 0.8712 0.3729
vn 0.3193 0.8714 0.3724
vn 0.3188 0.8712 0.3734
vn 0.3202 0.8712 0.3720
vn 0.1465 0.9404 0.3068
vn 0.1455 0.9399 0.3087
vn 0.1458 0.9399 0.3089
vn 0.1464 0.9406 0.3064
vn 0.4690 -0.5188 0.7147
vn 0.4701 -0.5200 0.7132
vn 0.4702 -0.5205 0.7127
vn 0.4679 -0.5200 0.7146
vn 0.0072 -0.0202 -0.9998
vn 0.0050 -0.0266 -0.9996
vn 0.0041 -0.0295 -0.9996
vn 0.0086 -0.0162 -0.9998
vn -0.0365 -0.0254 -0.9990
vn -0.0355 -0.0310 -0.9989
vn -0.0373 -0.0210 -0.9991
vn -0.0350 -0.0343 -0.9988
vn -0.0695 -0.0737 -0.9949
vn -0.0724 -0.0813 -0.9941
vn -0.0679 -0.0694 -0.9953
vn -0.0740 -0.0853 -0.9936
vn -0.0688 -0.0341 -0.9970
vn -0.0609 -0.0407 -0.9973
vn -0.0725 -0.0309 -0.9969
vn -0.0558 -0.0452 -0.9974
vn -0.0330 -0.0191 -0.9993
vn -0.0330 -0.0193 -0.9993
vn -0.0329 -0.0195 -0.9993
vn -0.0163 -0.0117 -0.9998
vn -0.0213 -0.0000 -0.9998
vn -0.0184 -0.0071 -0.9998
vn -0.0232 0.0044 -0.9997
vn -0.0501 0.0372 -0.9981
vn -0.0497 0.0379 -0.9980
vn -0.0488 0.0393 -0.9980
vn -0.0507 0.0361 -0.9981
vn -0.0520 -0.0054 -0.9986
vn -0.0481 -0.0071 -0.9988
vn -0.0561 -0.0035 -0.9984
vn -0.0424 -0.0097 -0.9991
vn -0.0187 -0.0146 -0.9997
vn -0.0184 -0.0149 -0.9997
vn -0.0182 -0.0152 -0.9997
vn -0.1750 0.0056 0.9846
vn -0.1786 0.0192 0.9837
vn -0.1733 0.0007 0.9849
vn -0.1796 0.0257 0.9834
vn -0.3595 0.1508 0.9209
vn -0.3565 0.1314 0.9250
vn -0.3483 0.1418 0.9266
vn -0.3661 0.1393 0.9201
vn -0.1640 0.0422 0.9856
vn -0.1703 0.0588 0.9836
vn -0.1591 0.0307 0.9868
vn -0.1736 0.0679 0.9825
vn -0.3972 0.1033 0.9119
vn -0.3970 0.0955 0.9128
vn -0.3948 0.1010 0.9132
vn -0.3996 0.0977 0.9114
vn -0.1508 0.0616 0.9866
vn -0.1533 0.0573 0.9865
vn -0.1482 0.0662 0.9867
vn -0.1455 0.0707 0.9868
vn -0.1483 0.0887 0.9850
vn -0.1394 0.1006 0.9851
vn -0.1514 0.0843 0.9849
vn -0.1605 0.0725 0.9844
vn -0.3835 0.0171 0.9234
vn -0.3660 0.0304 0.9301
vn -0.3798 0.0298 0.9246
vn -0.3936 0.0161 0.9191
vn -0.1533 0.1143 0.9815
vn -0.1537 0.1131 0.9816
vn -0.1521 0.1170 0.9814
vn -0.1521 0.1178 0.9813
vn -0.3227 0.0177 0.9463
vn -0.3132 0.0251 0.9494
vn -0.3201 0.0294 0.9469
vn -0.3272 0.0235 0.9447
vn -0.1411 0.1231 0.9823
vn -0.1444 0.1154 0.9828
vn -0.1461 0.1109 0.9830
vn -0.1400 0.1268 0.9820
vn -0.1744 -0.8084 0.5622
vn -0.1889 -0.8175 0.5441
vn -0.1725 -0.8077 0.5638
vn -0.1546 -0.8008 0.5787
vn -0.0553 0.6478 0.7598
vn -0.0512 0.6408 0.7660
vn -0.0509 0.6438 0.7635
vn -0.0573 0.6453 0.7618
vn 0.1352 0.9907 -0.0159
vn 0.1348 0.9908 -0.0156
vn 0.1362 0.9905 -0.0167
vn 0.1338 0.9909 -0.0148
vn 0.8236 0.1764 -0.5390
vn 0.8246 0.1770 -0.5373
vn 0.8250 0.1767 -0.5368
vn 0.8233 0.1766 -0.5394
vn 0.6132 0.5000 -0.6115
vn 0.6165 0.5069 -0.6025
vn 0.6171 0.5078 -0.6010
vn 0.6127 0.4990 -0.6128
vn 0.8035 -0.1752 -0.5689
vn 0.8029 -0.1760 -0.5696
vn 0.8028 -0.1762 -0.5696
vn 0.8033 -0.1755 -0.5691
vn 0.2536 0.6435 -0.7222
vn 0.2537 0.6434 -0.7223
vn 0.2538 0.6432 -0.7224
vn 0.2535 0.6437 -0.7221
vn 0.0605 0.5838 -0.8097
vn 0.0607 0.5846 -0.8091
vn 0.0605 0.5845 -0.8091
vn 0.0604 0.5838 -0.8096
vn 0.5376 -0.6836 -0.4936
vn 0.5330 -0.6723 -0.5137
vn 0.5343 -0.6736 -0.5107
vn 0.5383 -0.6852 -0.4907
vn 0.0830 -0.6838 0.7250
vn 0.0808 -0.6790 0.7297
vn 0.0836 -0.6849 0.7238
vn 0.0809 -0.6770 0.7315
vn 0.1249 0.9920 -0.0168
vn 0.1245 0.9921 -0.0169
vn 0.1247 0.9920 -0.0168
vn 0.1246 0.9921 -0.0170
vn 0.1599 0.9826 0.0947
vn 0.1420 0.9853 0.0954
vn 0.1440 0.9848 0.0967
vn 0.1589 0.9829 0.0926
vn 0.0221 0.9458 0.3241
vn 0.0183 0.9461 0.3232
vn 0.0267 0.9433 0.3309
vn 0.0172 0.9481 0.3176
vn -0.0283 0.7693 0.6383
vn -0.0328 0.7767 0.6291
vn -0.0303 0.7678 0.6400
vn -0.0315 0.7786 0.6268
vn -0.0604 0.7567 0.6510
vn -0.0704 0.7424 0.6663
vn -0.0597 0.7453 0.6640
vn -0.0726 0.7534 0.6535
vn 0.1968 0.9759 -0.0945
vn 0.1808 0.9793 -0.0913
vn 0.1974 0.9758 -0.0941
vn 0.1782 0.9797 -0.0922
vn -0.0367 0.8943 0.4459
vn -0.0598 0.8999 0.4319
vn -0.0829 0.9051 0.4170
vn -0.0144 0.8903 0.4551
vn 0.2496 0.9267 -0.2809
vn 0.2498 0.9268 -0.2805
vn 0.2549 0.9241 -0.2848
vn 0.2433 0.9300 -0.2755
vn 0.1655 0.9842 0.0627
vn 0.1667 0.9840 0.0625
vn 0.1653 0.9843 0.0627
vn 0.1670 0.9840 0.0624
vn 0.0297 -0.0220 -0.9993
vn 0.0265 -0.0177 -0.9995
vn 0.0367 -0.0318 -0.9988
vn 0.0155 -0.0025 -0.9999
vn 0.1081 0.0030 -0.9941
vn 0.1141 0.0058 -0.9935
vn 0.1036 0.0009 -0.9946
vn 0.0990 -0.0015 -0.9951
vn 0.0485 -0.0412 -0.9980
vn 0.0468 -0.0430 -0.9980
vn 0.0556 -0.0338 -0.9979
vn 0.0390 -0.0512 -0.9979
vn -0.0080 0.0096 -0.9999
vn -0.0071 0.0102 -0.9999
vn -0.0018 0.0135 -0.9999
vn -0.0131 0.0061 -0.9999
vn 0.0305 -0.0359 -0.9989
vn 0.0282 -0.0393 -0.9988
vn 0.0333 -0.0317 -0.9989
vn 0.0255 -0.0432 -0.9987
vn 0.0901 -0.0544 -0.9944
vn 0.0930 -0.0528 -0.9943
vn 0.0879 -0.0555 -0.9946
vn 0.0852 -0.0573 -0.9947
vn -0.0096 -0.0289 -0.9995
vn -0.0106 -0.0295 -0.9995
vn -0.0117 -0.0297 -0.9995
vn -0.0084 -0.0283 -0.9996
vn 0.0344 -0.4515 -0.8916
vn 0.0361 -0.4469 -0.8938
vn 0.0359 -0.4476 -0.8935
vn 0.0340 -0.4525 -0.8911
vn -0.0260 0.4618 -0.8866
vn -0.0269 0.4637 -0.8856
vn -0.0271 0.4642 -0.8853
vn -0.0259 0.4615 -0.8867
vn -0.1710 -0.2516 -0.9526
vn 0.8233 0.3204 0.4685
vn 0.8462 0.3534 0.3989
vn 0.8364 0.3264 0.4403
vn 0.8174 0.2878 0.4991
vn 0.0576 -0.9971 0.0494
vn 0.0591 -0.9964 0.0604
vn -0.0397 -0.9992 -0.0049
vn 0.1409 -0.9849 0.1010
vn -0.1163 0.9529 -0.2800
vn -0.1367 0.9671 -0.2144
vn -0.0704 0.9455 -0.3180
vn -0.1549 0.9754 -0.1569
vn -0.8598 -0.3803 0.3407
vn -0.8442 -0.3234 0.4274
vn -0.8524 -0.3412 0.3964
vn -0.8646 -0.3994 0.3048
vn -0.6056 -0.7091 0.3611
vn -0.5983 -0.7108 0.3700
vn -0.5844 -0.7128 0.3878
vn -0.6179 -0.7067 0.3446
vn 0.5121 0.8474 -0.1404
vn 0.9181 0.0865 0.3867
vn 0.8188 0.5565 0.1409
vn 0.2123 0.9226 -0.3221
vn 0.9498 -0.3083 -0.0529
vn 0.9846 -0.1013 0.1423
vn 0.8997 0.2287 0.3718
vn 0.9121 -0.3963 -0.1047
vn -0.7455 0.6622 0.0758
vn -0.7160 0.6874 0.1217
vn -0.7306 0.6768 0.0904
vn -0.7658 0.6420 0.0377
vn -0.9080 -0.3341 -0.2527
vn -0.9110 -0.3372 -0.2375
vn -0.9148 -0.3500 -0.2014
vn -0.9003 -0.3255 -0.2891
vn -0.8998 0.1721 -0.4009
vn -0.8307 0.1896 -0.5234
vn -0.8938 0.1732 -0.4137
vn -0.9422 0.1639 -0.2923
vn -0.7903 -0.4499 -0.4159
vn -0.7246 -0.4600 -0.5132
vn -0.6632 -0.4680 -0.5840
vn -0.8286 -0.4390 -0.3474
vn -0.3702 0.9288 -0.0165
vn -0.3758 0.9266 -0.0097
vn -0.3658 0.9304 -0.0221
vn -0.3809 0.9246 -0.0024
vn 0.7151 -0.0091 -0.6989
vn 0.6808 -0.0214 -0.7321
vn 0.7180 -0.0079 -0.6960
vn 0.6754 -0.0221 -0.7371
vn 0.1329 0.6461 -0.7516
vn 0.1438 0.6681 -0.7301
vn 0.1464 0.6699 -0.7279
vn 0.1308 0.6432 -0.7545
vn -0.9771 -0.1407 -0.1594
vn -0.9731 -0.1453 -0.1791
vn -0.9737 -0.1450 -0.1756
vn -0.9779 -0.1401 -0.1553
vn -0.5386 -0.7942 0.2815
vn -0.5282 -0.7990 0.2876
vn -0.5470 -0.7894 0.2785
vn -0.5209 -0.8027 0.2904
vn -0.8560 0.4091 -0.3160
vn -0.8689 0.4270 -0.2505
vn -0.8701 0.4289 -0.2430
vn -0.8538 0.4065 -0.3254
vn 0.2282 -0.9628 0.1449
vn 0.2275 -0.9629 0.1454
vn 0.2256 -0.9636 0.1434
vn 0.2314 -0.9617 0.1469
vn 0.6606 -0.5293 -0.5324
vn 0.6441 -0.5327 -0.5490
vn 0.6419 -0.5327 -0.5515
vn 0.6624 -0.5290 -0.5304
vn -0.9489 -0.1015 -0.2987
vn -0.9560 -0.0990 -0.2762
vn -0.9323 -0.1066 -0.3457
vn -0.9681 -0.0944 -0.2322
vn 0.8628 -0.4880 -0.1317
vn 0.8652 -0.4731 -0.1664
vn 0.8629 -0.4876 -0.1327
vn 0.8600 -0.4999 -0.1023
vn 0.1419 -0.9230 -0.3578
vn 0.1417 -0.9268 -0.3477
vn 0.1411 -0.9222 -0.3600
vn 0.1419 -0.9278 -0.3450
vn -0.8080 0.5781 0.1140
vn -0.8096 0.5747 0.1196
vn -0.8075 0.5767 0.1238
vn -0.8088 0.5773 0.1120
vn -0.5298 -0.8262 -0.1914
vn -0.5227 -0.8426 -0.1296
vn -0.5223 -0.8440 -0.1217
vn -0.5303 -0.8236 -0.2013
vn -0.9354 -0.2106 0.2840
vn -0.9335 -0.2231 0.2808
vn -0.9327 -0.2202 0.2857
vn -0.9365 -0.2128 0.2787
vn 0.3421 0.9086 -0.2396
vn 0.3420 0.9087 -0.2394
vn 0.3401 0.9107 -0.2344
vn 0.3447 0.9059 -0.2460
vn 0.9281 0.1348 -0.3471
vn 0.9256 0.1374 -0.3527
vn 0.9468 0.1136 -0.3012
vn 0.9022 0.1598 -0.4007
vn -0.5419 0.6798 -0.4942
vn -0.5455 0.7036 -0.4554
vn -0.5460 0.7075 -0.4488
vn -0.5409 0.6746 -0.5023
vn -0.8107 0.5832 -0.0518
vn -0.8134 0.5813 -0.0221
vn -0.8124 0.5829 -0.0137
vn -0.8117 0.5811 -0.0580
vn 0.8886 -0.4476 -0.1002
vn 0.8848 -0.4578 -0.0873
vn 0.8892 -0.4424 -0.1168
vn 0.8869 -0.4575 -0.0648
vn 0.3251 0.9212 -0.2138
vn 0.3230 0.9232 -0.2082
vn 0.2996 0.9403 -0.1611
vn 0.3446 0.8996 -0.2682
vn -0.5842 -0.7597 0.2857
vn -0.5771 -0.7617 0.2946
vn -0.5652 -0.7644 0.3104
vn -0.5948 -0.7567 0.2713
vn -0.6355 0.7673 0.0863
vn -0.6405 0.7598 0.1117
vn -0.6265 0.7720 0.1072
vn -0.6454 0.7582 0.0927
vn -0.4169 -0.8108 -0.4108
vn -0.3798 -0.8760 -0.2972
vn -0.4135 -0.7947 -0.4445
vn -0.3485 -0.8969 -0.2721
vn -0.8300 -0.1955 0.5224
vn -0.8098 -0.2037 0.5502
vn -0.8100 -0.1740 0.5600
vn -0.8290 -0.2228 0.5130
vn -0.6657 -0.6064 0.4348
vn -0.7064 -0.6108 0.3577
vn -0.7268 -0.6008 0.3330
vn -0.6552 -0.6059 0.4512
vn -0.7411 0.5578 0.3736
vn -0.7589 0.5730 0.3093
vn -0.8130 0.5131 0.2753
vn -0.7306 0.5660 0.3819
vn -0.3020 -0.9210 0.2462
vn -0.3001 -0.9175 0.2610
vn -0.3042 -0.9214 0.2418
vn -0.2966 -0.9182 0.2626
vn -0.9160 -0.3293 0.2292
vn -0.9100 -0.2951 0.2911
vn -0.9142 -0.3019 0.2705
vn -0.9181 -0.3377 0.2074
vn -0.3130 0.9369 -0.1556
vn -0.3244 0.9358 -0.1378
vn -0.3036 0.9419 -0.1435
vn -0.3235 0.9349 -0.1461
vn 0.1790 -0.9837 0.0177
vn 0.1794 -0.9835 0.0246
vn 0.1540 -0.9880 0.0075
vn 0.2023 -0.9787 0.0335
vn 0.9695 0.1707 -0.1761
vn 0.9731 0.1645 -0.1614
vn 0.9701 0.1694 -0.1736
vn 0.9666 0.1752 -0.1873
vn -0.3955 -0.8191 0.4156
vn -0.4074 -0.8150 0.4122
vn -0.4169 -0.8384 0.3512
vn -0.4097 -0.8033 0.4323
vn -0.4787 -0.8775 -0.0278
vn -0.4833 -0.8754 -0.0114
vn -0.4970 -0.8677 -0.0053
vn -0.4578 -0.8882 -0.0399
vn -0.2057 -0.9643 -0.1666
vn -0.1830 -0.9831 0.0036
vn -0.2695 -0.9582 -0.0961
vn -0.0674 -0.9901 -0.1231
vn -0.6476 -0.0646 0.7592
vn -0.6456 -0.0548 0.7617
vn -0.6510 -0.0520 0.7572
vn -0.6418 -0.0663 0.7640
vn -0.7222 0.6875 0.0765
vn -0.7173 0.6936 -0.0669
vn -0.7401 0.6590 -0.1340
vn -0.6512 0.7512 0.1079
vn -0.6774 0.4490 0.5827
vn -0.6922 0.4584 0.5574
vn -0.6784 0.4446 0.5849
vn -0.6751 0.4286 0.6005
vn -0.6594 -0.6469 0.3830
vn -0.6286 -0.6268 0.4605
vn -0.6391 -0.6194 0.4560
vn -0.6481 -0.6566 0.3857
vn -0.6973 -0.5181 0.4952
vn -0.7325 -0.4917 0.4708
vn -0.7311 -0.5044 0.4593
vn -0.6955 -0.5147 0.5013
vn -0.6776 -0.1023 0.7283
vn -0.7000 -0.1217 0.7037
vn -0.6514 -0.0808 0.7544
vn -0.7202 -0.1393 0.6797
vn -0.7594 -0.3015 0.5766
vn -0.7792 -0.3386 0.5275
vn -0.7436 -0.2766 0.6087
vn -0.7946 -0.3699 0.4814
vn -0.1417 -0.9886 0.0510
vn -0.1285 -0.9865 0.1012
vn -0.1345 -0.9899 0.0439
vn -0.1000 -0.9891 0.1085
vn -0.4983 0.6494 0.5744
vn -0.4956 0.6534 0.5723
vn -0.5060 0.6458 0.5718
vn -0.4920 0.6567 0.5716
vn -0.6189 -0.4048 0.6732
vn -0.6639 -0.3949 0.6350
vn -0.6777 -0.3847 0.6266
vn -0.6072 -0.4098 0.6808
vn -0.7248 0.6838 -0.0843
vn -0.7174 0.6854 -0.1245
vn -0.7275 0.6728 -0.1347
vn -0.7189 0.6901 -0.0831
vn -0.3812 -0.9056 -0.1860
vn -0.3577 -0.9119 -0.2013
vn -0.3186 -0.9236 -0.2130
vn -0.3951 -0.9008 -0.1800
vn -0.4681 0.3358 0.8174
vn -0.5104 0.3389 0.7903
vn -0.5216 0.3313 0.7863
vn -0.4533 0.3370 0.8252
vn -0.5017 -0.6278 0.5951
vn -0.4998 -0.6280 0.5966
vn -0.4959 -0.6274 0.6004
vn -0.5051 -0.6290 0.5910
vn -0.7228 0.4114 -0.5552
vn -0.7199 0.4072 -0.5620
vn -0.7237 0.4124 -0.5534
vn -0.7192 0.4064 -0.5636
vn -0.8662 0.4571 0.2018
vn -0.8664 0.4567 0.2021
vn -0.8662 0.4565 0.2033
vn -0.8669 0.4561 0.2012
vn -0.9450 0.1740 0.2769
vn -0.9459 0.1729 0.2746
vn -0.9448 0.1741 0.2777
vn -0.9461 0.1728 0.2739
vn -0.7194 0.6550 0.2313
vn -0.7184 0.6568 0.2291
vn -0.7181 0.6578 0.2272
vn -0.7199 0.6533 0.2344
vn -0.8706 -0.1702 0.4616
vn -0.8736 -0.1763 0.4536
vn -0.8696 -0.1691 0.4639
vn -0.8750 -0.1776 0.4503
vn -0.3197 0.8711 0.3729
vn -0.3195 0.8713 0.3725
vn -0.3204 0.8712 0.3721
vn -0.3190 0.8711 0.3734
vn -0.1477 0.9394 0.3094
vn -0.1487 0.9398 0.3077
vn -0.1476 0.9393 0.3099
vn -0.1490 0.9400 0.3070
vn -0.4682 -0.5193 0.7149
vn -0.4691 -0.5204 0.7135
vn -0.4668 -0.5204 0.7150
vn -0.4695 -0.5210 0.7128
vn -0.0075 -0.0203 -0.9998
vn -0.0044 -0.0294 -0.9996
vn -0.0054 -0.0266 -0.9996
vn -0.0089 -0.0164 -0.9998
vn 0.0350 -0.0310 -0.9989
vn 0.0359 -0.0256 -0.9990
vn 0.0368 -0.0211 -0.9991
vn 0.0345 -0.0343 -0.9988
vn 0.0688 -0.0738 -0.9949
vn 0.0717 -0.0813 -0.9941
vn 0.0734 -0.0853 -0.9936
vn 0.0673 -0.0695 -0.9953
vn 0.0685 -0.0343 -0.9971
vn 0.0605 -0.0409 -0.9973
vn 0.0555 -0.0453 -0.9974
vn 0.0721 -0.0311 -0.9969
vn 0.0325 -0.0194 -0.9993
vn 0.0325 -0.0196 -0.9993
vn 0.0326 -0.0191 -0.9993
vn 0.0209 0.0001 -0.9998
vn 0.0180 -0.0068 -0.9998
vn 0.0226 0.0044 -0.9997
vn 0.0162 -0.0113 -0.9998
vn 0.0494 0.0378 -0.9981
vn 0.0499 0.0370 -0.9981
vn 0.0486 0.0392 -0.9980
vn 0.0504 0.0360 -0.9981
vn 0.0476 -0.0074 -0.9988
vn 0.0518 -0.0055 -0.9986
vn 0.0559 -0.0037 -0.9984
vn 0.0422 -0.0098 -0.9991
vn 0.0181 -0.0147 -0.9997
vn 0.0178 -0.0150 -0.9997
vn 0.0179 -0.0149 -0.9997
vn 0.1813 0.0283 0.9830
vn 0.1827 0.0354 0.9825
vn 0.1831 0.0371 0.9824
vn 0.1801 0.0258 0.9833
vn 0.3599 0.1510 0.9207
vn 0.3569 0.1316 0.9248
vn 0.3665 0.1395 0.9199
vn 0.3487 0.1420 0.9264
vn 0.1645 0.0424 0.9855
vn 0.1708 0.0589 0.9836
vn 0.1740 0.0679 0.9824
vn 0.1597 0.0308 0.9867
vn 0.3976 0.1035 0.9117
vn 0.3975 0.0957 0.9126
vn 0.4001 0.0979 0.9112
vn 0.3952 0.1011 0.9130
vn 0.1514 0.0617 0.9866
vn 0.1486 0.0663 0.9867
vn 0.1538 0.0574 0.9864
vn 0.1460 0.0707 0.9868
vn 0.1487 0.0887 0.9849
vn 0.1519 0.0844 0.9848
vn 0.1399 0.1007 0.9850
vn 0.1610 0.0725 0.9843
vn 0.3840 0.0173 0.9232
vn 0.3803 0.0300 0.9244
vn 0.3665 0.0306 0.9299
vn 0.3941 0.0163 0.9189
vn 0.1571 0.1082 0.9816
vn 0.1594 0.1037 0.9818
vn 0.1542 0.1132 0.9815
vn 0.1623 0.0987 0.9818
vn 0.3232 0.0178 0.9462
vn 0.3205 0.0296 0.9468
vn 0.3136 0.0252 0.9492
vn 0.3277 0.0237 0.9445
vn 0.2869 0.0980 0.9529
vn 0.1583 0.1077 0.9815
vn 0.1578 0.1086 0.9815
vn 0.1594 0.1060 0.9815
vn 0.1566 0.1105 0.9815
vn 0.2014 -0.7844 0.5867
vn 0.2052 -0.7881 0.5804
vn 0.2088 -0.7859 0.5820
vn 0.1964 -0.7874 0.5843
vn 0.0672 0.6490 0.7578
vn 0.0636 0.6479 0.7591
vn 0.0641 0.6458 0.7608
vn 0.0688 0.6471 0.7593
vn -0.1355 0.9907 -0.0153
vn -0.1362 0.9906 -0.0158
vn -0.1374 0.9904 -0.0166
vn -0.1343 0.9908 -0.0144
vn -0.8236 0.1768 -0.5389
vn -0.8245 0.1773 -0.5374
vn -0.8233 0.1770 -0.5393
vn -0.8248 0.1770 -0.5370
vn -0.6136 0.4997 -0.6113
vn -0.6169 0.5066 -0.6023
vn -0.6131 0.4987 -0.6127
vn -0.6175 0.5076 -0.6008
vn -0.8027 -0.1758 -0.5699
vn -0.8036 -0.1748 -0.5689
vn -0.8035 -0.1752 -0.5690
vn -0.8028 -0.1755 -0.5699
vn -0.2541 0.6433 -0.7222
vn -0.2543 0.6432 -0.7222
vn -0.2541 0.6435 -0.7220
vn -0.2544 0.6430 -0.7224
vn -0.0621 0.5837 -0.8096
vn -0.0618 0.5844 -0.8091
vn -0.0620 0.5837 -0.8096
vn -0.0619 0.5844 -0.8091
vn -0.5326 -0.6720 -0.5145
vn -0.5373 -0.6839 -0.4935
vn -0.5339 -0.6733 -0.5115
vn -0.5380 -0.6856 -0.4904
vn -0.0817 -0.6841 0.7248
vn -0.0795 -0.6791 0.7297
vn -0.0795 -0.6772 0.7315
vn -0.0822 -0.6853 0.7236
vn -0.1254 0.9920 -0.0167
vn -0.1251 0.9920 -0.0169
vn -0.1253 0.9920 -0.0167
vn -0.1425 0.9852 0.0955
vn -0.1604 0.9825 0.0948
vn -0.1445 0.9848 0.0967
vn -0.1594 0.9829 0.0927
vn -0.0186 0.9461 0.3233
vn -0.0224 0.9458 0.3241
vn -0.0270 0.9433 0.3309
vn -0.0175 0.9481 0.3176
vn 0.0358 0.7701 0.6369
vn 0.0396 0.7751 0.6306
vn 0.0404 0.7782 0.6268
vn 0.0358 0.7676 0.6399
vn 0.0812 0.7469 0.6600
vn 0.0743 0.7546 0.6519
vn 0.0739 0.7488 0.6586
vn 0.0819 0.7529 0.6530
vn -0.1974 0.9758 -0.0944
vn -0.1814 0.9792 -0.0912
vn -0.1788 0.9796 -0.0921
vn -0.1979 0.9757 -0.0940
vn 0.0637 0.8976 0.4362
vn 0.0428 0.8925 0.4490
vn 0.0862 0.9007 0.4258
vn 0.0237 0.8890 0.4572
vn -0.2504 0.9267 -0.2803
vn -0.2502 0.9266 -0.2807
vn -0.2555 0.9239 -0.2847
vn -0.2439 0.9299 -0.2754
vn -0.1682 0.9837 0.0632
vn -0.1681 0.9837 0.0632
vn -0.1682 0.9837 0.0630
vn -0.1681 0.9837 0.0633
vn -0.9790 0.0283 -0.2020
vn -0.9091 -0.1567 -0.3860
vn -0.9091 -0.1564 -0.3862
vn -0.9001 -0.0309 -0.4345
vn 0.7285 -0.2695 -0.6298
vn 0.6783 -0.3018 -0.6699
vn 0.8534 0.2158 -0.4745
vn 0.8345 0.1991 -0.5138
vn -0.1624 -0.9847 0.0638
vn -0.8874 0.3901 0.2456
vn -0.8546 0.4226 0.3018
vn -0.8547 0.4225 0.3016
vn -0.9661 -0.0380 0.2555
vn -0.9359 -0.1694 -0.3089
vn -0.8301 0.4012 -0.3873
vn 0.9450 0.0056 -0.3271
vn 0.9761 0.0384 -0.2138
vn -0.9201 0.1560 -0.3592
vn -0.0658 -0.9755 0.2101
vn 0.9341 -0.3529 0.0538
vn -0.9805 0.1948 0.0254
vn -0.9844 0.1535 -0.0857
vn -0.3405 0.4854 0.8053
vn -0.9713 -0.2346 0.0400
vn -0.9658 0.2593 0.0028
vn 0.9723 -0.0215 -0.2326
vn 0.8948 -0.2225 -0.3870
vn 0.8921 -0.1540 -0.4249
vn 0.8921 -0.1543 -0.4247
vn 0.8921 -0.1545 -0.4247
vn -0.7289 -0.2381 -0.6419
vn -0.8565 0.2367 -0.4587
vn -0.8376 0.2224 -0.4990
vn 0.1691 -0.9856 0.0070
vn 0.1900 -0.9817 -0.0116
vn 0.8855 0.3817 0.2649
vn 0.8857 0.3815 0.2647
vn 0.9359 -0.1450 -0.3210
vn 0.8319 0.4241 -0.3580
vn -0.9483 0.0135 -0.3172
vn -0.9234 -0.3203 -0.2114
vn -0.9767 0.0360 -0.2115
vn 0.9151 0.1696 -0.3657
vn 0.0724 -0.9865 0.1471
vn -0.9315 -0.3618 0.0365
vn 0.9793 0.1998 0.0334
vn 0.9802 0.1839 -0.0735
vn 0.3555 0.5905 0.7245
vn 0.9729 -0.2298 0.0234
vn 0.9646 0.2635 0.0100
vn 0.8141 0.5808 -0.0001
vn 0.8098 0.5867 0.0058
vn 0.8175 0.5759 -0.0047
vn 0.8066 0.5910 0.0101
vn -0.9282 0.0012 -0.3720
vn -0.9153 0.0097 -0.4026
vn -0.9054 0.0069 -0.4245
vn -0.9355 0.0043 -0.3533
vn -0.1119 -0.9919 0.0604
vn -0.1135 -0.9907 0.0747
vn -0.1144 -0.9906 0.0752
vn -0.1138 -0.9917 0.0593
vn 0.9321 -0.2887 -0.2189
vn 0.9341 -0.2991 -0.1949
vn 0.9276 -0.2759 -0.2521
vn 0.9367 -0.3102 -0.1627
vn 0.1429 0.9743 -0.1743
vn 0.1750 0.9794 -0.1006
vn 0.1402 0.9708 -0.1945
vn 0.1758 0.9807 -0.0858
vn -0.9402 -0.0957 -0.3268
vn -0.9481 -0.1006 -0.3017
vn -0.9519 -0.1031 -0.2886
vn -0.9353 -0.0928 -0.3416
vn 0.0223 -0.9990 0.0393
vn 0.0416 -0.9969 0.0674
vn 0.0456 -0.9953 0.0853
vn 0.0199 -0.9995 0.0227
vn 0.9045 -0.4025 -0.1409
vn 0.9042 -0.4129 -0.1097
vn 0.9030 -0.3978 -0.1621
vn 0.9038 -0.4187 -0.0887
vn -0.0723 0.9679 -0.2407
vn -0.1053 0.9846 -0.1394
vn -0.1075 0.9872 -0.1176
vn -0.0689 0.9624 -0.2629
vn -0.1291 -0.9912 0.0288
vn -0.1273 -0.9916 0.0249
vn -0.1298 -0.9911 0.0290
vn -0.1279 -0.9915 0.0227
vn 0.9809 -0.0221 -0.1933
vn 0.9815 -0.0276 -0.1893
vn 0.9719 -0.0069 -0.2351
vn 0.9870 -0.0447 -0.1546
vn 0.1902 0.9802 -0.0550
vn 0.1783 0.9759 -0.1259
vn 0.1948 0.9804 -0.0298
vn 0.1733 0.9756 -0.1345
vn -0.8535 -0.3028 -0.4241
vn -0.8907 -0.3030 -0.3389
vn -0.8962 -0.2916 -0.3343
vn -0.8430 -0.3166 -0.4348
vn 0.0040 -0.9998 0.0211
vn -0.0060 -0.9987 0.0500
vn 0.0060 -0.9999 0.0140
vn -0.0052 -0.9979 0.0638
vn 0.9637 -0.2611 -0.0566
vn 0.9633 -0.2613 -0.0614
vn 0.9649 -0.2543 -0.0661
vn 0.9618 -0.2686 -0.0531
vn -0.1475 0.9864 -0.0719
vn -0.1603 0.9870 0.0079
vn -0.1535 0.9865 -0.0575
vn -0.1579 0.9872 0.0242
vn -0.8372 -0.3895 -0.3839
vn -0.8226 -0.3774 -0.4253
vn -0.8230 -0.3805 -0.4217
vn -0.8428 -0.3820 -0.3792
vn -0.1397 -0.9831 -0.1179
vn -0.1552 -0.9858 -0.0640
vn -0.1370 -0.9825 -0.1261
vn -0.1578 -0.9860 -0.0546
vn 0.9780 0.1845 -0.0971
vn 0.9786 0.1813 -0.0971
vn 0.9756 0.1906 -0.1086
vn 0.9807 0.1754 -0.0869
vn 0.1763 0.9724 -0.1528
vn 0.1762 0.9823 -0.0643
vn 0.1774 0.9684 -0.1753
vn 0.1739 0.9838 -0.0440
vn -0.9327 0.3032 -0.1950
vn -0.9022 0.3267 -0.2815
vn -0.8923 0.3315 -0.3065
vn -0.9403 0.2970 -0.1665
vn 0.0836 -0.9965 -0.0022
vn 0.0884 -0.9958 -0.0236
vn 0.0859 -0.9963 0.0042
vn 0.0890 -0.9957 -0.0257
vn 0.9900 -0.1347 -0.0430
vn 0.9893 -0.1373 -0.0499
vn 0.9888 -0.1390 -0.0548
vn 0.9904 -0.1325 -0.0380
vn -0.1747 0.9759 -0.1307
vn -0.1619 0.9839 -0.0756
vn -0.1601 0.9850 -0.0640
vn -0.1764 0.9741 -0.1412
vn -0.8877 0.1570 -0.4329
vn -0.8884 0.1547 -0.4322
vn -0.8903 0.1563 -0.4277
vn -0.8864 0.1538 -0.4366
vn -0.9471 -0.3166 -0.0524
vn -0.9503 -0.2976 -0.0911
vn -0.9504 -0.2958 -0.0962
vn -0.9468 -0.3188 -0.0450
vn -0.3708 0.9287 -0.0056
vn -0.3819 0.9237 0.0296
vn -0.3731 0.9278 0.0017
vn -0.3838 0.9227 0.0355
vn 0.9780 0.1715 -0.1188
vn 0.9769 0.1708 -0.1283
vn 0.9766 0.1718 -0.1296
vn 0.9782 0.1709 -0.1177
vn 0.2458 -0.9481 -0.2017
vn 0.2535 -0.9311 -0.2622
vn 0.2482 -0.9460 -0.2085
vn 0.2563 -0.9285 -0.2686
vn -0.9780 0.0546 -0.2013
vn -0.9933 0.0347 -0.1105
vn -0.9931 0.0377 -0.1112
vn -0.9789 0.0522 -0.1974
vn 0.2576 0.9662 0.0034
vn 0.2704 0.9618 0.0426
vn 0.2534 0.9673 -0.0092
vn 0.2733 0.9605 0.0530
vn 0.9355 0.3396 -0.0974
vn 0.9368 0.3377 -0.0918
vn 0.9369 0.3366 -0.0948
vn 0.9352 0.3412 -0.0950
vn -0.0134 -0.9826 -0.1851
vn -0.0290 -0.9726 -0.2306
vn -0.0126 -0.9839 -0.1783
vn -0.0313 -0.9707 -0.2381
vn 0.9977 0.0312 -0.0605
vn 0.9975 0.0296 -0.0637
vn 0.9973 0.0279 -0.0679
vn 0.9979 0.0337 -0.0552
vn 0.9612 -0.0729 0.2661
vn 0.9632 -0.0677 0.2600
vn 0.9572 -0.0833 0.2772
vn 0.9650 -0.0646 0.2544
vn 0.9697 -0.2441 0.0135
vn 0.9697 -0.2440 0.0136
vn 0.9696 -0.2442 0.0134
vn 0.9696 -0.2443 0.0133
vn 0.9563 0.2846 0.0665
vn 0.9529 0.2920 0.0814
vn 0.9552 0.2871 0.0716
vn 0.9599 0.2761 0.0495
vn -0.9733 -0.1877 -0.1319
vn -0.9707 -0.2120 -0.1128
vn -0.9748 -0.1661 -0.1487
vn -0.9659 -0.2440 -0.0869
vn 0.9564 0.2582 0.1362
vn 0.9625 0.2515 0.1015
vn 0.9497 0.2640 0.1684
vn 0.9673 0.2448 0.0664
vn 0.9216 0.3794 0.0821
vn 0.9463 0.3107 0.0897
vn 0.9329 0.3500 0.0847
vn 0.9621 0.2550 0.0967
vn -0.9677 -0.0629 -0.2443
vn -0.9617 -0.0829 -0.2613
vn -0.9516 -0.1094 -0.2871
vn -0.9689 -0.0547 -0.2415
vn 0.2894 0.4986 -0.8171
vn 0.9877 0.1549 0.0204
vn 0.9874 0.1568 0.0210
vn 0.9873 0.1577 0.0214
vn 0.9879 0.1538 0.0200
vn -0.9563 0.2755 -0.0975
vn -0.9564 0.2755 -0.0975
vn -0.9936 -0.0416 0.1055
vn -0.9934 -0.0415 0.1069
vn -0.9936 -0.0412 0.1047
vn -0.9933 -0.0420 0.1078
vn -0.4985 0.1453 -0.8546
vn 0.9142 0.3934 -0.0970
vn 0.9155 0.3903 -0.0972
vn 0.9174 0.3858 -0.0976
vn 0.9127 0.3970 -0.0967
vn -0.9984 -0.0244 -0.0505
vn -0.9970 -0.0305 -0.0714
vn -0.9952 -0.0369 -0.0906
vn -0.9995 -0.0152 -0.0287
vn 0.7216 0.5978 0.3492
vn 0.7263 0.5996 0.3362
vn 0.7187 0.5964 0.3576
vn 0.7111 0.5926 0.3782
vn 0.8059 0.4792 0.3476
vn 0.8173 0.5041 0.2792
vn 0.8112 0.4891 0.3203
vn 0.8211 0.5118 0.2527
vn -0.9892 0.0208 -0.1454
vn -0.9905 0.0169 -0.1365
vn -0.9885 0.0231 -0.1494
vn -0.9909 0.0151 -0.1335
vn -0.9932 0.0240 -0.1139
vn -0.9931 0.0231 -0.1148
vn -0.9934 0.0224 -0.1124
vn -0.9936 0.0233 -0.1104
vn 0.5734 0.8067 0.1431
vn 0.5618 0.8165 0.1329
vn 0.5590 0.8175 0.1386
vn 0.5759 0.8072 0.1292
vn 0.5429 0.5772 0.6100
vn 0.5665 0.5873 0.5781
vn 0.5778 0.5985 0.5549
vn 0.5350 0.5705 0.6231
vn -0.9905 -0.1174 0.0710
vn -0.9929 -0.1031 0.0597
vn -0.9910 -0.1151 0.0683
vn -0.9933 -0.1007 0.0568
vn -0.9925 -0.0820 0.0909
vn -0.9931 -0.0802 0.0856
vn -0.9923 -0.0827 0.0924
vn -0.9933 -0.0796 0.0843
vn -0.2017 0.7178 0.6664
vn -0.2017 0.7177 0.6665
vn -0.2017 0.7177 0.6664
vn 0.5944 -0.5081 -0.6233
vn 0.5955 -0.5519 -0.5837
vn 0.5880 -0.5243 -0.6160
vn 0.5999 -0.5560 -0.5753
vn 0.5406 -0.4836 -0.6884
vn 0.5698 -0.5262 -0.6312
vn 0.5466 -0.4955 -0.6751
vn 0.5734 -0.5370 -0.6187
vn 0.0412 0.8828 0.4680
vn 0.0450 0.8756 0.4809
vn 0.0417 0.8820 0.4694
vn 0.0423 0.8744 0.4834
vn -0.0198 0.7138 0.7000
vn -0.0224 0.7337 0.6791
vn -0.0150 0.7127 0.7013
vn -0.0181 0.7399 0.6724
vn 0.5817 0.0963 -0.8077
vn 0.5845 0.0972 -0.8056
vn 0.5898 0.0829 -0.8033
vn 0.5782 0.1066 -0.8089
vn 0.6479 -0.2287 -0.7265
vn 0.6542 -0.2003 -0.7293
vn 0.6552 -0.2233 -0.7217
vn 0.6598 -0.1960 -0.7254
vn 0.0435 0.8212 0.5690
vn 0.0385 0.8257 0.5628
vn 0.0472 0.8155 0.5768
vn 0.0361 0.8297 0.5571
vn -0.0990 0.7362 0.6695
vn -0.1000 0.7379 0.6674
vn -0.0993 0.7355 0.6702
vn -0.1000 0.7383 0.6670
vn 0.2213 -0.5886 -0.7776
vn 0.2205 -0.6101 -0.7610
vn 0.2181 -0.5917 -0.7761
vn 0.2203 -0.6113 -0.7601
vn 0.1588 -0.7180 -0.6777
vn 0.1573 -0.7070 -0.6895
vn 0.1589 -0.7051 -0.6911
vn 0.1562 -0.7197 -0.6765
vn -0.8406 -0.4964 -0.2167
vn -0.8411 -0.4950 -0.2179
vn -0.8388 -0.5012 -0.2127
vn -0.8384 -0.5025 -0.2114
vn -0.8334 -0.4949 -0.2461
vn -0.8338 -0.4935 -0.2475
vn -0.8307 -0.5025 -0.2396
vn -0.8306 -0.5037 -0.2377
vn 0.9502 0.2955 0.0991
vn 0.9485 0.2963 0.1122
vn 0.9493 0.2936 0.1124
vn 0.9474 0.2954 0.1236
vn 0.8947 0.4239 -0.1408
vn 0.8985 0.4169 -0.1373
vn 0.8896 0.4329 -0.1455
vn 0.9028 0.4090 -0.1331
vn -0.4130 0.7070 0.5741
vn -0.4134 0.7062 0.5748
vn -0.4113 0.7071 0.5752
vn -0.4147 0.7067 0.5732
vn -0.3863 0.6960 0.6053
vn -0.3871 0.6972 0.6034
vn -0.3861 0.6956 0.6059
vn -0.3873 0.6976 0.6028
vn 0.3408 -0.0036 -0.9401
vn 0.3382 -0.0132 -0.9410
vn 0.3447 -0.0041 -0.9387
vn 0.3313 -0.0121 -0.9434
vn 0.3333 -0.1756 -0.9263
vn 0.3445 -0.1897 -0.9194
vn 0.3385 -0.1790 -0.9238
vn 0.3510 -0.1932 -0.9162
vn -0.9302 -0.0964 -0.3541
vn -0.9297 -0.1175 -0.3492
vn -0.9290 -0.0464 -0.3672
vn -0.9287 -0.0299 -0.3695
vn 0.9859 0.1283 0.1077
vn 0.9791 0.1740 0.1054
vn 0.9887 0.1024 0.1099
vn 0.9718 0.2134 0.1007
vn 0.9799 0.1940 0.0460
vn 0.9665 0.2550 0.0298
vn 0.9870 0.1498 0.0582
vn 0.9579 0.2863 0.0206
vn -0.3993 0.6614 0.6349
vn -0.4036 0.6622 0.6313
vn -0.3982 0.6571 0.6400
vn -0.4048 0.6641 0.6285
vn -0.4290 0.6033 0.6723
vn -0.4290 0.6101 0.6661
vn -0.4313 0.6012 0.6727
vn -0.4287 0.6119 0.6647
vn 0.1856 -0.9528 -0.2403
vn 0.1637 -0.9520 -0.2586
vn 0.1507 -0.9510 -0.2699
vn 0.1976 -0.9528 -0.2305
vn 0.1663 -0.9588 -0.2304
vn 0.1423 -0.9586 -0.2468
vn 0.1294 -0.9581 -0.2557
vn 0.1776 -0.9589 -0.2213
vn -0.1931 0.9811 0.0147
vn -0.1942 0.9808 0.0172
vn -0.1945 0.9807 0.0198
vn -0.1935 0.9810 0.0113
vn -0.1682 0.9841 0.0567
vn -0.1663 0.9839 0.0662
vn -0.1652 0.9837 0.0714
vn -0.1690 0.9842 0.0522
vn 0.1812 -0.9622 -0.2031
vn 0.1925 -0.9600 -0.2035
vn 0.1750 -0.9634 -0.2029
vn 0.1989 -0.9586 -0.2037
vn 0.4563 0.8474 -0.2716
vn 0.4636 0.8435 -0.2714
vn 0.4681 0.8410 -0.2713
vn 0.4527 0.8493 -0.2716
vn 0.2093 -0.9655 -0.1549
vn 0.2075 -0.9716 -0.1134
vn 0.2094 -0.9610 -0.1806
vn 0.2077 -0.9743 -0.0872
vn 0.1847 -0.9662 -0.1800
vn 0.1843 -0.9706 -0.1550
vn 0.1841 -0.9630 -0.1969
vn 0.1850 -0.9732 -0.1369
vn 0.4393 0.8652 -0.2418
vn 0.4283 0.8674 -0.2534
vn 0.4460 0.8638 -0.2344
vn 0.4224 0.8686 -0.2592
vn 0.4210 0.8822 -0.2110
vn 0.4005 0.8856 -0.2354
vn 0.4331 0.8801 -0.1944
vn 0.3903 0.8867 -0.2477
vn 0.8417 0.1810 -0.5087
vn 0.8409 0.1814 -0.5099
vn 0.8421 0.1808 -0.5081
vn 0.8405 0.1816 -0.5104
vn 0.7515 0.1611 -0.6397
vn 0.7535 0.1591 -0.6379
vn 0.7481 0.1642 -0.6430
vn 0.7576 0.1556 -0.6339
vn -0.9094 -0.1956 0.3671
vn -0.9065 -0.1976 0.3731
vn -0.9199 -0.1870 0.3446
vn -0.9230 -0.1845 0.3377
vn -0.8085 -0.1903 0.5569
vn -0.8037 -0.1930 0.5629
vn -0.8228 -0.1817 0.5384
vn -0.8277 -0.1788 0.5319
vn 0.8221 -0.2301 -0.5207
vn 0.8183 -0.2385 -0.5230
vn 0.8239 -0.2263 -0.5196
vn 0.8168 -0.2419 -0.5238
vn -0.9154 -0.2103 0.3432
vn -0.9181 -0.2030 0.3403
vn -0.9132 -0.2160 0.3455
vn -0.9205 -0.1966 0.3377
vn 0.8307 -0.2159 -0.5132
vn 0.8279 -0.2128 -0.5189
vn 0.8332 -0.2188 -0.5079
vn 0.8252 -0.2100 -0.5243
vn 0.8940 -0.1849 -0.4081
vn 0.8919 -0.1786 -0.4156
vn 0.8990 -0.1974 -0.3911
vn 0.8856 -0.1645 -0.4344
vn -0.8962 -0.2940 0.3322
vn -0.8855 -0.2981 0.3563
vn -0.9232 -0.2675 0.2760
vn -0.9332 -0.2601 0.2479
vn -0.8970 -0.2197 0.3834
vn -0.8924 -0.2237 0.3920
vn -0.9044 -0.2130 0.3698
vn -0.9087 -0.2090 0.3614
vn 0.7986 -0.2768 -0.5344
vn 0.8045 -0.2727 -0.5276
vn 0.8131 -0.2673 -0.5172
vn 0.7892 -0.2822 -0.5455
vn -0.4630 -0.8713 0.1630
vn -0.5002 -0.8559 0.1314
vn -0.5167 -0.8482 0.1166
vn -0.4514 -0.8754 0.1729
vn -0.4415 -0.8636 0.2436
vn -0.4300 -0.8606 0.2730
vn -0.4468 -0.8642 0.2314
vn -0.4256 -0.8594 0.2832
vn -0.8484 0.4257 0.3147
vn -0.8539 0.4216 0.3051
vn -0.8467 0.4264 0.3182
vn -0.8550 0.4210 0.3028
vn -0.7443 0.4512 0.4923
vn -0.7620 0.4432 0.4721
vn -0.7379 0.4535 0.4998
vn -0.7672 0.4410 0.4657
vn 0.4614 0.8312 -0.3102
vn 0.4575 0.8319 -0.3140
vn 0.4624 0.8311 -0.3089
vn 0.4564 0.8317 -0.3162
vn 0.4201 0.8281 -0.3711
vn 0.4161 0.8288 -0.3740
vn 0.4224 0.8276 -0.3696
vn 0.4141 0.8291 -0.3757
vn 0.8412 0.1919 -0.5056
vn 0.8404 0.1807 -0.5110
vn 0.8407 0.1850 -0.5089
vn 0.8414 0.1951 -0.5040
vn -0.8645 0.3901 0.3170
vn -0.8612 0.3954 0.3194
vn -0.8586 0.3998 0.3209
vn -0.8666 0.3864 0.3157
vn -0.4318 -0.8932 0.1252
vn -0.4418 -0.8885 0.1244
vn -0.4247 -0.8966 0.1254
vn -0.4519 -0.8835 0.1231
vn -0.1415 0.9897 0.0231
vn -0.1463 0.9888 0.0298
vn -0.1375 0.9903 0.0186
vn -0.1496 0.9882 0.0330
vn 0.9082 0.2354 -0.3462
vn 0.8946 0.2073 -0.3959
vn 0.9014 0.2208 -0.3726
vn 0.8871 0.1949 -0.4183
vn -0.9143 0.3270 0.2391
vn -0.9298 0.3064 0.2040
vn -0.8984 0.3449 0.2720
vn -0.9421 0.2881 0.1716
vn -0.8551 0.3619 0.3713
vn -0.8620 0.3565 0.3604
vn -0.8496 0.3660 0.3798
vn -0.8673 0.3522 0.3517
vn -0.3676 -0.9286 0.0515
vn -0.4070 -0.9134 0.0032
vn -0.4229 -0.9060 -0.0207
vn -0.3474 -0.9346 0.0758
vn -0.3921 -0.9097 0.1368
vn -0.4084 -0.9052 0.1175
vn -0.4159 -0.9030 0.1084
vn -0.3850 -0.9114 0.1455
vn -0.1094 0.9922 0.0598
vn -0.1233 0.9915 0.0423
vn -0.1025 0.9924 0.0684
vn -0.1301 0.9909 0.0336
vn -0.9353 -0.3515 0.0399
vn -0.9360 -0.3499 0.0381
vn -0.9338 -0.3554 0.0414
vn -0.9378 -0.3454 0.0348
vn 0.6248 -0.3032 -0.7195
vn 0.6256 -0.2931 -0.7230
vn 0.6257 -0.2913 -0.7236
vn 0.6247 -0.3048 -0.7190
vn -0.1610 0.9869 0.0049
vn -0.1359 0.9906 -0.0153
vn -0.1504 0.9886 -0.0033
vn -0.1732 0.9848 0.0133
vn -0.8195 0.4058 -0.4047
vn -0.8195 0.4058 -0.4046
vn -0.4776 -0.8216 0.3114
vn -0.4754 -0.8259 0.3030
vn -0.4739 -0.8279 0.3001
vn -0.4787 -0.8200 0.3139
vn -0.7352 0.5129 0.4431
vn -0.7268 0.5239 0.4442
vn -0.7226 0.5293 0.4447
vn -0.7398 0.5069 0.4424
vn 0.3271 0.8520 -0.4087
vn 0.3267 0.8539 -0.4051
vn 0.3283 0.8512 -0.4096
vn 0.3265 0.8542 -0.4047
vn 0.9435 -0.2304 -0.2380
vn 0.9438 -0.2319 -0.2355
vn 0.9431 -0.2370 -0.2334
vn 0.9435 -0.2268 -0.2415
vn -0.1972 0.9791 0.0499
vn -0.1995 0.9784 0.0542
vn -0.1964 0.9793 0.0492
vn -0.2001 0.9782 0.0550
vn -0.8941 -0.3352 -0.2971
vn -0.8941 -0.3352 -0.2972
vn -0.8940 -0.3351 -0.2973
vn -0.8940 -0.3351 -0.2974
vn 0.1173 -0.9929 -0.0169
vn 0.1236 -0.9920 -0.0244
vn 0.1344 -0.9906 -0.0251
vn 0.1072 -0.9942 -0.0040
vn 0.1287 -0.9579 -0.2566
vn 0.1317 -0.9559 -0.2625
vn 0.1329 -0.9551 -0.2648
vn 0.1277 -0.9585 -0.2547
vn -0.9940 0.0918 -0.0588
vn -0.9970 0.0573 -0.0525
vn -0.9944 0.0803 -0.0689
vn -0.9965 0.0600 -0.0578
vn -0.9438 -0.3106 0.1131
vn -0.9429 -0.3120 0.1168
vn -0.9406 -0.3150 0.1263
vn -0.9456 -0.3076 0.1064
vn 0.6646 0.1379 -0.7344
vn 0.6645 0.1360 -0.7348
vn 0.6645 0.1362 -0.7348
vn 0.6646 0.1381 -0.7344
vn -0.8192 -0.2274 0.5264
vn -0.8184 -0.2288 0.5272
vn -0.8207 -0.2249 0.5252
vn -0.8170 -0.2310 0.5284
vn -0.8637 0.5038 -0.0139
vn -0.8681 0.4958 -0.0242
vn -0.8653 0.5009 -0.0177
vn -0.8606 0.5093 -0.0027
vn 0.2947 0.9494 -0.1084
vn 0.3051 0.9467 -0.1033
vn 0.3223 0.9421 -0.0922
vn 0.2842 0.9525 -0.1098
vn 0.9434 0.0977 -0.3170
vn 0.9398 0.1158 -0.3216
vn 0.9393 0.1178 -0.3221
vn 0.9423 0.0950 -0.3210
vn -0.2582 -0.9656 0.0308
vn -0.2389 -0.9710 0.0140
vn -0.2252 -0.9743 0.0070
vn -0.2680 -0.9628 0.0359
vn -0.1461 0.9890 -0.0250
vn -0.1520 0.9883 0.0133
vn -0.1546 0.9875 0.0318
vn -0.1431 0.9885 -0.0484
vn 0.2936 0.9025 -0.3150
vn 0.2567 0.9030 -0.3446
vn 0.2743 0.9031 -0.3305
vn 0.3101 0.9016 -0.3015
vn 0.2745 0.9120 -0.3047
vn 0.2459 0.9112 -0.3305
vn 0.2550 0.9118 -0.3219
vn 0.2828 0.9124 -0.2958
vn -0.1834 -0.9820 0.0451
vn -0.1385 -0.9857 0.0964
vn -0.1201 -0.9862 0.1137
vn -0.1118 -0.9862 0.1219
vn -0.1451 -0.9853 0.0901
vn 0.3260 0.9016 -0.2843
vn 0.2911 0.9138 -0.2833
vn 0.3167 0.9052 -0.2835
vn 0.2813 0.9171 -0.2825
vn 0.3815 -0.9084 -0.1709
vn 0.3697 -0.9134 -0.1702
vn 0.3865 -0.9063 -0.1712
vn 0.3656 -0.9151 -0.1700
vn 0.3324 0.9201 -0.2072
vn 0.3016 0.9205 -0.2484
vn 0.3120 0.9206 -0.2347
vn 0.3411 0.9198 -0.1940
vn 0.3364 0.9195 -0.2036
vn 0.2777 0.9220 -0.2699
vn 0.2937 0.9226 -0.2502
vn 0.3493 0.9190 -0.1829
vn 0.3701 -0.9265 -0.0676
vn 0.3443 -0.9341 -0.0939
vn 0.3349 -0.9363 -0.1062
vn 0.3813 -0.9233 -0.0468
vn 0.3121 -0.9494 -0.0351
vn 0.2944 -0.9540 -0.0568
vn 0.2861 -0.9557 -0.0692
vn 0.3216 -0.9467 -0.0168
vn 0.8344 -0.3379 -0.4354
vn 0.8378 -0.3348 -0.4314
vn 0.8422 -0.3307 -0.4259
vn 0.8302 -0.3417 -0.4406
vn 0.7855 -0.3218 -0.5286
vn 0.7741 -0.3074 -0.5535
vn 0.7800 -0.3147 -0.5409
vn 0.7923 -0.3302 -0.5130
vn -0.8187 0.4099 0.4021
vn -0.8371 0.3964 0.3769
vn -0.8323 0.4000 0.3838
vn -0.8139 0.4131 0.4085
vn 0.8640 0.0684 -0.4989
vn 0.8604 0.0820 -0.5030
vn 0.8595 0.0860 -0.5039
vn 0.8653 0.0638 -0.4973
vn -0.8551 0.4452 0.2658
vn -0.8688 0.4210 0.2605
vn -0.8600 0.4367 0.2640
vn -0.8743 0.4110 0.2583
vn 0.8918 0.0370 -0.4509
vn 0.9007 0.0446 -0.4322
vn 0.9047 0.0470 -0.4233
vn 0.8867 0.0342 -0.4610
vn 0.9525 0.0222 -0.3037
vn 0.9555 0.0309 -0.2932
vn 0.9589 0.0404 -0.2807
vn 0.9480 0.0114 -0.3179
vn -0.9154 0.4024 -0.0084
vn -0.9243 0.3809 -0.0253
vn -0.9184 0.3955 -0.0136
vn -0.9093 0.4161 0.0074
vn -0.8489 0.4471 0.2820
vn -0.8666 0.4309 0.2517
vn -0.8612 0.4357 0.2617
vn -0.8426 0.4522 0.2924
vn 0.8508 0.1317 -0.5088
vn 0.8356 0.1434 -0.5302
vn 0.8459 0.1358 -0.5158
vn 0.8604 0.1241 -0.4943
vn 0.7878 0.1471 -0.5981
vn 0.7617 0.1640 -0.6269
vn 0.7768 0.1544 -0.6105
vn 0.7994 0.1394 -0.5844
vn -0.3991 0.9166 0.0256
vn -0.3973 0.9160 0.0552
vn -0.3957 0.9151 0.0776
vn -0.4009 0.9161 0.0010
vn -0.3938 0.9127 0.1093
vn -0.3905 0.9120 0.1257
vn -0.3885 0.9116 0.1342
vn -0.3960 0.9128 0.1002
vn -0.9243 -0.2048 0.3222
vn -0.9319 -0.1973 0.3045
vn -0.9356 -0.1937 0.2953
vn -0.9194 -0.2089 0.3333
vn -0.8628 -0.2279 0.4512
vn -0.8810 -0.2175 0.4202
vn -0.8878 -0.2139 0.4076
vn -0.8557 -0.2314 0.4629
vn 0.3731 -0.9065 -0.1976
vn 0.3797 -0.9050 -0.1920
vn 0.3845 -0.9039 -0.1876
vn 0.3684 -0.9073 -0.2026
vn 0.3611 -0.9060 -0.2208
vn 0.3765 -0.9029 -0.2072
vn 0.3851 -0.9010 -0.1995
vn 0.3537 -0.9073 -0.2274
vn 0.8232 -0.3712 -0.4295
vn 0.8263 -0.3503 -0.4411
vn 0.8274 -0.3420 -0.4455
vn 0.8223 -0.3770 -0.4263
vn -0.9351 -0.1596 0.3163
vn -0.9323 -0.1682 0.3203
vn -0.9364 -0.1555 0.3146
vn -0.9307 -0.1731 0.3222
vn -0.3212 0.9468 0.0174
vn -0.3398 0.9403 0.0185
vn -0.3495 0.9367 0.0188
vn -0.3150 0.9490 0.0157
vn -0.1517 -0.9858 0.0726
vn -0.1661 -0.9835 0.0720
vn -0.1442 -0.9869 0.0722
vn -0.1717 -0.9826 0.0711
vn 0.8400 -0.3830 -0.3844
vn 0.8541 -0.3941 -0.3394
vn 0.8289 -0.3747 -0.4155
vn 0.8642 -0.4026 -0.3018
vn 0.8920 -0.3872 -0.2332
vn 0.8938 -0.3932 -0.2155
vn 0.8902 -0.3821 -0.2481
vn 0.8953 -0.3987 -0.1987
vn -0.9939 -0.0898 0.0647
vn -0.9901 -0.1046 0.0937
vn -0.9848 -0.1203 0.1256
vn -0.9965 -0.0752 0.0356
vn -0.9247 -0.1312 0.3573
vn -0.9391 -0.1195 0.3221
vn -0.9464 -0.1133 0.3024
vn -0.9170 -0.1367 0.3746
vn -0.2509 0.9533 -0.1680
vn -0.2582 0.9568 -0.1340
vn -0.2630 0.9583 -0.1114
vn -0.2477 0.9512 -0.1839
vn -0.2640 0.9645 -0.0013
vn -0.3039 0.9496 -0.0765
vn -0.2954 0.9536 -0.0582
vn -0.2552 0.9668 0.0154
vn -0.1566 -0.9809 0.1158
vn -0.1350 -0.9779 0.1595
vn -0.1278 -0.9766 0.1729
vn -0.1601 -0.9822 0.0978
vn -0.1702 -0.9836 0.0601
vn -0.1498 -0.9847 0.0894
vn -0.1389 -0.9847 0.1056
vn -0.1817 -0.9827 0.0355
vn -0.1674 0.9813 -0.0951
vn -0.1518 0.9828 -0.1056
vn -0.1871 0.9789 -0.0823
vn -0.1335 0.9840 -0.1179
vn 0.8958 -0.4219 -0.1395
vn 0.9114 -0.3752 -0.1692
vn 0.9175 -0.3541 -0.1808
vn 0.8885 -0.4402 -0.1293
vn 0.1907 -0.9807 0.0435
vn 0.1583 -0.9868 0.0333
vn 0.2084 -0.9768 0.0496
vn 0.1463 -0.9888 0.0309
vn -0.9025 -0.4070 -0.1412
vn -0.9023 -0.4077 -0.1401
vn -0.9019 -0.4100 -0.1355
vn -0.9029 -0.4048 -0.1446
vn -0.8298 0.4386 0.3451
vn -0.8324 0.4345 0.3439
vn -0.8334 0.4327 0.3437
vn -0.8283 0.4410 0.3454
vn 0.7570 -0.2983 -0.5814
vn 0.7572 -0.2946 -0.5829
vn 0.7573 -0.2940 -0.5832
vn 0.7569 -0.2989 -0.5812
vn -0.9181 0.3957 -0.0220
vn -0.9965 -0.0264 -0.0788
vn -0.9965 -0.0612 -0.0571
vn -0.9957 -0.0053 -0.0924
vn -0.9954 -0.0855 -0.0424
vn 0.2616 0.9047 -0.3363
vn 0.2653 0.9019 -0.3408
vn 0.2608 0.9053 -0.3354
vn 0.2664 0.9012 -0.3418
vn 0.2458 0.9610 -0.1266
vn 0.2374 0.9624 -0.1322
vn 0.2186 0.9656 -0.1408
vn 0.2603 0.9584 -0.1171
vn -0.8340 0.3258 -0.4454
vn -0.8340 0.3259 -0.4453
vn -0.8339 0.3257 -0.4455
vn -0.8339 0.3258 -0.4454
vn -0.0990 -0.9946 0.0324
vn -0.1053 -0.9937 0.0381
vn -0.1004 -0.9944 0.0331
vn -0.1056 -0.9936 0.0399
vn 0.9608 -0.1451 -0.2361
vn 0.9618 -0.1108 -0.2504
vn 0.9627 -0.1010 -0.2512
vn 0.9601 -0.1539 -0.2335
vn 0.3096 -0.9206 -0.2380
vn 0.3062 -0.9225 -0.2352
vn 0.3091 -0.9209 -0.2374
vn 0.3063 -0.9226 -0.2345
vn -0.8633 -0.3064 0.4011
vn -0.8680 -0.2974 0.3976
vn -0.8615 -0.3100 0.4021
vn -0.8700 -0.2931 0.3965
vn -0.4741 0.8664 0.1569
vn -0.4744 0.8667 0.1545
vn -0.4743 0.8662 0.1571
vn -0.4734 0.8672 0.1542
vn -0.8014 -0.3936 -0.4505
vn -0.8014 -0.3937 -0.4503
vn -0.8014 -0.3938 -0.4502
vn -0.1082 -0.9911 0.0779
vn -0.1637 -0.9802 0.1110
vn -0.1332 -0.9867 0.0934
vn -0.1861 -0.9749 0.1226
vn 0.7577 0.1760 -0.6284
vn 0.7582 0.1681 -0.6299
vn 0.7577 0.1770 -0.6282
vn 0.7583 0.1669 -0.6302
vn -0.9541 0.2475 -0.1687
vn -0.9715 0.1895 -0.1423
vn -0.9505 0.2718 -0.1506
vn -0.9766 0.1650 -0.1381
vn 0.3884 -0.8916 -0.2329
vn 0.3860 -0.8920 -0.2354
vn 0.3837 -0.8923 -0.2379
vn 0.3907 -0.8912 -0.2305
vn 0.3968 -0.8887 -0.2295
vn 0.3940 -0.8893 -0.2324
vn 0.3925 -0.8895 -0.2338
vn 0.3982 -0.8888 -0.2270
vn -0.3861 0.9221 0.0250
vn -0.3838 0.9230 0.0274
vn -0.3879 0.9214 0.0229
vn -0.3822 0.9236 0.0290
vn -0.3642 0.9259 0.1003
vn -0.3649 0.9252 0.1046
vn -0.3637 0.9263 0.0985
vn -0.3628 0.9271 0.0945
vn 0.3632 -0.9111 -0.1949
vn 0.3644 -0.9104 -0.1960
vn 0.3644 -0.9104 -0.1959
vn 0.3633 -0.9110 -0.1952
vn 0.3400 0.9144 -0.2198
vn 0.3318 0.9175 -0.2192
vn 0.3294 0.9184 -0.2191
vn 0.3418 0.9136 -0.2203
vn 0.3071 -0.9459 -0.1045
vn 0.3097 -0.9453 -0.1028
vn 0.3108 -0.9451 -0.1004
vn 0.3061 -0.9461 -0.1059
vn 0.3303 -0.9345 -0.1325
vn 0.3264 -0.9346 -0.1412
vn 0.3291 -0.9340 -0.1387
vn 0.3279 -0.9355 -0.1315
vn 0.3503 0.9139 -0.2050
vn 0.3634 0.9127 -0.1867
vn 0.3437 0.9145 -0.2134
vn 0.3687 0.9124 -0.1777
vn 0.3549 0.9143 -0.1953
vn 0.3624 0.9148 -0.1781
vn 0.3527 0.9141 -0.1999
vn 0.3642 0.9149 -0.1739
vn 0.8205 0.4281 -0.3789
vn 0.8213 0.4274 -0.3779
vn 0.8191 0.4291 -0.3806
vn 0.8224 0.4265 -0.3764
vn 0.7773 0.4237 -0.4651
vn 0.7768 0.4224 -0.4670
vn 0.7759 0.4201 -0.4707
vn 0.7782 0.4254 -0.4620
vn -0.8890 -0.3730 0.2657
vn -0.8900 -0.3719 0.2637
vn -0.8907 -0.3712 0.2623
vn -0.8882 -0.3737 0.2672
vn -0.8533 -0.3807 0.3562
vn -0.8544 -0.3799 0.3545
vn -0.8549 -0.3794 0.3537
vn -0.8527 -0.3812 0.3573
vn 0.8943 -0.1392 -0.4253
vn 0.8956 -0.1338 -0.4242
vn 0.8941 -0.1406 -0.4253
vn 0.8960 -0.1323 -0.4239
vn -0.8926 -0.3682 0.2601
vn -0.8914 -0.3708 0.2607
vn -0.8917 -0.3701 0.2605
vn -0.8929 -0.3677 0.2599
vn 0.9138 -0.1238 -0.3869
vn 0.9130 -0.1251 -0.3882
vn 0.9111 -0.1166 -0.3954
vn 0.9157 -0.1326 -0.3793
vn 0.9651 -0.1384 -0.2225
vn 0.9629 -0.1410 -0.2302
vn 0.9622 -0.1418 -0.2327
vn 0.9660 -0.1373 -0.2193
vn -0.9394 -0.3356 0.0705
vn -0.9409 -0.3328 0.0629
vn -0.9405 -0.3339 0.0638
vn -0.9397 -0.3344 0.0721
vn -0.8997 -0.3578 0.2499
vn -0.9067 -0.3517 0.2327
vn -0.9102 -0.3486 0.2234
vn -0.8964 -0.3604 0.2580
vn 0.8905 -0.2008 -0.4082
vn 0.8912 -0.1997 -0.4072
vn 0.8912 -0.2006 -0.4070
vn 0.8905 -0.2018 -0.4078
vn 0.8471 -0.1939 -0.4948
vn 0.8475 -0.1949 -0.4937
vn 0.8474 -0.1962 -0.4934
vn 0.8473 -0.1929 -0.4949
vn -0.2966 -0.9530 0.0619
vn -0.2964 -0.9531 0.0611
vn -0.2968 -0.9529 0.0626
vn -0.2966 -0.9531 0.0598
vn -0.2772 -0.9541 0.1134
vn -0.2773 -0.9542 0.1124
vn -0.2773 -0.9539 0.1145
vn -0.2773 -0.9543 0.1112
vn -0.9385 0.2423 0.2458
vn -0.9386 0.2424 0.2455
vn -0.9390 0.2414 0.2451
vn -0.9381 0.2433 0.2465
vn -0.8955 0.2573 0.3630
vn -0.8962 0.2567 0.3618
vn -0.8957 0.2569 0.3629
vn -0.8961 0.2572 0.3617
vn 0.3021 0.9274 -0.2206
vn 0.3047 0.9271 -0.2181
vn 0.2998 0.9276 -0.2230
vn 0.3069 0.9268 -0.2163
vn 0.2883 0.9330 -0.2156
vn 0.2928 0.9323 -0.2121
vn 0.2828 0.9337 -0.2197
vn 0.2978 0.9317 -0.2080
vn 0.8221 0.4058 -0.3994
vn 0.8216 0.4076 -0.3986
vn 0.8217 0.4073 -0.3987
vn 0.8222 0.4055 -0.3994
vn -0.9408 0.2209 0.2573
vn -0.9428 0.2132 0.2564
vn -0.9432 0.2114 0.2561
vn -0.9404 0.2223 0.2575
vn -0.2631 -0.9629 0.0608
vn -0.2605 -0.9636 0.0609
vn -0.2639 -0.9627 0.0602
vn -0.2595 -0.9638 0.0606
vn -0.3448 0.9381 0.0331
vn -0.3470 0.9373 0.0331
vn -0.3478 0.9370 0.0330
vn -0.3443 0.9383 0.0325
vn 0.8379 0.4002 -0.3712
vn 0.8369 0.4000 -0.3736
vn 0.8370 0.4010 -0.3723
vn 0.8381 0.3991 -0.3718
vn 0.8918 0.3895 -0.2304
vn 0.8926 0.3903 -0.2256
vn 0.8928 0.3904 -0.2249
vn 0.8915 0.3896 -0.2312
vn -0.9795 0.1915 0.0624
vn -0.9797 0.1912 0.0610
vn -0.9798 0.1903 0.0618
vn -0.9794 0.1922 0.0621
vn -0.9434 0.2013 0.2637
vn -0.9430 0.2018 0.2647
vn -0.9436 0.2010 0.2630
vn -0.9428 0.2020 0.2651
vn -0.2507 -0.9681 -0.0046
vn -0.2479 -0.9686 -0.0177
vn -0.2513 -0.9679 -0.0013
vn -0.2475 -0.9686 -0.0233
vn -0.2458 -0.9676 0.0578
vn -0.2397 -0.9684 0.0686
vn -0.2366 -0.9689 0.0731
vn -0.2484 -0.9672 0.0526
vn -0.3224 0.9464 0.0178
vn -0.3225 0.9464 0.0194
vn -0.3214 0.9468 0.0180
vn -0.3232 0.9461 0.0184
vn 0.5539 -0.7527 -0.3559
vn 0.5508 -0.7521 -0.3619
vn 0.5493 -0.7518 -0.3648
vn 0.5552 -0.7531 -0.3529
vn 0.5374 -0.7336 -0.4159
vn 0.5374 -0.7338 -0.4156
vn 0.5373 -0.7335 -0.4162
vn 0.5377 -0.7335 -0.4158
vn -0.3735 0.9194 0.1235
vn -0.3685 0.9205 0.1301
vn -0.3764 0.9187 0.1196
vn -0.3660 0.9210 0.1334
vn -0.3611 0.9184 0.1619
vn -0.3607 0.9192 0.1578
vn -0.3605 0.9198 0.1551
vn -0.3612 0.9178 0.1648
vn 0.5549 -0.7571 -0.3448
vn 0.5579 -0.7552 -0.3440
vn 0.5569 -0.7559 -0.3442
vn 0.5539 -0.7576 -0.3452
vn 0.2506 0.9673 -0.0383
vn 0.2439 0.9690 -0.0387
vn 0.2401 0.9700 -0.0391
vn 0.2538 0.9665 -0.0383
vn 0.4975 -0.7942 -0.3488
vn 0.4968 -0.7915 -0.3558
vn 0.4988 -0.7918 -0.3525
vn 0.4958 -0.7950 -0.3495
vn 0.5323 -0.7618 -0.3693
vn 0.5292 -0.7611 -0.3750
vn 0.5305 -0.7609 -0.3738
vn 0.5313 -0.7628 -0.3686
vn 0.2621 0.9641 -0.0424
vn 0.2712 0.9621 -0.0297
vn 0.2581 0.9649 -0.0481
vn 0.2747 0.9612 -0.0242
vn 0.2705 0.9624 -0.0258
vn 0.2830 0.9591 -0.0029
vn 0.2663 0.9633 -0.0334
vn 0.2866 0.9581 0.0041
vn 0.7932 0.5376 -0.2860
vn 0.7968 0.5349 -0.2812
vn 0.7901 0.5399 -0.2901
vn 0.7996 0.5327 -0.2773
vn 0.7685 0.5449 -0.3353
vn 0.7678 0.5432 -0.3397
vn 0.7670 0.5411 -0.3448
vn 0.7692 0.5466 -0.3311
vn -0.7876 -0.6063 0.1100
vn -0.7904 -0.6036 0.1046
vn -0.7914 -0.6026 0.1027
vn -0.7865 -0.6073 0.1119
vn -0.7697 -0.6187 0.1577
vn -0.7715 -0.6172 0.1547
vn -0.7722 -0.6166 0.1536
vn -0.7690 -0.6192 0.1589
vn 0.9111 0.1369 -0.3887
vn 0.9117 0.1443 -0.3848
vn 0.9115 0.1423 -0.3859
vn 0.9110 0.1345 -0.3898
vn -0.8018 -0.5898 0.0958
vn -0.7996 -0.5926 0.0967
vn -0.8037 -0.5874 0.0950
vn -0.7975 -0.5954 0.0977
vn 0.9169 0.1351 -0.3754
vn 0.9185 0.1322 -0.3726
vn 0.9141 0.1395 -0.3806
vn 0.9211 0.1279 -0.3676
vn 0.9442 0.1132 -0.3092
vn 0.9468 0.1084 -0.3031
vn 0.9420 0.1173 -0.3144
vn 0.9490 0.1041 -0.2976
vn -0.8373 -0.5466 0.0098
vn -0.8438 -0.5366 -0.0110
vn -0.8454 -0.5338 -0.0170
vn -0.8355 -0.5493 0.0167
vn -0.8056 -0.5791 0.1254
vn -0.8098 -0.5752 0.1158
vn -0.8112 -0.5739 0.1127
vn -0.8041 -0.5803 0.1288
vn 0.9141 0.1144 -0.3890
vn 0.9150 0.1153 -0.3867
vn 0.9141 0.1139 -0.3893
vn 0.9133 0.1128 -0.3914
vn 0.8893 0.1117 -0.4434
vn 0.8894 0.1118 -0.4433
vn 0.8894 0.1117 -0.4433
vn 0.8894 0.1116 -0.4434
vn -0.1462 -0.9744 -0.1706
vn -0.1461 -0.9746 -0.1696
vn -0.1459 -0.9744 -0.1712
vn -0.1458 -0.9748 -0.1691
vn -0.1197 -0.9797 -0.1609
vn -0.1200 -0.9794 -0.1622
vn -0.1196 -0.9798 -0.1603
vn -0.1198 -0.9794 -0.1626
vn -0.9754 -0.0210 0.2192
vn -0.9744 -0.0193 0.2241
vn -0.9761 -0.0219 0.2163
vn -0.9737 -0.0185 0.2269
vn -0.9588 -0.0226 0.2833
vn -0.9585 -0.0220 0.2842
vn -0.9591 -0.0230 0.2823
vn -0.9582 -0.0216 0.2853
vn 0.2066 0.9771 -0.0514
vn 0.2127 0.9761 -0.0445
vn 0.2030 0.9776 -0.0560
vn 0.2161 0.9755 -0.0409
vn 0.1864 0.9813 -0.0480
vn 0.1899 0.9808 -0.0443
vn 0.1843 0.9816 -0.0505
vn 0.1919 0.9805 -0.0422
vn 0.7959 0.5306 -0.2917
vn 0.7950 0.5329 -0.2898
vn 0.7962 0.5296 -0.2925
vn 0.7945 0.5342 -0.2888
vn -0.9758 -0.0245 0.2171
vn -0.9764 -0.0297 0.2140
vn -0.9767 -0.0330 0.2120
vn -0.9755 -0.0216 0.2188
vn -0.1487 -0.9773 -0.1506
vn -0.1510 -0.9773 -0.1485
vn -0.1524 -0.9773 -0.1472
vn -0.1474 -0.9774 -0.1516
vn -0.3505 0.9247 0.1484
vn -0.3550 0.9232 0.1472
vn -0.3583 0.9221 0.1464
vn -0.3481 0.9256 0.1489
vn 0.7961 0.5342 -0.2844
vn 0.7958 0.5342 -0.2853
vn 0.7957 0.5343 -0.2853
vn 0.7962 0.5341 -0.2843
vn 0.8305 0.5146 -0.2134
vn 0.8305 0.5143 -0.2142
vn 0.8303 0.5140 -0.2152
vn 0.8306 0.5148 -0.2124
vn -0.9823 -0.0021 0.1873
vn -0.9766 0.0017 0.2152
vn -0.9834 -0.0005 0.1816
vn -0.9755 -0.0002 0.2201
vn -0.9672 -0.0392 0.2508
vn -0.1607 -0.9697 -0.1842
vn -0.1585 -0.9681 -0.1941
vn -0.1616 -0.9701 -0.1809
vn -0.1581 -0.9671 -0.1992
vn -0.1579 -0.9776 -0.1392
vn -0.1532 -0.9794 -0.1319
vn -0.1508 -0.9801 -0.1287
vn -0.1600 -0.9768 -0.1426
vn -0.3423 0.9277 0.1487
vn -0.3378 0.9277 0.1590
vn -0.3438 0.9278 0.1450
vn -0.3363 0.9276 0.1625
vn -0.3385 0.9342 0.1122
vn -0.3301 0.9347 0.1316
vn -0.3409 0.9340 0.1066
vn -0.3275 0.9347 0.1381
vn -0.9861 -0.1183 -0.1169
vn -0.9866 -0.1097 -0.1210
vn -0.9849 -0.1229 -0.1218
vn -0.9872 -0.1056 -0.1197
vn 0.9250 -0.3256 -0.1960
vn 0.1091 -0.3760 -0.9202
vn 0.0558 -0.5377 -0.8413
vn 0.0659 -0.5273 -0.8471
vn 0.1067 -0.3688 -0.9234
vn -0.1126 -0.3907 -0.9136
vn -0.1296 -0.6400 -0.7574
vn -0.1106 -0.3841 -0.9166
vn -0.1383 -0.6670 -0.7321
vn 0.0606 -0.0030 -0.9982
vn 0.0657 0.0255 -0.9975
vn 0.0650 0.0226 -0.9976
vn 0.0604 -0.0039 -0.9982
vn 0.0020 -0.1505 -0.9886
vn 0.0022 -0.1199 -0.9928
vn 0.0058 -0.1244 -0.9922
vn 0.0020 -0.1514 -0.9885
vn -0.9106 -0.3265 -0.2533
vn -0.9106 -0.3277 -0.2519
vn -0.9112 -0.3275 -0.2500
vn -0.9100 -0.3266 -0.2555
vn -0.1052 -0.9872 0.1199
vn -0.1018 -0.9879 0.1173
vn -0.1056 -0.9871 0.1202
vn -0.1090 -0.9865 0.1225
vn 0.9411 -0.3313 0.0674
vn 0.9437 -0.3254 0.0598
vn 0.9437 -0.3244 0.0644
vn 0.9411 -0.3326 0.0613
vn 0.9754 -0.1885 -0.1140
vn 0.9758 -0.1820 -0.1212
vn 0.9763 -0.1822 -0.1168
vn 0.9742 -0.1909 -0.1200
vn -0.9193 -0.3581 -0.1630
vn -0.9190 -0.3607 -0.1594
vn -0.9179 -0.3696 -0.1444
vn -0.9181 -0.3484 -0.1888
vn -0.0242 -0.9902 0.1377
vn -0.0223 -0.9904 0.1362
vn -0.0244 -0.9902 0.1378
vn -0.0262 -0.9899 0.1395
vn -0.9288 -0.0207 -0.3699
vn -0.9299 -0.0221 -0.3672
vn -0.9315 -0.0245 -0.3629
vn -0.9266 -0.0177 -0.3757
vn 0.8745 -0.4342 -0.2162
vn 0.8746 -0.4336 -0.2169
vn 0.8743 -0.4361 -0.2132
vn 0.8748 -0.4319 -0.2194
vn 0.8897 -0.3731 -0.2631
vn 0.8896 -0.3740 -0.2623
vn 0.8901 -0.3626 -0.2763
vn 0.8892 -0.3842 -0.2485
vn -0.9312 -0.1475 -0.3334
vn -0.9320 -0.1507 -0.3297
vn -0.9309 -0.1402 -0.3372
vn -0.9333 -0.1569 -0.3229
vn -0.8648 0.1983 -0.4614
vn -0.8635 0.2002 -0.4629
vn -0.8620 0.2016 -0.4652
vn -0.8661 0.1967 -0.4596
vn 0.9517 -0.0499 -0.3029
vn 0.9521 -0.0508 -0.3016
vn 0.9540 -0.0666 -0.2925
vn 0.9497 -0.0364 -0.3109
vn -0.0942 -0.9694 -0.2266
vn -0.0998 -0.9699 -0.2223
vn -0.1034 -0.9700 -0.2199
vn -0.0887 -0.9688 -0.2313
vn 0.9659 0.1451 -0.2145
vn 0.9632 0.1532 -0.2207
vn 0.9648 0.1517 -0.2148
vn 0.9641 0.1461 -0.2219
vn -0.3907 0.9197 0.0392
vn -0.3891 0.9202 0.0421
vn -0.3962 0.9176 0.0311
vn -0.3842 0.9217 0.0532
vn 0.9038 0.4150 -0.1041
vn 0.9042 0.4083 -0.1255
vn 0.9020 0.4120 -0.1289
vn 0.9059 0.4121 -0.0973
vn -0.9542 0.0969 -0.2830
vn -0.9398 0.1240 -0.3185
vn -0.9354 0.1259 -0.3305
vn -0.9586 0.0944 -0.2687
vn 0.2488 0.9677 0.0405
vn 0.2541 0.9656 0.0553
vn 0.2440 0.9693 0.0316
vn 0.2571 0.9642 0.0656
vn -0.4651 0.0047 -0.8853
vn -0.4616 -0.1151 -0.8796
vn -0.4652 0.0097 -0.8851
vn -0.4602 -0.1201 -0.8797
vn -0.8654 0.3663 -0.3419
vn -0.8669 0.3645 -0.3400
vn -0.8672 0.3651 -0.3388
vn -0.8655 0.3657 -0.3423
vn 0.4291 0.0561 -0.9015
vn 0.4349 0.0336 -0.8999
vn 0.4029 0.0588 -0.9134
vn 0.4355 0.0336 -0.8996
vn -0.9881 0.0254 0.1517
vn -0.9741 -0.1485 0.1704
vn -0.9875 0.0642 0.1440
vn -0.9611 -0.2025 0.1879
vn -0.0979 -0.9827 0.1571
vn -0.0980 -0.9827 0.1570
vn -0.0971 -0.9826 0.1582
vn -0.0988 -0.9828 0.1559
vn -0.4294 0.9009 -0.0633
vn -0.4699 0.8811 -0.0543
vn -0.4526 0.8901 -0.0536
vn -0.4125 0.9092 -0.0571
vn -0.0661 -0.9902 0.1232
vn -0.8710 -0.1960 -0.4505
vn -0.8718 -0.1996 -0.4473
vn -0.8724 -0.1992 -0.4464
vn -0.8697 -0.1945 -0.4536
vn -0.8838 -0.2635 -0.3867
vn -0.8740 -0.2662 -0.4065
vn -0.8788 -0.2759 -0.3894
vn -0.8783 -0.2563 -0.4037
vn -0.1391 0.6328 0.7617
vn -0.1376 0.6305 0.7639
vn -0.1419 0.6369 0.7578
vn -0.1348 0.6282 0.7663
vn -0.9655 0.0836 -0.2466
vn -0.9705 -0.0285 -0.2392
vn -0.9595 0.1327 -0.2486
vn -0.9687 -0.0814 -0.2346
vn -0.0229 -0.5429 -0.8395
vn -0.0230 -0.5430 -0.8395
vn -0.0230 -0.5430 -0.8394
vn 0.5726 0.7478 0.3360
vn 0.5765 0.7476 0.3297
vn 0.5683 0.7478 0.3431
vn 0.5808 0.7473 0.3228
vn -0.3553 0.6703 0.6515
vn -0.3552 0.6702 0.6517
vn -0.3546 0.6698 0.6524
vn -0.3562 0.6706 0.6507
vn -0.6917 0.5911 -0.4149
vn -0.6917 0.5911 -0.4150
vn -0.6916 0.5911 -0.4149
vn 0.1218 0.8675 0.4822
vn 0.1219 0.8675 0.4822
vn -0.1837 0.4472 0.8753
vn -0.1799 0.4462 0.8767
vn -0.1767 0.4450 0.8779
vn -0.1876 0.4489 0.8736
vn 0.8827 0.4278 -0.1947
vn 0.8793 0.4368 -0.1897
vn 0.8834 0.4263 -0.1947
vn 0.8788 0.4379 -0.1896
vn 0.2722 0.9622 -0.0075
vn 0.2588 0.9659 -0.0118
vn 0.2489 0.9684 -0.0145
vn 0.2801 0.9599 -0.0051
vn -0.9247 0.2187 -0.3115
vn -0.9248 0.2184 -0.3114
vn -0.9246 0.2190 -0.3116
vn -0.9248 0.2185 -0.3114
vn -0.7578 -0.6472 0.0825
vn -0.7574 -0.6477 0.0827
vn -0.7577 -0.6474 0.0825
vn -0.7581 -0.6469 0.0823
vn 0.7613 0.5395 -0.3597
vn 0.7608 0.5408 -0.3589
vn 0.7614 0.5392 -0.3598
vn 0.7607 0.5410 -0.3588
vn 0.9720 0.2162 0.0920
vn 0.9687 0.2261 0.1024
vn 0.9672 0.2267 0.1143
vn 0.9726 0.2170 0.0832
vn 0.8381 -0.1965 -0.5089
vn 0.8381 -0.1967 -0.5088
vn 0.8381 -0.1964 -0.5088
vn -0.2381 0.9656 -0.1040
vn -0.2376 0.9658 -0.1036
vn -0.2371 0.9658 -0.1045
vn -0.2372 0.9659 -0.1036
vn -0.8067 0.2885 -0.5158
vn -0.8066 0.2885 -0.5158
vn -0.3427 -0.9324 0.1148
vn -0.3437 -0.9320 0.1153
vn -0.3428 -0.9323 0.1149
vn -0.3437 -0.9320 0.1154
vn -0.9038 0.3239 0.2798
vn -0.9050 0.3207 0.2795
vn -0.9053 0.3201 0.2794
vn -0.9035 0.3246 0.2799
vn -0.5411 0.6329 0.5538
vn -0.5394 0.6329 0.5553
vn -0.5361 0.6344 0.5570
vn -0.5431 0.6334 0.5512
vn -0.4116 0.9095 -0.0587
vn -0.4086 0.9107 -0.0615
vn -0.4023 0.9129 -0.0687
vn -0.4193 0.9065 -0.0485
vn -0.0784 -0.9938 0.0783
vn -0.0785 -0.9938 0.0783
vn -0.7748 -0.5603 -0.2929
vn -0.7748 -0.5603 -0.2930
vn -0.7747 -0.5603 -0.2930
vn 0.9470 -0.3209 -0.0122
vn 0.9187 -0.3870 -0.0783
vn 0.8780 -0.4742 -0.0653
vn 0.9999 0.0108 -0.0055
vn 0.9999 0.0109 -0.0055
vn 0.9875 0.1526 0.0381
vn 0.9878 0.1514 0.0371
vn 0.9877 0.1520 0.0378
vn 0.9874 0.1533 0.0384
vn 0.9449 0.3201 0.0690
vn 0.9497 0.3075 0.0587
vn 0.9348 0.3439 0.0886
vn 0.9590 0.2810 0.0369
vn 0.9732 0.2299 0.0041
vn 0.9646 0.2629 0.0194
vn 0.9691 0.2465 0.0119
vn 0.9769 0.2137 -0.0038
vn 0.9689 0.2455 0.0305
vn 0.9670 0.2533 0.0265
vn 0.9680 0.2494 0.0281
vn 0.9662 0.2567 0.0244
vn 0.8671 -0.4981 -0.0041
vn 0.9484 0.3161 0.0249
vn 0.9345 0.3522 0.0522
vn 0.9571 0.2897 0.0025
vn 0.9167 0.3912 0.0820
vn -0.8939 -0.4383 0.0940
vn -0.8939 -0.4383 0.0941
vn -0.9575 -0.2882 -0.0107
vn -0.9584 -0.2852 -0.0143
vn -0.9566 -0.2912 -0.0071
vn -0.9592 -0.2825 -0.0145
vn -0.9298 -0.3549 -0.0979
vn -0.9294 -0.3560 -0.0974
vn -0.9299 -0.3545 -0.0982
vn -0.9293 -0.3564 -0.0972
vn 0.9142 -0.3827 0.1330
vn 0.9147 -0.3820 0.1320
vn 0.9140 -0.3831 0.1335
vn 0.9136 -0.3838 0.1344
vn -0.9643 0.2029 0.1701
vn -0.9640 0.2124 0.1597
vn -0.9664 0.2093 0.1491
vn -0.9630 0.2067 0.1731
vn 0.9214 -0.3886 0.0039
vn 0.9224 -0.3862 0.0009
vn 0.9211 -0.3894 0.0049
vn 0.9199 -0.3921 0.0084
vn -0.9566 0.2352 -0.1722
vn -0.9558 0.2377 -0.1732
vn -0.9569 0.2343 -0.1718
vn -0.9555 0.2387 -0.1736
vn 0.2343 0.9469 -0.2204
vn 0.2325 0.9479 -0.2177
vn 0.2352 0.9465 -0.2208
vn 0.2322 0.9481 -0.2174
vn -0.9661 0.1594 -0.2031
vn -0.9758 0.1093 -0.1896
vn -0.9617 0.1783 -0.2081
vn -0.9784 0.0926 -0.1851
vn 0.9775 -0.1323 -0.1644
vn 0.9783 -0.1281 -0.1629
vn 0.9772 -0.1337 -0.1651
vn 0.9786 -0.1264 -0.1623
vn -0.3975 0.9143 0.0779
vn -0.3978 0.9141 0.0788
vn -0.3972 0.9144 0.0778
vn -0.3980 0.9140 0.0789
vn -0.7419 -0.4603 -0.4876
vn -0.7419 -0.4604 -0.4875
vn -0.7419 -0.4604 -0.4874
vn -0.9747 -0.2116 0.0715
vn -0.9752 -0.2099 0.0700
vn -0.9747 -0.2121 0.0702
vn -0.9754 -0.2092 0.0703
vn 0.9951 0.0983 -0.0111
vn 0.9953 0.0962 -0.0139
vn 0.9955 0.0932 -0.0184
vn 0.9948 0.1014 -0.0052
vn -0.9933 0.0449 0.1069
vn -0.9940 0.0381 0.1028
vn -0.9944 0.0337 0.1001
vn -0.9929 0.0481 0.1088
vn 0.5343 -0.7517 -0.3866
vn 0.5340 -0.7519 -0.3866
vn 0.5341 -0.7519 -0.3865
vn 0.5344 -0.7516 -0.3866
vn 0.3766 -0.8787 -0.2934
vn 0.3778 -0.8800 -0.2880
vn 0.3730 -0.8804 -0.2930
vn 0.3724 -0.8795 -0.2963
vn -0.6287 -0.4004 -0.6666
vn -0.6287 -0.4005 -0.6666
vn -0.6287 -0.4003 -0.6667
vn -0.3313 0.9350 0.1269
vn -0.3334 0.9340 0.1280
vn -0.3330 0.9342 0.1279
vn -0.3310 0.9350 0.1271
vn -0.9464 -0.2758 -0.1681
vn -0.9670 -0.1321 -0.2179
vn -0.9314 -0.3330 -0.1473
vn -0.9686 -0.0761 -0.2369
vn 0.9575 0.1433 -0.2505
vn 0.9552 0.1529 -0.2534
vn 0.9541 0.1586 -0.2541
vn 0.9584 0.1378 -0.2499
vn -0.7353 -0.5803 0.3501
vn -0.7353 -0.5805 0.3499
vn -0.7352 -0.5806 0.3499
vn -0.7354 -0.5802 0.3502
vn -0.9972 0.0648 0.0368
vn -0.9958 0.0881 0.0234
vn -0.9978 0.0538 0.0377
vn -0.9954 0.0920 0.0268
vn -0.9916 -0.0470 0.1203
vn -0.9916 -0.0511 0.1186
vn -0.9913 -0.0481 0.1227
vn -0.9922 -0.0511 0.1136
vn -0.0329 -0.9961 0.0813
vn -0.0329 -0.9961 0.0814
vn 0.9163 0.3717 0.1494
vn 0.9190 0.3669 0.1444
vn 0.9079 0.3862 0.1634
vn 0.9277 0.3505 0.1283
vn -0.9661 0.1689 -0.1951
vn -0.9661 0.1689 -0.1950
vn 0.2876 0.9574 -0.0278
vn 0.2918 0.9562 -0.0217
vn 0.2723 0.9606 -0.0550
vn 0.3075 0.9515 0.0033
vn 0.9222 -0.3867 -0.0062
vn 0.9207 -0.3902 -0.0016
vn 0.9222 -0.3866 -0.0063
vn 0.9235 -0.3835 -0.0105
vn -0.9803 0.0608 -0.1878
vn -0.9874 -0.0996 -0.1229
vn -0.9641 0.1497 -0.2194
vn -0.9775 -0.1922 -0.0869
vn 0.9504 -0.3094 0.0330
vn 0.9503 -0.3094 0.0330
vn -0.9324 0.1284 0.3380
vn -0.9308 0.1307 0.3413
vn -0.9320 0.1296 0.3385
vn -0.9335 0.1267 0.3354
vn 0.9524 -0.2995 0.0569
vn 0.9523 -0.2996 0.0577
vn 0.9516 -0.3017 0.0584
vn 0.9517 -0.3018 0.0573
vn -0.9483 -0.2892 -0.1305
vn -0.9480 -0.2906 -0.1301
vn -0.9484 -0.2890 -0.1307
vn -0.9479 -0.2910 -0.1299
vn 0.0907 -0.7792 -0.6202
vn 0.0924 -0.7799 -0.6191
vn 0.0894 -0.7789 -0.6208
vn 0.0873 -0.7773 -0.6230
vn 0.1421 0.7898 0.5966
vn 0.1434 0.7894 0.5970
vn 0.1453 0.7885 0.5977
vn 0.1404 0.7903 0.5964
vn 0.5854 -0.5505 -0.5952
vn 0.5834 -0.5504 -0.5973
vn 0.5926 -0.5506 -0.5880
vn 0.5762 -0.5509 -0.6037
vn -0.8491 -0.4936 -0.1883
vn -0.8494 -0.4936 -0.1868
vn -0.8481 -0.4934 -0.1930
vn -0.8504 -0.4938 -0.1819
vn 0.1903 -0.9817 -0.0064
vn 0.1854 -0.9827 -0.0042
vn 0.1834 -0.9830 -0.0005
vn 0.1934 -0.9811 -0.0046
vn 0.4112 -0.8715 -0.2672
vn 0.4112 -0.8716 -0.2671
vn 0.4112 -0.8716 -0.2670
vn 0.4113 -0.8715 -0.2672
vn -0.9670 0.2489 -0.0538
vn -0.9715 0.2336 -0.0407
vn -0.9644 0.2584 -0.0569
vn -0.9737 0.2250 -0.0366
vn -0.8606 -0.4957 -0.1167
vn 0.7717 0.4193 -0.4782
vn 0.7710 0.4218 -0.4772
vn 0.7718 0.4189 -0.4784
vn 0.7709 0.4222 -0.4770
vn -0.8559 -0.4352 0.2795
vn -0.8559 -0.4352 0.2794
vn -0.8559 -0.4351 0.2794
vn -0.8558 -0.4353 0.2795
vn -0.9289 0.3351 -0.1578
vn -0.9288 0.3352 -0.1577
vn -0.9289 0.3346 -0.1586
vn -0.9288 0.3357 -0.1566
vn 0.2684 0.9522 -0.1461
vn 0.2560 0.9548 -0.1513
vn 0.2473 0.9564 -0.1553
vn 0.2760 0.9505 -0.1428
vn -0.9554 0.1775 0.2362
vn -0.9512 0.1851 0.2467
vn -0.9547 0.1789 0.2377
vn -0.9594 0.1700 0.2249
vn 0.9361 0.2829 -0.2089
vn 0.9338 0.2905 -0.2088
vn 0.9362 0.2826 -0.2089
vn 0.9336 0.2912 -0.2088
vn -0.1923 -0.9813 -0.0029
vn -0.2058 -0.9786 -0.0013
vn -0.2081 -0.9781 -0.0010
vn -0.1875 -0.9823 -0.0045
vn 0.1213 0.9915 -0.0479
vn 0.1197 0.9917 -0.0460
vn 0.1219 0.9914 -0.0482
vn 0.1193 0.9918 -0.0457
vn -0.9742 0.0448 0.2213
vn -0.9745 0.0427 0.2203
vn -0.9746 0.0421 0.2200
vn -0.9741 0.0455 0.2216
vn -0.1649 -0.9830 -0.0807
vn -0.1662 -0.9828 -0.0800
vn -0.1651 -0.9830 -0.0804
vn -0.1661 -0.9829 -0.0799
vn -0.7652 0.2765 -0.5814
vn -0.7651 0.2764 -0.5815
vn -0.7652 0.2764 -0.5815
vn -0.3542 0.9314 0.0840
vn -0.3651 0.9275 0.0798
vn -0.3700 0.9257 0.0783
vn -0.3487 0.9333 0.0856
vn 0.8802 0.1058 -0.4626
vn 0.8801 0.1066 -0.4627
vn 0.8801 0.1067 -0.4627
vn 0.8802 0.1056 -0.4626
vn -0.3185 0.9435 -0.0918
vn -0.3150 0.9455 -0.0823
vn -0.3194 0.9429 -0.0942
vn -0.3138 0.9462 -0.0791
vn -0.9028 -0.4279 -0.0433
vn -0.9031 -0.4273 -0.0420
vn -0.9037 -0.4259 -0.0444
vn -0.9018 -0.4302 -0.0409
vn 0.8866 -0.4617 0.0269
vn 0.8866 -0.4619 0.0268
vn 0.8867 -0.4615 0.0269
vn 0.8865 -0.4620 0.0268
vn -0.9715 -0.2346 0.0340
vn -0.9705 -0.2382 0.0371
vn -0.9718 -0.2333 0.0351
vn -0.9702 -0.2399 0.0353
vn 0.8843 -0.4647 -0.0457
vn 0.8843 -0.4648 -0.0457
vn 0.8843 -0.4647 -0.0456
vn 0.8805 -0.4693 0.0675
vn 0.8804 -0.4693 0.0675
vn 0.8804 -0.4693 0.0676
vn 0.8804 -0.4694 0.0676
vn -0.9759 0.0884 -0.1993
vn 0.9996 0.0185 0.0234
vn 0.9996 0.0153 0.0216
vn 0.9995 0.0211 0.0249
vn 0.9997 0.0128 0.0203
vn 0.9999 0.0116 0.0097
vn 0.9998 0.0170 0.0122
vn 0.9999 0.0084 0.0082
vn 0.9997 0.0202 0.0137
vn 1.0000 0.0063 0.0027
vn 1.0000 0.0072 0.0036
vn 0.9999 0.0112 0.0087
vn 1.0000 0.0022 -0.0020
vn -0.9995 -0.0299 0.0107
vn -0.9971 -0.0672 0.0346
vn -0.9999 -0.0144 0.0025
vn -0.9935 -0.0995 0.0561
vn -0.6016 0.7450 0.2881
vn -0.8581 -0.1951 -0.4750
vn -0.8583 -0.1944 -0.4749
vn -0.8582 -0.1948 -0.4750
vn -0.8579 -0.1956 -0.4751
vn 0.5635 0.6692 0.4844
vn 0.5635 0.6691 0.4845
vn 0.5635 0.6692 0.4845
vn 0.1447 0.8676 -0.4757
vn 0.0680 0.7686 0.6361
vn 0.0685 0.7681 0.6367
vn 0.0718 0.7674 0.6371
vn 0.0655 0.7704 0.6342
vn -0.9919 -0.0143 -0.1260
vn -0.9919 -0.0144 -0.1265
vn -0.9917 -0.0145 -0.1274
vn -0.9920 -0.0141 -0.1252
vn 0.3247 -0.1014 -0.9404
vn 0.3267 -0.0837 -0.9414
vn 0.3251 -0.1045 -0.9399
vn 0.3251 -0.0773 -0.9425
vn 0.5781 -0.4099 -0.7056
vn 0.5780 -0.4099 -0.7056
vn 0.5780 -0.4100 -0.7056
vn 0.9695 0.2446 -0.0185
vn 0.9984 -0.0236 -0.0515
vn 0.9780 0.2070 -0.0272
vn 0.9932 -0.0784 -0.0862
vn 0.6398 -0.4383 -0.6313
vn 0.6361 -0.4378 -0.6354
vn 0.6460 -0.4399 -0.6238
vn 0.6293 -0.4364 -0.6430
vn 0.8693 0.3456 0.3534
vn 0.8722 0.3396 0.3521
vn 0.8705 0.3460 0.3501
vn 0.8728 0.3408 0.3494
vn -0.9577 -0.1104 0.2657
vn -0.9599 -0.0583 0.2741
vn -0.9565 -0.1159 0.2676
vn -0.9603 -0.0508 0.2742
vn 0.2598 -0.5879 -0.7661
vn 0.2346 -0.5697 -0.7877
vn 0.2593 -0.5878 -0.7664
vn 0.2786 -0.6034 -0.7472
vn 0.4495 0.1860 -0.8737
vn 0.5088 0.2313 -0.8292
vn 0.5154 0.1738 -0.8392
vn 0.4489 0.2079 -0.8691
vn -0.9605 -0.1244 0.2490
vn -0.9590 -0.1259 0.2538
vn -0.9557 -0.1325 0.2630
vn -0.9668 -0.1197 0.2257
vn 0.6220 0.5286 0.5777
vn 0.6278 0.5338 0.5664
vn 0.6256 0.5317 0.5709
vn 0.6154 0.5228 0.5899
vn 0.7393 0.4954 0.4560
vn 0.7446 0.4938 0.4491
vn 0.7319 0.4994 0.4635
vn 0.7499 0.4915 0.4427
vn -0.9985 0.0257 -0.0475
vn -0.9981 0.0313 -0.0538
vn -0.9996 -0.0293 -0.0035
vn -0.9921 0.0876 -0.0898
vn 0.9669 0.1397 -0.2134
vn 0.9667 0.1383 -0.2152
vn 0.9661 0.1342 -0.2205
vn 0.9677 0.1456 -0.2058
vn 0.8301 0.5078 0.2303
vn 0.8824 0.3911 0.2615
vn 0.8607 0.4448 0.2478
vn 0.9065 0.3181 0.2777
vn 0.9432 0.3274 0.0562
vn 0.9362 0.3479 0.0495
vn 0.9400 0.3370 0.0522
vn 0.9338 0.3547 0.0468
vn -0.0488 -0.9910 0.1243
vn -0.0487 -0.9910 0.1243
vn -0.9749 0.2188 0.0410
vn -0.9744 0.2211 0.0402
vn -0.9752 0.2173 0.0415
vn -0.9742 0.2223 0.0398
vn 0.3200 0.9474 -0.0101
vn 0.2842 0.9569 -0.0604
vn 0.2085 0.9713 -0.1143
vn 0.3674 0.9289 0.0456
vn -0.0658 -0.9758 0.2087
vn -0.0663 -0.9758 0.2085
vn -0.0662 -0.9758 0.2085
vn -0.0657 -0.9757 0.2088
vn 0.6062 0.6338 0.4804
vn 0.6052 0.6341 0.4813
vn 0.6064 0.6327 0.4816
vn 0.6049 0.6350 0.4805
vn 0.9604 -0.2779 -0.0216
vn -0.9099 0.2396 0.3388
vn -0.9097 0.2396 0.3391
vn -0.9104 0.2432 0.3346
vn -0.9091 0.2363 0.3431
vn -0.3843 0.7179 0.5805
vn -0.3722 0.7171 0.5893
vn -0.3611 0.7190 0.5939
vn -0.3941 0.7187 0.5729
vn 0.9486 0.3163 0.0049
vn 0.9216 0.3864 0.0373
vn 0.9445 0.3283 0.0115
vn 0.9632 0.2679 -0.0208
vn -0.0330 -0.9862 0.1620
vn -0.0328 -0.9862 0.1621
vn -0.0331 -0.9863 0.1617
vn -0.0327 -0.9862 0.1624
vn -0.3129 0.9355 0.1640
vn -0.3129 0.9355 0.1639
vn -0.9775 0.2110 0.0033
vn -0.9722 0.2331 0.0225
vn -0.9671 0.2507 0.0439
vn -0.9794 0.2021 -0.0033
vn 0.8547 -0.5010 -0.1360
vn 0.8553 -0.4999 -0.1365
vn 0.8557 -0.4990 -0.1367
vn 0.8543 -0.5017 -0.1359
vn -0.9908 -0.0995 -0.0921
vn -0.9906 -0.1003 -0.0927
vn -0.9904 -0.1003 -0.0957
vn -0.9909 -0.0984 -0.0920
vn -0.0462 -0.9921 -0.1166
vn -0.0476 -0.9920 -0.1173
vn -0.0452 -0.9922 -0.1160
vn -0.0486 -0.9918 -0.1179
vn 0.0455 0.9941 0.0982
vn 0.0281 0.9957 0.0886
vn 0.0062 0.9969 0.0789
vn 0.0625 0.9915 0.1140
vn -0.6915 -0.7135 -0.1130
vn -0.6937 -0.7115 -0.1121
vn -0.6923 -0.7127 -0.1128
vn -0.6942 -0.7110 -0.1120
vn 0.9844 -0.0371 -0.1720
vn 0.9843 -0.0359 -0.1726
vn 0.9843 -0.0342 -0.1733
vn 0.9846 -0.0398 -0.1704
vn 0.7978 0.6026 0.0199
vn 0.7929 0.6088 0.0274
vn 0.8024 0.5967 0.0129
vn 0.7880 0.6147 0.0350
vn 0.1860 0.9756 0.1164
vn 0.1872 0.9755 0.1157
vn 0.1845 0.9757 0.1182
vn 0.1883 0.9754 0.1149
vn 0.6537 -0.7215 -0.2283
vn 0.6535 -0.7216 -0.2285
vn 0.6537 -0.7215 -0.2284
vn 0.6539 -0.7213 -0.2281
vn -0.9620 0.1598 -0.2212
vn -0.9620 0.1595 -0.2214
vn -0.9621 0.1591 -0.2217
vn -0.9620 0.1601 -0.2211
vn 0.9864 0.0092 -0.1642
vn 0.9864 0.0095 -0.1638
vn 0.9862 0.0085 -0.1651
vn 0.9866 0.0103 -0.1628
vn -0.0880 -0.9816 -0.1697
vn -0.0880 -0.9816 -0.1696
vn -0.0882 -0.9816 -0.1695
vn -0.0878 -0.9816 -0.1699
vn -0.8021 -0.5054 -0.3183
vn -0.8020 -0.5054 -0.3184
vn -0.8019 -0.5055 -0.3184
vn -0.8021 -0.5053 -0.3182
vn -0.8312 0.5528 -0.0590
vn -0.8340 0.5483 -0.0616
vn -0.8359 0.5455 -0.0607
vn -0.8305 0.5538 -0.0593
vn -0.9417 0.3082 -0.1351
vn 0.9821 -0.1443 -0.1214
vn -0.2105 -0.9348 -0.2862
vn -0.2105 -0.9348 -0.2861
vn -0.9242 -0.2566 -0.2829
vn -0.5201 0.8541 -0.0008
vn -0.5201 0.8541 -0.0007
vn 0.8597 0.5101 -0.0261
vn 0.8597 0.5101 -0.0262
vn 0.3847 0.9230 0.0089
vn 0.3847 0.9230 0.0088
vn 0.4000 -0.8696 -0.2896
vn -0.8154 -0.5126 -0.2690
vn -0.8028 -0.5247 -0.2832
vn -0.8253 -0.5029 -0.2571
vn -0.7921 -0.5342 -0.2954
vn 0.5444 -0.8290 0.1277
vn 0.5320 -0.8343 0.1443
vn 0.5598 -0.8220 0.1049
vn 0.5165 -0.8401 0.1659
vn 0.8177 0.5682 0.0921
vn 0.8165 0.5709 0.0863
vn 0.8067 0.5892 0.0457
vn 0.8262 0.5464 0.1372
vn -0.3728 0.8455 -0.3823
vn -0.3587 0.8459 -0.3946
vn -0.3149 0.8455 -0.4313
vn -0.4073 0.8431 -0.3511
vn 0.9611 -0.1708 0.2169
vn 0.9586 -0.1762 0.2238
vn 0.9706 -0.1507 0.1875
vn 0.9441 -0.2016 0.2608
vn -0.1639 -0.9862 0.0211
vn -0.1596 -0.9870 0.0178
vn -0.1783 -0.9834 0.0342
vn -0.1441 -0.9895 0.0049
vn 0.4679 0.8756 -0.1199
vn 0.4473 0.8873 -0.1123
vn 0.5068 0.8520 -0.1316
vn 0.4173 0.9032 -0.1003
vn -0.8982 0.1131 -0.4247
vn -0.8953 0.1153 -0.4302
vn -0.8916 0.1171 -0.4374
vn -0.9024 0.1112 -0.4162
vn 0.6115 0.7866 0.0857
vn 0.1095 -0.9535 -0.2808
vn -0.8369 0.5471 -0.0178
vn 0.9068 -0.3998 -0.1336
vn -0.3739 -0.8955 -0.2414
vn -0.9674 0.0103 -0.2531
vn 0.9661 0.2583 0.0041
vn -0.7606 0.4993 0.4150
vn -0.7610 0.4991 0.4145
vn -0.7687 0.4950 0.4051
vn -0.7514 0.5040 0.4259
vn 0.8198 -0.5719 0.0301
vn 0.8207 -0.5705 0.0321
vn 0.8168 -0.5764 0.0241
vn 0.8231 -0.5667 0.0372
vn -0.5794 -0.8119 0.0714
vn -0.5787 -0.8122 0.0734
vn -0.5814 -0.8109 0.0657
vn -0.5843 -0.8092 0.0612
vn -0.9436 -0.1696 0.2845
vn -0.9441 -0.1720 0.2811
vn -0.9451 -0.1762 0.2751
vn -0.9424 -0.1651 0.2908
vn -0.1876 0.8759 0.4446
vn -0.1858 0.8754 0.4463
vn -0.1994 0.8788 0.4334
vn -0.1717 0.8716 0.4592
vn 0.9805 0.0910 0.1742
vn 0.9805 0.0933 0.1728
vn 0.9805 0.0992 0.1698
vn 0.9805 0.0847 0.1773
vn 0.7338 0.6111 0.2967
vn 0.7345 0.6109 0.2955
vn 0.7426 0.6080 0.2808
vn 0.7276 0.6132 0.3075
vn 0.1082 -0.9905 -0.0851
vn 0.1049 -0.9906 -0.0880
vn 0.1104 -0.9904 -0.0832
vn 0.1167 -0.9901 -0.0780
vn -0.7381 0.6434 0.2032
vn -0.7365 0.6461 0.2004
vn -0.7179 0.6765 0.1641
vn -0.7600 0.5996 0.2508
vn 0.7715 -0.6356 -0.0284
vn 0.8041 -0.5919 -0.0557
vn 0.8514 -0.5149 -0.0995
vn 0.7246 -0.6892 0.0061
vn -0.9976 0.0116 0.0683
vn -0.9975 0.0117 0.0692
vn -0.9978 0.0114 0.0660
vn -0.9974 0.0120 0.0708
vn 0.9908 0.1082 0.0810
vn 0.9896 0.1269 0.0679
vn 0.9834 0.1777 0.0361
vn 0.9919 0.0670 0.1080
vn 0.3586 -0.9122 -0.1981
vn 0.3475 -0.9066 -0.2393
vn 0.3520 -0.9071 -0.2308
vn 0.3945 -0.8963 -0.2024
vn 0.7187 0.6485 0.2509
vn 0.7303 0.6432 0.2302
vn 0.7406 0.6410 0.2015
vn 0.7079 0.6503 0.2756
vn -0.1588 0.9295 0.3329
vn -0.1510 0.9349 0.3213
vn -0.1373 0.9439 0.3002
vn -0.1719 0.9196 0.3532
vn -0.5675 -0.8036 -0.1792
vn -0.5558 -0.8179 -0.1486
vn -0.5479 -0.8266 -0.1286
vn -0.5736 -0.7954 -0.1958
vn -0.9359 0.0034 -0.3522
vn -0.9443 -0.0092 -0.3289
vn -0.8785 0.0712 -0.4724
vn -0.9862 -0.1193 -0.1147
vn -0.9890 -0.1120 0.0962
vn -0.9806 -0.1325 0.1446
vn -0.9975 -0.0669 -0.0206
vn -0.9578 -0.1738 0.2289
vn 0.1994 -0.9793 -0.0343
vn 0.1230 -0.9914 0.0443
vn 0.0476 -0.9933 0.1053
vn 0.2505 -0.9646 -0.0826
vn -0.5045 -0.6874 -0.5225
vn -0.5154 -0.6881 -0.5107
vn -0.4885 -0.6860 -0.5392
vn -0.5497 -0.6890 -0.4723
vn -0.7510 -0.6056 0.2631
vn -0.8388 -0.5341 0.1053
vn -0.7647 -0.5972 0.2422
vn -0.5937 -0.6644 0.4539
vn 0.1935 0.9800 -0.0456
vn 0.1445 0.9893 0.0220
vn 0.3413 0.9130 -0.2234
vn -0.0245 0.9819 0.1879
vn 0.0085 -0.9996 -0.0277
vn -0.0489 -0.9987 -0.0132
vn -0.1022 -0.9948 -0.0011
vn 0.0615 -0.9974 -0.0373
vn 0.9822 -0.1519 0.1105
vn 0.9992 -0.0013 0.0389
vn 0.9936 0.1122 -0.0141
vn 0.9513 -0.2612 0.1635
vn -0.6199 0.7254 -0.2993
vn -0.6096 0.7272 -0.3156
vn -0.3744 0.7093 -0.5973
vn -0.7606 0.6492 0.0025
vn 0.7650 0.6361 0.1014
vn 0.7450 0.6632 0.0715
vn 0.6349 0.7714 -0.0434
vn 0.8160 0.5330 0.2237
vn 0.6352 -0.7677 0.0853
vn 0.6697 -0.7403 0.0591
vn 0.7503 -0.6610 -0.0102
vn 0.5294 -0.8335 0.1581
vn -0.7725 -0.5599 -0.2998
vn -0.7698 -0.5625 -0.3015
vn -0.8079 -0.5218 -0.2739
vn -0.7298 -0.6000 -0.3278
vn -0.8269 0.5621 0.0178
vn -0.8217 0.5693 0.0251
vn -0.8179 0.5746 0.0304
vn -0.8313 0.5557 0.0116
vn 0.9134 0.0302 -0.4060
vn 0.9244 0.0214 -0.3807
vn 0.9041 0.0287 -0.4263
vn 0.9310 0.0231 -0.3642
vn 0.1204 -0.9926 0.0176
vn 0.1187 -0.9929 0.0033
vn 0.1213 -0.9925 0.0180
vn 0.1206 -0.9927 0.0021
vn -0.9288 -0.2855 -0.2363
vn -0.9238 -0.2718 -0.2698
vn -0.9314 -0.2978 -0.2093
vn -0.9342 -0.3097 -0.1772
vn -0.1524 0.9827 -0.1050
vn -0.1496 0.9808 -0.1249
vn -0.1845 0.9821 -0.0367
vn -0.1845 0.9826 -0.0212
vn 0.9476 -0.0767 -0.3101
vn 0.9397 -0.0704 -0.3347
vn 0.9515 -0.0799 -0.2972
vn 0.9347 -0.0667 -0.3492
vn -0.0347 -0.9993 0.0105
vn -0.0155 -0.9997 -0.0178
vn -0.0387 -0.9988 0.0284
vn -0.0132 -0.9993 -0.0344
vn -0.9023 -0.4000 -0.1608
vn -0.9009 -0.3941 -0.1817
vn -0.9018 -0.4121 -0.1303
vn -0.9013 -0.4191 -0.1096
vn 0.0712 0.9802 -0.1848
vn 0.1017 0.9923 -0.0701
vn 0.0683 0.9762 -0.2057
vn 0.1030 0.9935 -0.0482
vn 0.1358 -0.9903 -0.0283
vn 0.1339 -0.9905 -0.0323
vn 0.1346 -0.9903 -0.0344
vn 0.1366 -0.9902 -0.0282
vn -0.9820 -0.0234 -0.1875
vn -0.9814 -0.0178 -0.1911
vn -0.9727 -0.0001 -0.2320
vn -0.9872 -0.0426 -0.1537
vn -0.1853 0.9802 -0.0693
vn -0.1969 0.9804 0.0017
vn -0.2014 0.9791 0.0269
vn -0.1803 0.9805 -0.0779
vn 0.8540 -0.2722 -0.4435
vn 0.8969 -0.2658 -0.3533
vn 0.8915 -0.2770 -0.3586
vn 0.8435 -0.2854 -0.4550
vn 0.0028 -0.9993 -0.0361
vn 0.0128 -0.9999 -0.0072
vn 0.0121 -0.9999 0.0067
vn 0.0007 -0.9991 -0.0432
vn -0.9617 -0.2640 -0.0732
vn -0.9621 -0.2640 -0.0683
vn -0.9634 -0.2567 -0.0774
vn -0.9601 -0.2718 -0.0652
vn 0.1537 0.9861 0.0638
vn 0.1407 0.9899 -0.0159
vn 0.1467 0.9892 -0.0015
vn 0.1514 0.9852 0.0801
vn 0.8384 -0.3611 -0.4083
vn 0.8240 -0.3501 -0.4454
vn 0.8236 -0.3468 -0.4488
vn 0.8439 -0.3539 -0.4032
vn 0.1442 -0.9678 -0.2065
vn 0.1440 -0.9678 -0.2064
vn 0.1441 -0.9678 -0.2064
vn -0.9805 0.1874 -0.0594
vn -0.9823 0.1804 -0.0511
vn -0.9839 0.1739 -0.0414
vn -0.9781 0.1948 -0.0733
vn -0.1697 0.9822 0.0804
vn -0.1655 0.9839 0.0672
vn -0.1657 0.9842 0.0626
vn -0.1681 0.9820 0.0861
vn 0.9232 0.3328 -0.1924
vn 0.8883 0.3631 -0.2812
vn 0.8954 0.3585 -0.2639
vn 0.9298 0.3267 -0.1697
vn -0.0842 -0.9826 -0.1655
vn -0.0855 -0.9821 -0.1676
vn -0.0859 -0.9820 -0.1682
vn -0.0852 -0.9830 -0.1624
vn -0.9892 -0.1407 -0.0401
vn -0.9883 -0.1435 -0.0526
vn -0.9887 -0.1423 -0.0474
vn -0.9896 -0.1394 -0.0348
vn 0.1410 0.9869 0.0786
vn 0.1513 0.9879 0.0330
vn 0.1497 0.9880 0.0381
vn 0.1390 0.9868 0.0827
vn 0.8942 0.1993 -0.4009
vn 0.8875 0.1950 -0.4175
vn 0.8835 0.1935 -0.4265
vn 0.8990 0.1984 -0.3905
vn 0.9482 -0.3028 -0.0961
vn 0.9500 -0.2808 -0.1367
vn 0.9499 -0.2835 -0.1318
vn 0.9479 -0.3061 -0.0878
vn 0.3741 0.9244 0.0744
vn 0.3625 0.9311 0.0406
vn 0.3648 0.9299 0.0475
vn 0.3760 0.9232 0.0800
vn -0.9820 0.1665 -0.0889
vn -0.9806 0.1666 -0.1037
vn -0.9810 0.1656 -0.1007
vn -0.9824 0.1658 -0.0860
vn -0.2348 -0.9276 -0.2904
vn -0.2283 -0.9384 -0.2594
vn -0.2297 -0.9376 -0.2611
vn -0.2375 -0.9267 -0.2914
vn 0.9746 0.0734 -0.2114
vn 0.9893 0.0546 -0.1356
vn 0.9895 0.0521 -0.1345
vn 0.9756 0.0713 -0.2075
vn -0.2654 0.9621 0.0625
vn -0.2771 0.9556 0.1006
vn -0.2797 0.9537 0.1106
vn -0.2616 0.9638 0.0504
vn -0.9398 0.3361 -0.0622
vn -0.9410 0.3323 -0.0633
vn -0.9409 0.3333 -0.0592
vn -0.9395 0.3375 -0.0586
vn 0.0074 -0.9633 -0.2684
vn -0.0026 -0.9695 -0.2451
vn -0.0019 -0.9700 -0.2432
vn 0.0087 -0.9623 -0.2718
vn -0.9981 0.0273 -0.0552
vn -0.9980 0.0259 -0.0583
vn -0.9983 0.0298 -0.0495
vn -0.9977 0.0241 -0.0629
vn -0.9601 -0.0841 0.2666
vn -0.9579 -0.0898 0.2727
vn -0.9526 -0.1041 0.2860
vn -0.9624 -0.0785 0.2599
vn -0.9683 -0.2498 0.0012
vn -0.9682 -0.2501 0.0009
vn -0.9685 -0.2489 0.0020
vn -0.9681 -0.2504 0.0006
vn -0.9502 0.2960 0.0976
vn -0.9538 0.2886 0.0836
vn -0.9524 0.2914 0.0891
vn -0.9575 0.2803 0.0680
vn 0.9448 -0.2814 -0.1676
vn 0.9462 -0.2730 -0.1736
vn 0.9446 -0.2675 -0.1903
vn 0.9437 -0.2955 -0.1487
vn -0.9477 0.2986 0.1125
vn -0.9540 0.2873 0.0860
vn -0.9587 0.2772 0.0635
vn -0.9433 0.3054 0.1297
vn -0.9275 0.3608 0.0975
vn -0.9019 0.4223 0.0904
vn -0.9089 0.4067 0.0925
vn -0.9420 0.3203 0.1003
vn 0.9524 -0.1391 -0.2713
vn 0.9560 -0.1320 -0.2620
vn 0.9542 -0.1375 -0.2658
vn 0.9476 -0.1588 -0.2772
vn -0.3010 0.3821 -0.8738
vn -0.3009 0.3821 -0.8738
vn -0.3010 0.3820 -0.8738
vn -0.9863 0.1641 0.0146
vn -0.9867 0.1621 0.0143
vn -0.9862 0.1650 0.0148
vn -0.9869 0.1610 0.0141
vn 0.9556 0.2536 -0.1499
vn 0.9950 -0.0324 0.0945
vn 0.9949 -0.0322 0.0959
vn 0.9948 -0.0325 0.0968
vn 0.9951 -0.0321 0.0937
vn 0.4849 0.0223 -0.8743
vn -0.9143 0.3815 -0.1363
vn -0.9156 0.3784 -0.1360
vn -0.9127 0.3852 -0.1365
vn -0.9175 0.3739 -0.1357
vn 0.9974 -0.0371 -0.0624
vn 0.9955 -0.0461 -0.0823
vn 0.9988 -0.0250 -0.0421
vn 0.9934 -0.0550 -0.1003
vn -0.7062 0.6549 0.2691
vn -0.7063 0.6546 0.2696
vn -0.7084 0.6542 0.2650
vn -0.7051 0.6546 0.2725
vn -0.7905 0.5699 0.2242
vn -0.7890 0.5685 0.2328
vn -0.7947 0.5703 0.2078
vn -0.7859 0.5683 0.2435
vn 0.9867 -0.0055 -0.1625
vn 0.9882 -0.0081 -0.1531
vn 0.9887 -0.0095 -0.1499
vn 0.9860 -0.0037 -0.1668
vn 0.9913 0.0020 -0.1318
vn 0.9915 0.0006 -0.1301
vn 0.9912 0.0010 -0.1325
vn 0.9917 0.0018 -0.1282
vn -0.5680 0.8221 0.0387
vn -0.5565 0.8304 0.0270
vn -0.5707 0.8208 0.0249
vn -0.5536 0.8321 0.0325
vn -0.5548 0.6652 0.4998
vn -0.5307 0.6595 0.5324
vn -0.5663 0.6732 0.4755
vn -0.5226 0.6546 0.5462
vn 0.9933 -0.0997 0.0577
vn 0.9916 -0.1104 0.0680
vn 0.9937 -0.0977 0.0546
vn 0.9911 -0.1123 0.0710
vn 0.9941 -0.0734 0.0802
vn 0.9935 -0.0745 0.0857
vn 0.9934 -0.0749 0.0873
vn 0.9942 -0.0730 0.0788
vn 0.2153 0.8021 0.5570
vn 0.2154 0.8021 0.5570
vn -0.6071 -0.6241 -0.4919
vn -0.6000 -0.6012 -0.5278
vn -0.6114 -0.6269 -0.4829
vn -0.6065 -0.5862 -0.5372
vn -0.5821 -0.6053 -0.5430
vn -0.5595 -0.5812 -0.5910
vn -0.5855 -0.6143 -0.5290
vn -0.5537 -0.5713 -0.6059
vn -0.0303 0.9394 0.3415
vn -0.0338 0.9342 0.3552
vn -0.0311 0.9333 0.3578
vn -0.0307 0.9389 0.3429
vn 0.0340 0.8040 0.5937
vn 0.0363 0.8208 0.5701
vn 0.0319 0.8260 0.5628
vn 0.0292 0.8031 0.5951
vn -0.6588 -0.1664 -0.7337
vn -0.6591 -0.1919 -0.7272
vn -0.6686 -0.1911 -0.7187
vn -0.6522 -0.1654 -0.7398
vn -0.6817 -0.4299 -0.5920
vn -0.6810 -0.4323 -0.5910
vn -0.6832 -0.4285 -0.5913
vn -0.6779 -0.4343 -0.5931
vn -0.0310 0.8925 0.4500
vn -0.0261 0.8961 0.4432
vn -0.0238 0.8992 0.4369
vn -0.0347 0.8879 0.4587
vn 0.1128 0.8214 0.5591
vn 0.1137 0.8228 0.5568
vn 0.1138 0.8232 0.5563
vn 0.1131 0.8209 0.5598
vn -0.2353 -0.7085 -0.6653
vn -0.2362 -0.6895 -0.6847
vn -0.2331 -0.6924 -0.6828
vn -0.2351 -0.7095 -0.6643
vn -0.1726 -0.8041 -0.5688
vn -0.1729 -0.7932 -0.5839
vn -0.1712 -0.7949 -0.5821
vn -0.1700 -0.8057 -0.5674
vn 0.8351 -0.5267 -0.1589
vn 0.8333 -0.5309 -0.1543
vn 0.8356 -0.5255 -0.1603
vn 0.8329 -0.5319 -0.1528
vn 0.8273 -0.5293 -0.1881
vn 0.8248 -0.5358 -0.1806
vn 0.8277 -0.5281 -0.1897
vn 0.8247 -0.5367 -0.1786
vn -0.9454 0.3146 0.0849
vn -0.9462 0.3119 0.0855
vn -0.9441 0.3153 0.0963
vn -0.9473 0.3120 0.0721
vn -0.8992 0.3991 -0.1796
vn -0.8953 0.4056 -0.1842
vn -0.8903 0.4137 -0.1901
vn -0.9033 0.3919 -0.1743
vn 0.4255 0.7767 0.4645
vn 0.4250 0.7774 0.4637
vn 0.4233 0.7777 0.4648
vn 0.4267 0.7770 0.4628
vn 0.3995 0.7719 0.4945
vn 0.3989 0.7711 0.4963
vn 0.3986 0.7707 0.4972
vn 0.3998 0.7722 0.4938
vn -0.3876 -0.2563 -0.8855
vn -0.3743 -0.2960 -0.8788
vn -0.3635 -0.3062 -0.8798
vn -0.3942 -0.2457 -0.8856
vn -0.3664 -0.4679 -0.8043
vn -0.3573 -0.4269 -0.8307
vn -0.3614 -0.4320 -0.8263
vn -0.3711 -0.4725 -0.7994
vn 0.9132 -0.1749 -0.3680
vn 0.9157 -0.1446 -0.3748
vn 0.9120 -0.1911 -0.3630
vn 0.9158 -0.1294 -0.3803
vn -0.9640 0.2479 0.0962
vn -0.9702 0.2143 0.1132
vn -0.9731 0.1990 0.1160
vn -0.9583 0.2720 0.0878
vn -0.9565 0.2913 0.0157
vn -0.9671 0.2509 0.0413
vn -0.9743 0.2184 0.0545
vn -0.9496 0.3135 0.0043
vn 0.4122 0.7408 0.5304
vn 0.4165 0.7410 0.5267
vn 0.4176 0.7425 0.5237
vn 0.4111 0.7372 0.5361
vn 0.4422 0.6882 0.5752
vn 0.4422 0.6941 0.5681
vn 0.4418 0.6957 0.5664
vn 0.4445 0.6862 0.5758
vn -0.1801 -0.9387 -0.2938
vn -0.1453 -0.9351 -0.3234
vn -0.1583 -0.9368 -0.3121
vn -0.1921 -0.9394 -0.2839
vn -0.1607 -0.9452 -0.2843
vn -0.1240 -0.9427 -0.3096
vn -0.1368 -0.9439 -0.3007
vn -0.1720 -0.9459 -0.2752
vn 0.1877 0.9795 0.0727
vn 0.1866 0.9799 0.0702
vn 0.1880 0.9793 0.0752
vn 0.1870 0.9801 0.0667
vn 0.1600 0.9796 0.1218
vn 0.1618 0.9804 0.1123
vn 0.1589 0.9791 0.1270
vn 0.1627 0.9808 0.1078
vn -0.1868 -0.9481 -0.2574
vn -0.1755 -0.9503 -0.2572
vn -0.1693 -0.9514 -0.2571
vn -0.1933 -0.9467 -0.2575
vn -0.4701 0.8544 -0.2212
vn -0.4629 0.8584 -0.2212
vn -0.4746 0.8519 -0.2213
vn -0.4593 0.8603 -0.2212
vn -0.2034 -0.9565 -0.2092
vn -0.2014 -0.9650 -0.1681
vn -0.2015 -0.9691 -0.1421
vn -0.2036 -0.9505 -0.2345
vn -0.1788 -0.9556 -0.2344
vn -0.1784 -0.9614 -0.2097
vn -0.1789 -0.9650 -0.1917
vn -0.1784 -0.9514 -0.2511
vn -0.4349 0.8775 -0.2020
vn -0.4459 0.8745 -0.1906
vn -0.4525 0.8727 -0.1832
vn -0.4291 0.8790 -0.2078
vn -0.4072 0.8948 -0.1831
vn -0.4277 0.8899 -0.1589
vn -0.4396 0.8868 -0.1424
vn -0.3971 0.8967 -0.1954
vn -0.8439 0.2045 -0.4960
vn -0.8447 0.2040 -0.4948
vn -0.8451 0.2038 -0.4942
vn -0.8436 0.2047 -0.4965
vn -0.7548 0.1923 -0.6271
vn -0.7569 0.1901 -0.6253
vn -0.7609 0.1864 -0.6215
vn -0.7515 0.1955 -0.6301
vn 0.9120 -0.2100 0.3524
vn 0.9224 -0.2000 0.3304
vn 0.9091 -0.2124 0.3583
vn 0.9254 -0.1972 0.3237
vn 0.8117 -0.2162 0.5426
vn 0.8259 -0.2066 0.5246
vn 0.8069 -0.2193 0.5484
vn 0.8308 -0.2032 0.5182
vn -0.8186 -0.2138 -0.5331
vn -0.8224 -0.2056 -0.5304
vn -0.8242 -0.2019 -0.5291
vn -0.8170 -0.2172 -0.5341
vn 0.9180 -0.2234 0.3278
vn 0.9159 -0.2291 0.3297
vn 0.9206 -0.2160 0.3253
vn 0.9230 -0.2093 0.3230
vn -0.8283 -0.1885 -0.5276
vn -0.8310 -0.1920 -0.5221
vn -0.8335 -0.1952 -0.5169
vn -0.8256 -0.1853 -0.5329
vn -0.8921 -0.1607 -0.4223
vn -0.8942 -0.1674 -0.4152
vn -0.8990 -0.1808 -0.3989
vn -0.8860 -0.1455 -0.4403
vn 0.8993 -0.3064 0.3120
vn 0.9259 -0.2764 0.2573
vn 0.8888 -0.3119 0.3359
vn 0.9358 -0.2675 0.2297
vn 0.8999 -0.2351 0.3674
vn 0.9071 -0.2275 0.3542
vn 0.8952 -0.2395 0.3757
vn 0.9114 -0.2230 0.3459
vn -0.7987 -0.2513 -0.5468
vn -0.8046 -0.2477 -0.5397
vn -0.7892 -0.2561 -0.5582
vn -0.8131 -0.2428 -0.5290
vn -0.6790 -0.2676 -0.6836
vn -0.6789 -0.2676 -0.6837
vn 0.4693 -0.8760 0.1115
vn 0.5228 -0.8499 0.0662
vn 0.5064 -0.8585 0.0807
vn 0.4579 -0.8807 0.1211
vn 0.4481 -0.8730 0.1925
vn 0.4367 -0.8718 0.2220
vn 0.4324 -0.8713 0.2322
vn 0.4535 -0.8729 0.1802
vn 0.8466 0.4128 0.3359
vn 0.8521 0.4093 0.3260
vn 0.8532 0.4089 0.3237
vn 0.8450 0.4133 0.3394
vn 0.7431 0.4274 0.5150
vn 0.7607 0.4207 0.4943
vn 0.7659 0.4190 0.4878
vn 0.7367 0.4292 0.5226
vn -0.4642 0.8453 -0.2645
vn -0.4680 0.8444 -0.2607
vn -0.4691 0.8442 -0.2594
vn -0.4630 0.8453 -0.2667
vn -0.4229 0.8460 -0.3247
vn -0.4270 0.8451 -0.3217
vn -0.4293 0.8445 -0.3203
vn -0.4209 0.8464 -0.3263
vn -0.8442 0.2148 -0.4911
vn -0.8437 0.2080 -0.4949
vn -0.8433 0.2037 -0.4973
vn -0.8444 0.2178 -0.4893
vn 0.8630 0.3773 0.3360
vn 0.8597 0.3824 0.3387
vn 0.8652 0.3736 0.3345
vn 0.8570 0.3868 0.3405
vn 0.4382 -0.8960 0.0725
vn 0.4481 -0.8911 0.0720
vn 0.4582 -0.8860 0.0709
vn 0.4311 -0.8994 0.0725
vn 0.1350 0.9877 0.0792
vn 0.1397 0.9865 0.0858
vn 0.1431 0.9857 0.0890
vn 0.1310 0.9886 0.0748
vn -0.8974 0.2235 -0.3805
vn -0.9041 0.2355 -0.3565
vn -0.8899 0.2124 -0.4037
vn -0.9109 0.2485 -0.3293
vn 0.9130 0.3190 0.2544
vn 0.9284 0.3006 0.2183
vn 0.9408 0.2842 0.1848
vn 0.8970 0.3350 0.2884
vn 0.8539 0.3460 0.3888
vn 0.8609 0.3412 0.3775
vn 0.8662 0.3375 0.3685
vn 0.8484 0.3496 0.3974
vn 0.3739 -0.9275 -0.0028
vn 0.4288 -0.9004 -0.0738
vn 0.4130 -0.9093 -0.0503
vn 0.3539 -0.9351 0.0212
vn 0.3987 -0.9133 0.0834
vn 0.4223 -0.9048 0.0552
vn 0.4149 -0.9076 0.0643
vn 0.3916 -0.9155 0.0919
vn 0.1168 0.9883 0.0985
vn 0.1029 0.9879 0.1162
vn 0.0961 0.9875 0.1247
vn 0.1236 0.9883 0.0898
vn 0.9378 -0.3468 0.0168
vn 0.9363 -0.3508 0.0180
vn 0.9385 -0.3450 0.0150
vn 0.9402 -0.3404 0.0120
vn -0.6253 -0.2659 -0.7337
vn -0.6262 -0.2555 -0.7366
vn -0.6252 -0.2673 -0.7333
vn -0.6263 -0.2538 -0.7371
vn 0.1292 0.9908 0.0409
vn 0.1544 0.9861 0.0608
vn 0.1437 0.9882 0.0527
vn 0.1667 0.9836 0.0690
vn 0.8153 0.4338 -0.3835
vn 0.8153 0.4339 -0.3833
vn 0.8153 0.4339 -0.3834
vn 0.4842 -0.8347 0.2624
vn 0.4820 -0.8386 0.2538
vn 0.4853 -0.8332 0.2650
vn 0.4805 -0.8404 0.2508
vn 0.7334 0.4918 0.4693
vn 0.7248 0.5027 0.4711
vn 0.7380 0.4859 0.4683
vn 0.7206 0.5079 0.4719
vn -0.3336 0.8736 -0.3543
vn -0.3343 0.8717 -0.3583
vn -0.3338 0.8734 -0.3546
vn -0.3354 0.8709 -0.3592
vn -0.9431 -0.2245 -0.2454
vn -0.9428 -0.2229 -0.2478
vn -0.9423 -0.2297 -0.2435
vn -0.9429 -0.2191 -0.2510
vn 0.1937 0.9749 0.1102
vn 0.1908 0.9760 0.1052
vn 0.1932 0.9750 0.1094
vn 0.1901 0.9762 0.1045
vn 0.8952 -0.3115 -0.3187
vn 0.8952 -0.3116 -0.3186
vn 0.8952 -0.3114 -0.3189
vn 0.8952 -0.3114 -0.3188
vn -0.1108 -0.9911 -0.0733
vn -0.1170 -0.9898 -0.0807
vn -0.1005 -0.9931 -0.0605
vn -0.1279 -0.9885 -0.0813
vn -0.1230 -0.9427 -0.3101
vn -0.1263 -0.9402 -0.3165
vn -0.1222 -0.9433 -0.3087
vn -0.1274 -0.9393 -0.3185
vn 0.9932 0.1018 -0.0566
vn 0.9936 0.0910 -0.0674
vn 0.9964 0.0670 -0.0523
vn 0.9959 0.0701 -0.0574
vn 0.9462 -0.3101 0.0923
vn 0.9454 -0.3117 0.0958
vn 0.9480 -0.3067 0.0856
vn 0.9432 -0.3152 0.1051
vn -0.6680 0.1732 -0.7238
vn -0.6681 0.1751 -0.7232
vn -0.6680 0.1734 -0.7237
vn -0.6681 0.1753 -0.7231
vn 0.8226 -0.2515 0.5100
vn 0.8241 -0.2490 0.5089
vn 0.8217 -0.2529 0.5106
vn 0.8204 -0.2552 0.5117
vn 0.8619 0.5071 0.0082
vn 0.8602 0.5098 0.0122
vn 0.8572 0.5145 0.0237
vn 0.8647 0.5023 0.0014
vn -0.3117 0.9490 -0.0480
vn -0.3014 0.9520 -0.0530
vn -0.3289 0.9436 -0.0372
vn -0.2909 0.9552 -0.0543
vn -0.9417 0.1275 -0.3115
vn -0.9451 0.1092 -0.3079
vn -0.9412 0.1296 -0.3119
vn -0.9441 0.1067 -0.3121
vn 0.2647 -0.9640 -0.0253
vn 0.2454 -0.9685 -0.0423
vn 0.2745 -0.9614 -0.0201
vn 0.2318 -0.9715 -0.0494
vn 0.1394 0.9898 0.0311
vn 0.1454 0.9869 0.0693
vn 0.1364 0.9906 0.0077
vn 0.1482 0.9851 0.0877
vn -0.3007 0.9170 -0.2619
vn -0.2815 0.9186 -0.2774
vn -0.2640 0.9194 -0.2916
vn -0.3173 0.9152 -0.2484
vn -0.2816 0.9261 -0.2512
vn -0.2622 0.9269 -0.2684
vn -0.2531 0.9269 -0.2770
vn -0.2900 0.9259 -0.2423
vn 0.1271 -0.9903 0.0567
vn 0.1454 -0.9886 0.0395
vn 0.1188 -0.9908 0.0650
vn 0.1520 -0.9878 0.0331
vn -0.2982 0.9265 -0.2297
vn -0.3238 0.9177 -0.2303
vn -0.2885 0.9298 -0.2287
vn -0.3330 0.9141 -0.2313
vn -0.3642 -0.9047 -0.2209
vn -0.3761 -0.8998 -0.2214
vn -0.3810 -0.8976 -0.2215
vn -0.3601 -0.9064 -0.2208
vn -0.3393 0.9281 -0.1532
vn -0.3190 0.9304 -0.1807
vn -0.3086 0.9311 -0.1944
vn -0.3479 0.9270 -0.1400
vn -0.3432 0.9273 -0.1497
vn -0.3007 0.9333 -0.1961
vn -0.2848 0.9340 -0.2159
vn -0.3560 0.9255 -0.1289
vn -0.3642 -0.9237 -0.1194
vn -0.3384 -0.9296 -0.1461
vn -0.3753 -0.9217 -0.0983
vn -0.3290 -0.9309 -0.1584
vn -0.3059 -0.9480 -0.0883
vn -0.2882 -0.9512 -0.1104
vn -0.3154 -0.9464 -0.0699
vn -0.2799 -0.9521 -0.1228
vn -0.8336 -0.3183 -0.4514
vn -0.8371 -0.3154 -0.4471
vn -0.8294 -0.3217 -0.4567
vn -0.8415 -0.3116 -0.4414
vn -0.7852 -0.2965 -0.5436
vn -0.7798 -0.2886 -0.5556
vn -0.7740 -0.2805 -0.5677
vn -0.7919 -0.3059 -0.5286
vn 0.8528 0.4105 0.3228
vn 0.8174 0.3918 0.4222
vn 0.8310 0.3831 0.4034
vn 0.8358 0.3800 0.3963
vn 0.8126 0.3946 0.4289
vn -0.8627 0.1047 -0.4948
vn -0.8662 0.0909 -0.4914
vn -0.8618 0.1087 -0.4954
vn -0.8674 0.0862 -0.4900
vn 0.8670 0.4113 0.2814
vn 0.8580 0.4269 0.2858
vn 0.8724 0.4016 0.2786
vn 0.8530 0.4351 0.2881
vn -0.8936 0.0565 -0.4453
vn -0.9025 0.0630 -0.4262
vn -0.8886 0.0543 -0.4555
vn -0.9065 0.0649 -0.4171
vn -0.9537 0.0330 -0.2989
vn -0.9568 0.0410 -0.2880
vn -0.9492 0.0230 -0.3137
vn -0.9602 0.0497 -0.2750
vn 0.9127 0.4085 0.0117
vn 0.9156 0.4019 0.0061
vn 0.9216 0.3880 -0.0064
vn 0.9065 0.4212 0.0282
vn 0.8469 0.4361 0.3044
vn 0.8592 0.4259 0.2835
vn 0.8646 0.4217 0.2732
vn 0.8406 0.4405 0.3152
vn -0.8535 0.1547 -0.4977
vn -0.8486 0.1593 -0.5045
vn -0.8385 0.1677 -0.5185
vn -0.8629 0.1464 -0.4837
vn -0.7909 0.1757 -0.5862
vn -0.7800 0.1837 -0.5982
vn -0.7650 0.1943 -0.6141
vn -0.8024 0.1671 -0.5729
vn 0.3930 0.9163 0.0767
vn 0.3914 0.9141 0.1062
vn 0.3948 0.9173 0.0521
vn 0.3899 0.9118 0.1285
vn 0.3881 0.9076 0.1601
vn 0.3848 0.9060 0.1763
vn 0.3903 0.9082 0.1509
vn 0.3828 0.9051 0.1849
vn 0.9343 -0.2079 0.2897
vn 0.9268 -0.2165 0.3070
vn 0.9379 -0.2038 0.2808
vn 0.9219 -0.2213 0.3179
vn 0.8839 -0.2351 0.4042
vn 0.8659 -0.2474 0.4347
vn 0.8906 -0.2307 0.3919
vn 0.8589 -0.2516 0.4461
vn -0.3743 -0.8951 -0.2422
vn -0.3677 -0.8963 -0.2479
vn -0.3791 -0.8943 -0.2377
vn -0.3631 -0.8968 -0.2529
vn -0.3713 -0.8922 -0.2573
vn -0.3558 -0.8944 -0.2712
vn -0.3799 -0.8908 -0.2495
vn -0.3485 -0.8952 -0.2777
vn -0.8255 -0.3303 -0.4577
vn -0.8212 -0.3577 -0.4445
vn -0.8222 -0.3517 -0.4475
vn -0.8267 -0.3217 -0.4617
vn 0.9330 -0.1847 0.3088
vn 0.9373 -0.1710 0.3037
vn 0.9345 -0.1798 0.3072
vn 0.9385 -0.1668 0.3023
vn 0.3336 0.9400 0.0712
vn 0.3149 0.9465 0.0704
vn 0.3434 0.9365 0.0712
vn 0.3087 0.9487 0.0689
vn 0.1586 -0.9872 0.0156
vn 0.1511 -0.9884 0.0152
vn 0.1729 -0.9848 0.0151
vn 0.1785 -0.9838 0.0142
vn -0.8389 -0.3663 -0.4027
vn -0.8278 -0.3560 -0.4336
vn -0.8526 -0.3800 -0.3586
vn -0.8625 -0.3906 -0.3216
vn -0.8903 -0.3793 -0.2522
vn -0.8885 -0.3734 -0.2667
vn -0.8919 -0.3864 -0.2349
vn -0.8933 -0.3928 -0.2183
vn 0.9946 -0.0866 0.0565
vn 0.9911 -0.1030 0.0846
vn 0.9971 -0.0703 0.0281
vn 0.9860 -0.1205 0.1154
vn 0.9411 -0.1313 0.3117
vn 0.9268 -0.1451 0.3463
vn 0.9482 -0.1239 0.2924
vn 0.9192 -0.1517 0.3633
vn 0.2439 0.9631 -0.1140
vn 0.2513 0.9646 -0.0799
vn 0.2407 0.9618 -0.1300
vn 0.2562 0.9649 -0.0572
vn 0.2576 0.9648 0.0530
vn 0.2888 0.9574 -0.0045
vn 0.2973 0.9545 -0.0230
vn 0.2488 0.9660 0.0699
vn 0.1421 -0.9845 0.1028
vn 0.1635 -0.9848 0.0590
vn 0.1349 -0.9840 0.1164
vn 0.1670 -0.9851 0.0410
vn 0.1567 -0.9871 0.0325
vn 0.1770 -0.9842 0.0032
vn 0.1458 -0.9881 0.0487
vn 0.1884 -0.9819 -0.0213
vn 0.1625 0.9858 -0.0428
vn 0.1481 0.9876 -0.0525
vn 0.1305 0.9893 -0.0644
vn 0.1815 0.9829 -0.0305
vn -0.8935 -0.4194 -0.1606
vn -0.9158 -0.3495 -0.1979
vn -0.9094 -0.3712 -0.1874
vn -0.8860 -0.4382 -0.1514
vn -0.1516 -0.9882 -0.0226
vn -0.1840 -0.9829 -0.0120
vn -0.2017 -0.9794 -0.0057
vn -0.1395 -0.9899 -0.0252
vn 0.9046 -0.3921 -0.1671
vn 0.9042 -0.3954 -0.1616
vn 0.9045 -0.3928 -0.1661
vn 0.9051 -0.3897 -0.1703
vn 0.8280 0.4239 0.3670
vn 0.8317 0.4181 0.3653
vn 0.8307 0.4198 0.3655
vn 0.8266 0.4263 0.3675
vn -0.7570 -0.2699 -0.5951
vn -0.7574 -0.2654 -0.5966
vn -0.7573 -0.2660 -0.5964
vn -0.7570 -0.2704 -0.5949
vn 0.9154 0.4026 -0.0022
vn 0.9967 -0.0510 -0.0636
vn 0.9964 -0.0150 -0.0833
vn 0.9954 0.0069 -0.0957
vn 0.9958 -0.0761 -0.0504
vn -0.2688 0.9206 -0.2832
vn -0.2725 0.9181 -0.2878
vn -0.2736 0.9174 -0.2889
vn -0.2680 0.9211 -0.2823
vn -0.2439 0.9665 -0.0801
vn -0.2539 0.9644 -0.0741
vn -0.2248 0.9704 -0.0884
vn -0.2685 0.9611 -0.0649
vn 0.8302 0.3565 -0.4286
vn 0.8302 0.3565 -0.4287
vn 0.8301 0.3564 -0.4288
vn 0.8302 0.3564 -0.4288
vn 0.1121 -0.9935 -0.0191
vn 0.1072 -0.9939 -0.0241
vn 0.1124 -0.9935 -0.0174
vn 0.1058 -0.9941 -0.0248
vn -0.9602 -0.1397 -0.2417
vn -0.9623 -0.0933 -0.2556
vn -0.9614 -0.1044 -0.2546
vn -0.9593 -0.1493 -0.2398
vn -0.3009 -0.9096 -0.2865
vn -0.3043 -0.9076 -0.2893
vn -0.3038 -0.9080 -0.2886
vn -0.3009 -0.9098 -0.2859
vn 0.8667 -0.3228 0.3802
vn 0.8714 -0.3137 0.3772
vn 0.8733 -0.3093 0.3763
vn 0.8650 -0.3265 0.3810
vn 0.4691 0.8591 0.2049
vn 0.4691 0.8596 0.2023
vn 0.4688 0.8593 0.2047
vn 0.4682 0.8602 0.2021
vn 0.8024 -0.3620 -0.4744
vn 0.8024 -0.3619 -0.4746
vn 0.8024 -0.3619 -0.4745
vn 0.1706 -0.9838 0.0543
vn 0.1151 -0.9931 0.0208
vn 0.1401 -0.9895 0.0364
vn 0.1930 -0.9790 0.0661
vn -0.7611 0.2063 -0.6149
vn -0.7616 0.1986 -0.6169
vn -0.7616 0.1975 -0.6172
vn -0.7611 0.2073 -0.6146
vn 0.9699 0.2026 -0.1354
vn 0.9520 0.2620 -0.1582
vn 0.9485 0.2843 -0.1400
vn 0.9748 0.1789 -0.1336
vn -0.3870 -0.8323 -0.3968
vn -0.3826 -0.8319 -0.4020
vn -0.3848 -0.8322 -0.3993
vn -0.3893 -0.8325 -0.3943
vn -0.3954 -0.8304 -0.3926
vn -0.3913 -0.8302 -0.3970
vn -0.3927 -0.8302 -0.3956
vn -0.3966 -0.8310 -0.3901
vn 0.3741 0.9050 0.2024
vn 0.3763 0.9047 0.1997
vn 0.3781 0.9044 0.1975
vn 0.3726 0.9053 0.2041
vn 0.3568 0.8933 0.2733
vn 0.3573 0.8926 0.2750
vn 0.3557 0.8948 0.2696
vn 0.3582 0.8910 0.2791
vn -0.3602 -0.8587 -0.3645
vn -0.3614 -0.8578 -0.3654
vn -0.3615 -0.8578 -0.3654
vn -0.3603 -0.8585 -0.3648
vn -0.3586 0.9334 -0.0152
vn -0.3504 0.9365 -0.0143
vn -0.3604 0.9327 -0.0158
vn -0.3481 0.9374 -0.0141
vn -0.3003 -0.9102 -0.2852
vn -0.3039 -0.9103 -0.2810
vn -0.3028 -0.9099 -0.2834
vn -0.2993 -0.9101 -0.2867
vn -0.3247 -0.8938 -0.3094
vn -0.3238 -0.8920 -0.3155
vn -0.3211 -0.8920 -0.3181
vn -0.3222 -0.8949 -0.3088
vn -0.3806 0.9246 0.0177
vn -0.3683 0.9297 -0.0004
vn -0.3621 0.9321 -0.0087
vn -0.3856 0.9223 0.0266
vn -0.3726 0.9280 0.0093
vn -0.3793 0.9249 0.0265
vn -0.3810 0.9241 0.0307
vn -0.3705 0.9288 0.0046
vn -0.8394 0.4809 -0.2534
vn -0.8402 0.4800 -0.2525
vn -0.8413 0.4787 -0.2512
vn -0.8381 0.4823 -0.2549
vn -0.7992 0.4942 -0.3423
vn -0.7996 0.4950 -0.3400
vn -0.7983 0.4927 -0.3464
vn -0.8004 0.4960 -0.3367
vn 0.9038 -0.4010 0.1498
vn 0.9028 -0.4025 0.1516
vn 0.9044 -0.4000 0.1485
vn 0.9021 -0.4036 0.1529
vn 0.8718 -0.4281 0.2382
vn 0.8708 -0.4292 0.2397
vn 0.8723 -0.4274 0.2375
vn 0.8702 -0.4299 0.2407
vn -0.9099 -0.0612 -0.4103
vn -0.9086 -0.0662 -0.4125
vn -0.9083 -0.0676 -0.4127
vn -0.9103 -0.0599 -0.4096
vn 0.9050 -0.3992 0.1469
vn 0.9062 -0.3967 0.1468
vn 0.9053 -0.3985 0.1469
vn 0.9064 -0.3961 0.1468
vn -0.9267 -0.0594 -0.3710
vn -0.9260 -0.0603 -0.3726
vn -0.9282 -0.0696 -0.3654
vn -0.9244 -0.0506 -0.3780
vn -0.9714 -0.1083 -0.2114
vn -0.9688 -0.1095 -0.2223
vn -0.9695 -0.1093 -0.2196
vn -0.9722 -0.1079 -0.2080
vn 0.9469 -0.3178 -0.0489
vn 0.9455 -0.3231 -0.0403
vn 0.9466 -0.3186 -0.0488
vn 0.9457 -0.3227 -0.0376
vn 0.9190 -0.3745 0.1229
vn 0.9128 -0.3842 0.1387
vn 0.9221 -0.3696 0.1144
vn 0.9098 -0.3884 0.1463
vn -0.9035 -0.1299 -0.4085
vn -0.9040 -0.1300 -0.4072
vn -0.9041 -0.1291 -0.4074
vn -0.9034 -0.1310 -0.4083
vn -0.8635 -0.1045 -0.4934
vn -0.8638 -0.1059 -0.4925
vn -0.8637 -0.1036 -0.4932
vn -0.8637 -0.1072 -0.4925
vn 0.3096 -0.9397 -0.1456
vn 0.3093 -0.9396 -0.1465
vn 0.3094 -0.9394 -0.1476
vn 0.3098 -0.9397 -0.1449
vn 0.2922 -0.9517 -0.0947
vn 0.2922 -0.9516 -0.0958
vn 0.2922 -0.9514 -0.0970
vn 0.2923 -0.9517 -0.0936
vn 0.9446 0.2047 0.2565
vn 0.9447 0.2049 0.2562
vn 0.9442 0.2055 0.2574
vn 0.9450 0.2040 0.2556
vn 0.9061 0.1946 0.3758
vn 0.9067 0.1943 0.3745
vn 0.9066 0.1947 0.3744
vn 0.9062 0.1942 0.3755
vn -0.3234 0.9462 -0.0122
vn -0.3209 0.9470 -0.0147
vn -0.3187 0.9477 -0.0171
vn -0.3255 0.9455 -0.0104
vn -0.3114 0.9503 -0.0057
vn -0.3069 0.9517 -0.0092
vn -0.3017 0.9533 -0.0132
vn -0.3162 0.9487 -0.0016
vn -0.8410 0.4649 -0.2768
vn -0.8416 0.4632 -0.2779
vn -0.8411 0.4645 -0.2770
vn -0.8417 0.4629 -0.2780
vn 0.9496 0.1742 0.2607
vn 0.9475 0.1814 0.2632
vn 0.9501 0.1725 0.2600
vn 0.9471 0.1827 0.2638
vn 0.2761 -0.9498 -0.1475
vn 0.2735 -0.9505 -0.1475
vn 0.2725 -0.9507 -0.1478
vn 0.2769 -0.9494 -0.1481
vn 0.3374 0.9171 0.2123
vn 0.3352 0.9179 0.2124
vn 0.3383 0.9168 0.2121
vn 0.3347 0.9181 0.2121
vn -0.8562 0.4517 -0.2508
vn -0.8554 0.4526 -0.2519
vn -0.8553 0.4519 -0.2533
vn -0.8564 0.4507 -0.2517
vn -0.9044 0.4113 -0.1135
vn -0.9052 0.4111 -0.1079
vn -0.9051 0.4112 -0.1085
vn -0.9042 0.4116 -0.1143
vn 0.9790 0.1934 0.0650
vn 0.9790 0.1935 0.0636
vn 0.9788 0.1943 0.0650
vn 0.9792 0.1924 0.0640
vn 0.9503 0.1613 0.2664
vn 0.9507 0.1609 0.2651
vn 0.9508 0.1608 0.2646
vn 0.9501 0.1614 0.2671
vn 0.2583 -0.9390 -0.2271
vn 0.2572 -0.9389 -0.2288
vn 0.2573 -0.9385 -0.2304
vn 0.2585 -0.9390 -0.2267
vn 0.2588 -0.9541 -0.1508
vn 0.2502 -0.9586 -0.1358
vn 0.2530 -0.9572 -0.1402
vn 0.2612 -0.9526 -0.1559
vn 0.3124 0.9283 0.2015
vn 0.3121 0.9287 0.2000
vn 0.3111 0.9290 0.2003
vn 0.3130 0.9283 0.2006
vn -0.5613 -0.7400 -0.3706
vn -0.5571 -0.7386 -0.3796
vn -0.5586 -0.7390 -0.3767
vn -0.5625 -0.7406 -0.3676
vn -0.5479 -0.7175 -0.4302
vn -0.5478 -0.7174 -0.4305
vn -0.5479 -0.7176 -0.4299
vn -0.5482 -0.7173 -0.4300
vn 0.3635 0.9172 0.1633
vn 0.3684 0.9165 0.1562
vn 0.3711 0.9160 0.1522
vn 0.3612 0.9175 0.1667
vn 0.3578 0.9132 0.1950
vn 0.3572 0.9143 0.1911
vn 0.3581 0.9125 0.1979
vn 0.3568 0.9150 0.1884
vn -0.5616 -0.7453 -0.3593
vn -0.5638 -0.7440 -0.3586
vn -0.5648 -0.7434 -0.3582
vn -0.5606 -0.7458 -0.3598
vn -0.2628 0.9645 0.0266
vn -0.2565 0.9662 0.0259
vn -0.2660 0.9636 0.0267
vn -0.2528 0.9672 0.0254
vn -0.5002 -0.7795 -0.3771
vn -0.5031 -0.7773 -0.3778
vn -0.5011 -0.7768 -0.3815
vn -0.4984 -0.7799 -0.3785
vn -0.5383 -0.7478 -0.3886
vn -0.5381 -0.7469 -0.3907
vn -0.5367 -0.7469 -0.3925
vn -0.5370 -0.7487 -0.3888
vn -0.2823 0.9587 0.0346
vn -0.2741 0.9614 0.0221
vn -0.2706 0.9626 0.0166
vn -0.2855 0.9576 0.0399
vn -0.2810 0.9590 0.0369
vn -0.2924 0.9545 0.0594
vn -0.2955 0.9530 0.0662
vn -0.2773 0.9603 0.0294
vn -0.8118 0.5412 -0.2192
vn -0.8151 0.5382 -0.2143
vn -0.8178 0.5357 -0.2104
vn -0.8090 0.5437 -0.2233
vn -0.7891 0.5500 -0.2736
vn -0.7896 0.5515 -0.2691
vn -0.7885 0.5482 -0.2789
vn -0.7900 0.5529 -0.2649
vn 0.8015 -0.5970 0.0345
vn 0.7989 -0.6001 0.0398
vn 0.8022 -0.5962 0.0330
vn 0.7979 -0.6013 0.0419
vn 0.7849 -0.6138 0.0849
vn 0.7832 -0.6155 0.0879
vn 0.7855 -0.6132 0.0838
vn 0.7826 -0.6162 0.0891
vn -0.9303 0.1501 -0.3346
vn -0.9300 0.1450 -0.3376
vn -0.9300 0.1427 -0.3389
vn -0.9305 0.1520 -0.3334
vn 0.8081 -0.5884 0.0271
vn 0.8122 -0.5828 0.0254
vn 0.8102 -0.5856 0.0262
vn 0.8139 -0.5804 0.0247
vn -0.9337 0.1431 -0.3283
vn -0.9352 0.1400 -0.3254
vn -0.9374 0.1357 -0.3208
vn -0.9313 0.1474 -0.3330
vn -0.9555 0.1186 -0.2701
vn -0.9579 0.1132 -0.2638
vn -0.9599 0.1087 -0.2586
vn -0.9536 0.1227 -0.2749
vn 0.8482 -0.5250 -0.0699
vn 0.8426 -0.5362 -0.0502
vn 0.8497 -0.5217 -0.0761
vn 0.8409 -0.5394 -0.0433
vn 0.8208 -0.5694 0.0455
vn 0.8173 -0.5737 0.0545
vn 0.8220 -0.5679 0.0425
vn 0.8160 -0.5751 0.0578
vn -0.9326 0.1225 -0.3396
vn -0.9325 0.1220 -0.3398
vn -0.9334 0.1232 -0.3371
vn -0.9319 0.1210 -0.3421
vn -0.9104 0.1231 -0.3951
vn -0.9104 0.1231 -0.3949
vn -0.9104 0.1232 -0.3951
vn -0.9104 0.1230 -0.3950
vn 0.1491 -0.9616 -0.2302
vn 0.1491 -0.9619 -0.2293
vn 0.1488 -0.9620 -0.2287
vn 0.1489 -0.9616 -0.2308
vn 0.1235 -0.9675 -0.2209
vn 0.1232 -0.9678 -0.2197
vn 0.1231 -0.9679 -0.2190
vn 0.1233 -0.9674 -0.2213
vn 0.9848 -0.0192 0.1725
vn 0.9840 -0.0178 0.1775
vn 0.9834 -0.0171 0.1804
vn 0.9853 -0.0200 0.1695
vn 0.9712 -0.0245 0.2371
vn 0.9710 -0.0240 0.2380
vn 0.9707 -0.0236 0.2391
vn 0.9714 -0.0249 0.2360
vn -0.2257 0.9740 0.0188
vn -0.2199 0.9754 0.0118
vn -0.2165 0.9762 0.0070
vn -0.2289 0.9732 0.0225
vn -0.2030 0.9790 0.0182
vn -0.1996 0.9798 0.0144
vn -0.1976 0.9802 0.0119
vn -0.2048 0.9786 0.0204
vn -0.8134 0.5378 -0.2217
vn -0.8148 0.5344 -0.2248
vn -0.8139 0.5365 -0.2228
vn -0.8152 0.5334 -0.2256
vn 0.9858 -0.0275 0.1654
vn 0.9854 -0.0226 0.1687
vn 0.9861 -0.0306 0.1633
vn 0.9852 -0.0199 0.1705
vn 0.1552 -0.9656 -0.2086
vn 0.1527 -0.9656 -0.2106
vn 0.1566 -0.9656 -0.2073
vn 0.1514 -0.9656 -0.2116
vn 0.3510 0.9188 0.1805
vn 0.3440 0.9210 0.1826
vn 0.3465 0.9202 0.1819
vn 0.3543 0.9178 0.1794
vn -0.8133 0.5384 -0.2207
vn -0.8128 0.5384 -0.2224
vn -0.8129 0.5384 -0.2220
vn -0.8135 0.5384 -0.2201
vn -0.8423 0.5160 -0.1558
vn -0.8419 0.5154 -0.1595
vn -0.8421 0.5157 -0.1579
vn -0.8424 0.5163 -0.1543
vn 0.9841 0.0019 0.1775
vn 0.9884 -0.0005 0.1519
vn 0.9893 0.0011 0.1460
vn 0.9832 0.0003 0.1826
vn 0.9779 -0.0383 0.2057
vn 0.9784 -0.0389 0.2029
vn 0.9788 -0.0392 0.2011
vn 0.9776 -0.0381 0.2071
vn 0.1640 -0.9562 -0.2424
vn 0.1612 -0.9538 -0.2534
vn 0.1604 -0.9525 -0.2589
vn 0.1650 -0.9569 -0.2388
vn 0.1626 -0.9663 -0.1997
vn 0.1560 -0.9696 -0.1888
vn 0.1582 -0.9685 -0.1921
vn 0.1646 -0.9652 -0.2032
vn 0.3339 0.9223 0.1945
vn 0.3381 0.9230 0.1837
vn 0.3395 0.9232 0.1798
vn 0.3325 0.9221 0.1982
vn 0.3249 0.9300 0.1720
vn 0.3325 0.9306 0.1528
vn 0.3347 0.9308 0.1472
vn 0.3225 0.9296 0.1786
vn 0.9822 -0.0685 -0.1747
vn 0.9813 -0.0824 -0.1742
vn 0.9813 -0.0765 -0.1765
vn 0.9838 -0.0775 -0.1616
vn -0.0552 -0.4893 -0.8704
vn -0.1099 -0.3235 -0.9398
vn -0.0653 -0.4786 -0.8756
vn -0.1083 -0.3163 -0.9424
vn 0.1120 -0.3371 -0.9348
vn 0.1099 -0.3303 -0.9375
vn 0.1312 -0.5947 -0.7932
vn 0.1402 -0.6231 -0.7695
vn -0.0697 -0.0109 -0.9975
vn -0.0792 0.0362 -0.9962
vn -0.0705 -0.0060 -0.9975
vn -0.0794 0.0377 -0.9961
vn 0.0162 -0.1043 -0.9944
vn 0.0160 -0.1041 -0.9944
vn 0.0195 -0.1161 -0.9930
vn 0.0242 -0.1160 -0.9930
vn 0.9119 -0.3064 -0.2731
vn 0.9119 -0.3052 -0.2745
vn 0.9124 -0.3064 -0.2712
vn 0.9112 -0.3052 -0.2766
vn 0.1120 -0.9917 0.0628
vn 0.1127 -0.9916 0.0633
vn 0.1088 -0.9922 0.0603
vn 0.1160 -0.9911 0.0656
vn -0.9387 -0.3410 0.0513
vn -0.9413 -0.3340 0.0488
vn -0.9413 -0.3347 0.0442
vn -0.9386 -0.3419 0.0452
vn -0.9746 -0.1884 -0.1214
vn -0.9755 -0.1820 -0.1239
vn -0.9750 -0.1815 -0.1282
vn -0.9734 -0.1904 -0.1276
vn 0.9208 -0.3447 -0.1827
vn 0.9211 -0.3419 -0.1861
vn 0.9198 -0.3544 -0.1682
vn 0.9198 -0.3307 -0.2114
vn 0.0313 -0.9962 0.0808
vn 0.0315 -0.9962 0.0809
vn 0.0294 -0.9964 0.0793
vn 0.0332 -0.9960 0.0825
vn 0.9303 0.0026 -0.3667
vn 0.9300 0.0030 -0.3675
vn 0.9303 0.0027 -0.3667
vn 0.9298 0.0031 -0.3681
vn -0.8724 -0.4271 -0.2379
vn -0.8721 -0.4292 -0.2350
vn -0.8724 -0.4265 -0.2386
vn -0.8727 -0.4247 -0.2409
vn -0.8866 -0.3687 -0.2793
vn -0.8872 -0.3589 -0.2901
vn -0.8864 -0.3691 -0.2794
vn -0.8859 -0.3790 -0.2676
vn 0.9318 -0.1251 -0.3407
vn 0.9310 -0.1218 -0.3442
vn 0.9306 -0.1143 -0.3476
vn 0.9332 -0.1318 -0.3343
vn 0.8651 0.2340 -0.4437
vn 0.8646 0.2347 -0.4442
vn 0.8634 0.2372 -0.4452
vn 0.8660 0.2317 -0.4432
vn -0.9542 -0.0304 -0.2975
vn -0.9548 -0.0324 -0.2955
vn -0.9536 -0.0216 -0.3004
vn -0.9558 -0.0433 -0.2909
vn 0.0921 -0.9571 -0.2749
vn 0.0911 -0.9569 -0.2758
vn 0.0930 -0.9571 -0.2744
vn 0.0891 -0.9565 -0.2779
vn -0.9678 0.1462 -0.2048
vn -0.9658 0.1528 -0.2096
vn -0.9664 0.1477 -0.2106
vn -0.9672 0.1510 -0.2045
vn 0.3824 0.9193 0.0924
vn 0.3841 0.9190 0.0894
vn 0.3895 0.9175 0.0811
vn 0.3777 0.9201 0.1033
vn -0.9075 0.4129 -0.0776
vn -0.9057 0.4118 -0.1000
vn -0.9079 0.4079 -0.0969
vn -0.9093 0.4097 -0.0723
vn 0.9523 0.1192 -0.2810
vn 0.9344 0.1493 -0.3233
vn 0.9389 0.1460 -0.3117
vn 0.9567 0.1153 -0.2674
vn -0.2604 0.9591 0.1114
vn -0.2553 0.9620 0.0971
vn -0.2507 0.9640 0.0883
vn -0.2633 0.9570 0.1215
vn 0.4257 0.0185 -0.9047
vn 0.4105 -0.1404 -0.9010
vn 0.4103 -0.1469 -0.9001
vn 0.4251 0.0245 -0.9048
vn 0.8591 0.3940 -0.3266
vn 0.8598 0.3932 -0.3257
vn 0.8630 0.3883 -0.3232
vn 0.8568 0.3984 -0.3275
vn -0.4290 0.0363 -0.9026
vn -0.4434 0.0501 -0.8949
vn -0.4455 0.0518 -0.8938
vn -0.3917 0.0291 -0.9196
vn 0.9918 0.0304 0.1244
vn 0.9737 -0.1167 0.1955
vn 0.9603 -0.1907 0.2038
vn 0.9908 0.0723 0.1139
vn 0.1051 -0.9894 0.1003
vn 0.1050 -0.9894 0.1003
vn 0.1042 -0.9894 0.1015
vn 0.1059 -0.9894 0.0991
vn 0.4867 0.8339 0.2602
vn 0.4597 0.8511 0.2537
vn 0.4413 0.8602 0.2556
vn 0.5050 0.8230 0.2602
vn 0.0732 -0.9951 0.0662
vn 0.0731 -0.9951 0.0662
vn 0.8670 -0.1723 -0.4676
vn 0.8674 -0.1695 -0.4679
vn 0.8677 -0.1747 -0.4654
vn 0.8673 -0.1777 -0.4650
vn 0.8725 -0.3325 -0.3581
vn 0.8623 -0.3379 -0.3772
vn 0.8733 -0.3261 -0.3619
vn 0.8632 -0.3440 -0.3694
vn 0.1703 0.7316 0.6601
vn 0.1676 0.7285 0.6643
vn 0.1649 0.7255 0.6682
vn 0.1734 0.7356 0.6548
vn 0.9583 0.0323 -0.2841
vn 0.9604 -0.0891 -0.2640
vn 0.9569 -0.1322 -0.2584
vn 0.9550 0.0766 -0.2864
vn 0.0071 -0.6544 -0.7561
vn 0.0071 -0.6543 -0.7562
vn 0.0072 -0.6544 -0.7561
vn 0.0070 -0.6543 -0.7562
vn -0.5642 0.7906 0.2378
vn -0.5598 0.7916 0.2448
vn -0.5682 0.7896 0.2317
vn -0.5726 0.7883 0.2250
vn 0.3683 0.7520 0.5466
vn 0.3684 0.7521 0.5464
vn 0.3677 0.7518 0.5474
vn 0.3694 0.7523 0.5455
vn 0.6869 0.5237 -0.5039
vn -0.1107 0.9268 0.3589
vn 0.2092 0.5663 0.7972
vn 0.2073 0.5655 0.7983
vn 0.2113 0.5671 0.7961
vn 0.2036 0.5647 0.7998
vn -0.8874 0.4388 -0.1411
vn -0.8917 0.4278 -0.1479
vn -0.8881 0.4373 -0.1416
vn -0.8926 0.4258 -0.1483
vn -0.2679 0.9622 0.0490
vn -0.2807 0.9583 0.0532
vn -0.2584 0.9649 0.0463
vn -0.2882 0.9560 0.0556
vn 0.9065 0.2482 -0.3415
vn 0.9065 0.2484 -0.3415
vn 0.9066 0.2479 -0.3414
vn 0.9064 0.2484 -0.3416
vn 0.7678 -0.6406 0.0120
vn 0.7682 -0.6401 0.0118
vn 0.7680 -0.6403 0.0119
vn 0.7684 -0.6398 0.0117
vn -0.7828 0.5490 -0.2931
vn -0.7835 0.5474 -0.2941
vn -0.7829 0.5487 -0.2933
vn -0.7836 0.5472 -0.2943
vn -0.9729 0.2048 0.1070
vn -0.9706 0.2116 0.1150
vn -0.9736 0.2055 0.0989
vn -0.9690 0.2134 0.1243
vn -0.8550 -0.1043 -0.5080
vn -0.8551 -0.1041 -0.5079
vn -0.8550 -0.1044 -0.5080
vn -0.8551 -0.1041 -0.5080
vn 0.2208 0.9699 0.1030
vn 0.2153 0.9717 0.0977
vn 0.2177 0.9708 0.1006
vn 0.2113 0.9727 0.0954
vn 0.7826 0.4033 -0.4742
vn 0.7826 0.4032 -0.4742
vn 0.3575 -0.9295 -0.0911
vn 0.3584 -0.9291 -0.0908
vn 0.3574 -0.9295 -0.0913
vn 0.3584 -0.9292 -0.0907
vn 0.9115 0.2739 0.3067
vn 0.9103 0.2770 0.3077
vn 0.9118 0.2733 0.3065
vn 0.9100 0.2776 0.3080
vn 0.5508 0.7007 0.4534
vn 0.5525 0.7004 0.4519
vn 0.5475 0.7024 0.4549
vn 0.5544 0.7006 0.4493
vn 0.4234 0.9021 0.0836
vn 0.4243 0.9015 0.0854
vn 0.4265 0.9003 0.0870
vn 0.4215 0.9029 0.0839
vn 0.0854 -0.9961 0.0211
vn 0.0853 -0.9961 0.0212
vn 0.7665 -0.5327 -0.3586
vn -0.9449 -0.3262 -0.0275
vn -0.9164 -0.3882 -0.0974
vn -0.8751 -0.4757 -0.0895
vn -1.0000 0.0042 -0.0017
vn -1.0000 0.0043 -0.0017
vn -0.9885 0.1431 0.0495
vn -0.9883 0.1438 0.0500
vn -0.9882 0.1445 0.0503
vn -0.9886 0.1425 0.0488
vn -0.9438 0.3160 0.0964
vn -0.9476 0.3071 0.0882
vn -0.9549 0.2884 0.0707
vn -0.9366 0.3322 0.1113
vn -0.9662 0.2550 0.0385
vn -0.9732 0.2288 0.0246
vn -0.9698 0.2418 0.0318
vn -0.9763 0.2159 0.0174
vn -0.9659 0.2548 0.0461
vn -0.9663 0.2528 0.0476
vn -0.9652 0.2576 0.0445
vn -0.9671 0.2495 0.0496
vn -0.8638 -0.5030 -0.0299
vn -0.8638 -0.5030 -0.0298
vn -0.8637 -0.5030 -0.0298
vn -0.9272 0.3603 0.1025
vn -0.9372 0.3393 0.0808
vn -0.9445 0.3224 0.0632
vn -0.9134 0.3877 0.1240
vn 0.8971 -0.4368 0.0660
vn 0.9602 -0.2773 -0.0337
vn 0.9594 -0.2805 -0.0303
vn 0.9585 -0.2837 -0.0268
vn 0.9610 -0.2746 -0.0337
vn 0.9318 -0.3423 -0.1210
vn 0.9314 -0.3435 -0.1206
vn 0.9313 -0.3439 -0.1203
vn 0.9319 -0.3420 -0.1212
vn -0.9112 -0.3959 0.1137
vn -0.9110 -0.3963 0.1142
vn -0.9116 -0.3952 0.1128
vn -0.9105 -0.3971 0.1152
vn 0.9632 0.2095 0.1685
vn 0.9635 0.1995 0.1784
vn 0.9655 0.2071 0.1577
vn 0.9622 0.2031 0.1816
vn -0.9188 -0.3945 -0.0154
vn -0.9183 -0.3956 -0.0142
vn -0.9198 -0.3920 -0.0182
vn -0.9172 -0.3982 -0.0111
vn 0.9543 0.2512 -0.1616
vn 0.9535 0.2538 -0.1624
vn 0.9532 0.2548 -0.1627
vn 0.9546 0.2504 -0.1612
vn -0.2511 0.9679 -0.0098
vn -0.2534 0.9673 -0.0129
vn -0.2516 0.9678 -0.0102
vn -0.2543 0.9670 -0.0133
vn 0.9747 0.1285 -0.1830
vn 0.9623 0.1900 -0.1945
vn 0.9567 0.2122 -0.1993
vn 0.9777 0.1095 -0.1794
vn -0.9829 -0.1094 -0.1484
vn -0.9811 -0.1181 -0.1534
vn -0.9824 -0.1118 -0.1498
vn -0.9807 -0.1200 -0.1546
vn 0.3903 0.8860 0.2504
vn 0.3899 0.8864 0.2495
vn 0.3902 0.8861 0.2503
vn 0.3896 0.8865 0.2495
vn 0.7275 -0.3367 -0.5979
vn 0.7275 -0.3368 -0.5978
vn 0.7275 -0.3367 -0.5978
vn 0.9762 -0.2091 0.0584
vn 0.9766 -0.2075 0.0571
vn 0.9768 -0.2065 0.0571
vn 0.9760 -0.2099 0.0575
vn -0.9957 0.0924 -0.0065
vn -0.9958 0.0908 -0.0088
vn -0.9954 0.0957 -0.0004
vn -0.9961 0.0876 -0.0139
vn 0.9961 0.0429 0.0773
vn 0.9954 0.0495 0.0819
vn 0.9965 0.0387 0.0744
vn 0.9951 0.0527 0.0840
vn -0.5430 -0.7372 -0.4020
vn -0.5432 -0.7370 -0.4021
vn -0.5433 -0.7370 -0.4021
vn -0.5430 -0.7373 -0.4021
vn -0.3654 -0.8718 -0.3263
vn -0.3748 -0.8686 -0.3243
vn -0.3741 -0.8683 -0.3257
vn -0.3676 -0.8724 -0.3222
vn 0.6014 -0.3550 -0.7158
vn 0.6013 -0.3549 -0.7159
vn 0.6013 -0.3548 -0.7159
vn 0.3283 0.9303 0.1634
vn 0.3262 0.9312 0.1624
vn 0.3279 0.9305 0.1633
vn 0.3258 0.9313 0.1627
vn 0.9371 -0.2728 -0.2177
vn 0.9552 -0.1675 -0.2441
vn 0.9538 -0.1316 -0.2702
vn 0.9266 -0.3140 -0.2070
vn -0.9633 0.1557 -0.2188
vn -0.9658 0.1437 -0.2159
vn -0.9621 0.1623 -0.2192
vn -0.9667 0.1375 -0.2157
vn 0.7423 -0.5940 0.3101
vn 0.7427 -0.5935 0.3102
vn 0.7426 -0.5937 0.3098
vn 0.7422 -0.5943 0.3096
vn 0.9954 0.0934 0.0214
vn 0.9964 0.0743 0.0409
vn 0.9975 0.0508 0.0492
vn 0.9948 0.0986 0.0242
vn 0.9924 -0.0488 0.1133
vn 0.9930 -0.0495 0.1075
vn 0.9924 -0.0471 0.1135
vn 0.9922 -0.0451 0.1158
vn 0.0398 -0.9989 0.0242
vn -0.9151 0.3617 0.1783
vn -0.9173 0.3581 0.1740
vn -0.9239 0.3466 0.1620
vn -0.9094 0.3710 0.1880
vn 0.9643 0.1864 -0.1881
vn 0.9643 0.1864 -0.1882
vn 0.9643 0.1863 -0.1881
vn -0.2672 0.9598 0.0858
vn -0.2676 0.9595 0.0877
vn -0.2696 0.9590 0.0873
vn -0.2681 0.9597 0.0846
vn -0.9193 -0.3927 -0.0247
vn -0.9194 -0.3925 -0.0250
vn -0.9177 -0.3969 -0.0196
vn -0.9209 -0.3886 -0.0295
vn 0.9788 -0.1137 -0.1703
vn 0.9785 0.0459 -0.2008
vn 0.9600 0.1034 -0.2604
vn 0.9702 -0.1892 -0.1514
vn -0.9481 -0.3173 0.0183
vn 0.9326 0.1159 0.3419
vn 0.9324 0.1166 0.3421
vn 0.9309 0.1185 0.3455
vn 0.9338 0.1139 0.3390
vn -0.9502 -0.3088 0.0427
vn -0.9494 -0.3110 0.0441
vn -0.9501 -0.3090 0.0436
vn -0.9494 -0.3110 0.0430
vn 0.9497 -0.2748 -0.1498
vn 0.9494 -0.2762 -0.1495
vn 0.9493 -0.2766 -0.1493
vn 0.9498 -0.2745 -0.1500
vn -0.1025 -0.8570 -0.5051
vn -0.1037 -0.8572 -0.5044
vn -0.1004 -0.8558 -0.5075
vn -0.1054 -0.8577 -0.5032
vn -0.1294 0.8658 0.4833
vn -0.1306 0.8654 0.4837
vn -0.1277 0.8663 0.4830
vn -0.1326 0.8646 0.4846
vn -0.5952 -0.6245 -0.5057
vn -0.5972 -0.6243 -0.5036
vn -0.6042 -0.6233 -0.4964
vn -0.5881 -0.6259 -0.5122
vn 0.8440 -0.5200 -0.1313
vn 0.8443 -0.5198 -0.1300
vn 0.8454 -0.5193 -0.1250
vn 0.8430 -0.5205 -0.1360
vn -0.1813 -0.9619 -0.2046
vn -0.1780 -0.9626 -0.2041
vn -0.1820 -0.9625 -0.2012
vn -0.1777 -0.9630 -0.2026
vn -0.4115 -0.8060 -0.4254
vn -0.4114 -0.8061 -0.4253
vn -0.4114 -0.8062 -0.4252
vn 0.9688 0.2466 -0.0258
vn 0.9633 0.2661 -0.0342
vn 0.9668 0.2542 -0.0278
vn 0.9613 0.2732 -0.0355
vn 0.8609 -0.4449 -0.2467
vn -0.7936 0.4961 -0.3523
vn -0.7944 0.4936 -0.3540
vn -0.7937 0.4957 -0.3525
vn -0.7945 0.4932 -0.3543
vn 0.8709 -0.4669 0.1534
vn 0.8710 -0.4668 0.1534
vn 0.8710 -0.4667 0.1533
vn 0.8710 -0.4668 0.1533
vn 0.9182 0.3780 -0.1189
vn 0.9182 0.3776 -0.1197
vn 0.9182 0.3780 -0.1187
vn 0.9182 0.3783 -0.1176
vn -0.2660 0.9616 0.0684
vn -0.2701 0.9603 0.0694
vn -0.2652 0.9618 0.0683
vn -0.2722 0.9597 0.0701
vn 0.9551 0.1690 0.2433
vn 0.9544 0.1704 0.2451
vn 0.9516 0.1747 0.2529
vn 0.9586 0.1632 0.2333
vn -0.9442 0.3100 -0.1111
vn -0.9469 0.2998 -0.1164
vn -0.9447 0.3083 -0.1118
vn -0.9476 0.2972 -0.1171
vn 0.1929 -0.9564 -0.2191
vn 0.1950 -0.9558 -0.2200
vn 0.1929 -0.9565 -0.2190
vn 0.1936 -0.9559 -0.2207
vn -0.1326 0.9911 0.0142
vn -0.1347 0.9908 0.0121
vn -0.1330 0.9910 0.0139
vn -0.1354 0.9907 0.0118
vn 0.9832 0.0443 0.1771
vn 0.9829 0.0464 0.1782
vn 0.9833 0.0437 0.1768
vn 0.9828 0.0470 0.1785
vn 0.1724 -0.9748 -0.1417
vn 0.1735 -0.9747 -0.1413
vn 0.1722 -0.9748 -0.1419
vn 0.1734 -0.9747 -0.1412
vn 0.7337 0.3180 -0.6004
vn 0.7339 0.3181 -0.6002
vn 0.7338 0.3181 -0.6002
vn 0.3582 0.9257 0.1214
vn 0.3475 0.9292 0.1261
vn 0.3630 0.9241 0.1197
vn 0.3422 0.9309 0.1279
vn -0.9020 0.1193 -0.4150
vn -0.9021 0.1183 -0.4150
vn -0.9019 0.1194 -0.4150
vn -0.9021 0.1182 -0.4150
vn 0.3009 0.9482 0.1023
vn 0.3041 0.9482 0.0922
vn 0.3048 0.9482 0.0898
vn 0.2997 0.9482 0.1055
vn 0.9041 -0.4178 -0.0897
vn 0.9052 -0.4151 -0.0912
vn 0.9052 -0.4153 -0.0906
vn 0.9058 -0.4136 -0.0919
vn -0.8843 -0.4670 -0.0007
vn -0.8844 -0.4667 -0.0007
vn -0.8843 -0.4669 0.0001
vn -0.8844 -0.4668 -0.0010
vn 0.9722 -0.2333 0.0203
vn 0.9732 -0.2294 0.0174
vn 0.9734 -0.2282 0.0186
vn 0.9719 -0.2348 0.0185
vn -0.8813 -0.4675 -0.0694
vn -0.8813 -0.4675 -0.0693
vn -0.8813 -0.4674 -0.0693
vn -0.8770 -0.4786 0.0435
vn -0.8771 -0.4784 0.0434
vn -0.8770 -0.4785 0.0434
vn 0.9746 0.1063 -0.1971
vn 0.9746 0.1064 -0.1971
vn -0.9996 0.0102 0.0278
vn -0.9996 0.0071 0.0259
vn -0.9997 0.0048 0.0244
vn -0.9995 0.0125 0.0292
vn -0.9998 0.0125 0.0180
vn -0.9999 0.0040 0.0135
vn -0.9998 0.0093 0.0163
vn -0.9999 0.0008 0.0117
vn -1.0000 -0.0006 0.0035
vn -1.0000 0.0003 0.0045
vn -1.0000 -0.0045 -0.0014
vn -0.9999 0.0040 0.0100
vn 0.9977 -0.0608 0.0286
vn 0.9997 -0.0244 0.0068
vn 0.9999 -0.0113 -0.0051
vn 0.9939 -0.0982 0.0493
vn 0.6090 0.7742 0.1723
vn 0.6091 0.7742 0.1723
vn 0.8494 -0.2643 -0.4568
vn 0.8495 -0.2639 -0.4568
vn 0.8497 -0.2635 -0.4568
vn 0.8492 -0.2647 -0.4568
vn -0.5530 0.7333 0.3957
vn -0.5529 0.7333 0.3957
vn -0.1493 0.7940 -0.5892
vn -0.1493 0.7940 -0.5893
vn -0.0547 0.8498 0.5242
vn -0.0552 0.8494 0.5249
vn -0.0522 0.8513 0.5220
vn -0.0585 0.8488 0.5254
vn 0.9896 -0.0376 -0.1385
vn 0.9895 -0.0380 -0.1398
vn 0.9896 -0.0378 -0.1390
vn 0.9898 -0.0373 -0.1377
vn -0.3775 -0.4249 -0.8228
vn -0.3829 -0.3986 -0.8334
vn -0.3842 -0.3951 -0.8344
vn -0.3737 -0.4323 -0.8207
vn -0.5911 -0.5005 -0.6326
vn -0.5911 -0.5005 -0.6325
vn -0.9997 -0.0007 -0.0231
vn -0.9666 0.2554 -0.0232
vn -0.9752 0.2206 -0.0191
vn -0.9985 -0.0544 0.0068
vn -0.6497 -0.5501 -0.5246
vn -0.6391 -0.5502 -0.5374
vn -0.6556 -0.5500 -0.5174
vn -0.6653 -0.5500 -0.5049
vn -0.8372 0.4244 0.3449
vn -0.8344 0.4299 0.3449
vn -0.8377 0.4251 0.3429
vn -0.8340 0.4297 0.3461
vn 0.9594 -0.0596 0.2757
vn 0.9636 -0.0371 0.2646
vn 0.9648 -0.0289 0.2613
vn 0.9591 -0.0683 0.2745
vn -0.2791 -0.7167 -0.6391
vn -0.2790 -0.7169 -0.6389
vn -0.2476 -0.6983 -0.6717
vn -0.3032 -0.7319 -0.6103
vn -0.6170 -0.1894 -0.7638
vn -0.5662 -0.1673 -0.8071
vn -0.6087 -0.1919 -0.7698
vn -0.5786 -0.1558 -0.8006
vn 0.9623 -0.0935 0.2553
vn 0.9646 -0.0912 0.2475
vn 0.9586 -0.0936 0.2689
vn 0.9690 -0.0872 0.2312
vn -0.5726 0.6272 0.5280
vn -0.5693 0.6262 0.5326
vn -0.5669 0.6253 0.5363
vn -0.5735 0.6272 0.5269
vn -0.6943 0.5889 0.4136
vn -0.7085 0.5815 0.3999
vn -0.7134 0.5766 0.3983
vn -0.6914 0.5919 0.4143
vn 0.9983 0.0359 -0.0453
vn 0.9983 0.0370 -0.0461
vn 0.9917 0.0918 -0.0897
vn 0.9992 -0.0383 -0.0060
vn -0.9678 0.1505 -0.2019
vn -0.9665 0.1436 -0.2128
vn -0.9674 0.1484 -0.2052
vn -0.9688 0.1569 -0.1917
vn -0.8455 0.4601 0.2709
vn -0.8192 0.5153 0.2516
vn -0.8327 0.4882 0.2612
vn -0.8587 0.4281 0.2816
vn -0.9115 0.4013 0.0897
vn -0.9158 0.3900 0.0961
vn -0.9132 0.3966 0.0934
vn -0.9098 0.4058 0.0875
vn 0.0558 -0.9962 0.0673
vn 0.9733 0.2236 0.0518
vn 0.9725 0.2274 0.0508
vn 0.9721 0.2292 0.0504
vn 0.9738 0.2213 0.0523
vn -0.0709 0.9724 0.2222
vn -0.0138 0.9794 0.2013
vn -0.0811 0.9671 0.2411
vn 0.0132 0.9806 0.1956
vn 0.0741 -0.9867 0.1448
vn 0.0731 -0.9867 0.1453
vn 0.0722 -0.9867 0.1458
vn 0.0749 -0.9867 0.1444
vn -0.5959 0.6979 0.3973
vn -0.5949 0.6983 0.3981
vn -0.5946 0.6991 0.3972
vn -0.5961 0.6971 0.3985
vn -0.9586 -0.2828 -0.0344
vn -0.9586 -0.2828 -0.0343
vn 0.9093 0.2261 0.3494
vn 0.9094 0.2261 0.3490
vn 0.9100 0.2299 0.3451
vn 0.9087 0.2226 0.3532
vn 0.3845 0.7897 0.4780
vn 0.3964 0.7892 0.4690
vn 0.3735 0.7923 0.4825
vn 0.4062 0.7889 0.4612
vn -0.9167 0.3939 0.0671
vn -0.9362 0.3488 0.0434
vn -0.9332 0.3561 0.0488
vn -0.9470 0.3201 0.0275
vn 0.0400 -0.9936 0.1054
vn 0.0401 -0.9936 0.1052
vn 0.0403 -0.9937 0.1050
vn 0.0399 -0.9936 0.1057
vn 0.3125 0.9357 0.1638
vn 0.9749 0.2219 0.0208
vn 0.9806 0.1961 -0.0007
vn 0.9788 0.2049 0.0058
vn 0.9700 0.2417 0.0281
vn -0.8543 -0.4975 -0.1503
vn -0.8518 -0.5008 -0.1537
vn -0.8515 -0.5026 -0.1498
vn -0.8536 -0.4986 -0.1507
vn 0.9912 -0.0921 -0.0948
vn 0.9910 -0.0966 -0.0922
vn 0.9909 -0.0942 -0.0959
vn 0.9916 -0.0889 -0.0937
vn 0.0521 -0.9876 -0.1481
vn 0.0537 -0.9874 -0.1491
vn 0.0552 -0.9871 -0.1500
vn 0.0507 -0.9878 -0.1473
vn -0.0202 0.9926 0.1195
vn -0.0173 0.9930 0.1170
vn -0.0263 0.9908 0.1329
vn -0.0079 0.9936 0.1131
vn 0.6976 -0.7037 -0.1350
vn 0.6976 -0.7039 -0.1337
vn 0.6969 -0.7044 -0.1347
vn 0.6971 -0.7042 -0.1348
vn -0.9846 -0.0343 -0.1715
vn -0.9850 -0.0409 -0.1674
vn -0.9847 -0.0362 -0.1704
vn -0.9845 -0.0312 -0.1725
vn -0.8017 0.5973 0.0244
vn -0.8035 0.5949 0.0217
vn -0.7994 0.6002 0.0279
vn -0.7972 0.6030 0.0307
vn -0.1872 0.9738 0.1289
vn -0.1872 0.9738 0.1295
vn -0.1869 0.9738 0.1297
vn -0.1864 0.9738 0.1299
vn -0.6532 -0.7226 -0.2261
vn -0.6542 -0.7219 -0.2255
vn -0.6538 -0.7220 -0.2264
vn -0.6531 -0.7228 -0.2260
vn 0.9618 0.1604 -0.2216
vn 0.9619 0.1602 -0.2217
vn 0.9618 0.1605 -0.2216
vn 0.9619 0.1600 -0.2218
vn -0.9865 0.0089 -0.1637
vn -0.9863 0.0080 -0.1648
vn -0.9865 0.0092 -0.1633
vn -0.9867 0.0101 -0.1621
vn 0.0889 -0.9821 -0.1664
vn 0.0891 -0.9821 -0.1662
vn 0.0893 -0.9821 -0.1659
vn 0.0887 -0.9820 -0.1666
vn 0.8033 -0.5044 -0.3167
vn 0.8031 -0.5045 -0.3170
vn 0.8044 -0.5037 -0.3152
vn 0.8022 -0.5053 -0.3180
vn 0.8375 0.5433 -0.0575
vn 0.8345 0.5483 -0.0541
vn 0.8396 0.5396 -0.0624
vn 0.8311 0.5537 -0.0514
vn 0.9414 0.3087 -0.1356
vn -0.9820 -0.1448 -0.1209
vn 0.2108 -0.9347 -0.2863
vn 0.2109 -0.9347 -0.2863
vn 0.9242 -0.2561 -0.2834
vn 0.9242 -0.2562 -0.2834
vn 0.5196 0.8544 -0.0010
vn -0.8600 0.5096 -0.0257
vn -0.3852 0.9228 0.0091
vn -0.3852 0.9228 0.0090
vn -0.3996 -0.8698 -0.2894
vn -0.3997 -0.8698 -0.2894
vn 0.8155 -0.5122 -0.2695
vn 0.8029 -0.5243 -0.2836
vn 0.7922 -0.5338 -0.2958
vn 0.8254 -0.5024 -0.2575
vn -0.5315 -0.8346 0.1446
vn -0.5439 -0.8293 0.1279
vn -0.5593 -0.8223 0.1052
vn -0.5160 -0.8403 0.1662
vn -0.8167 0.5706 0.0863
vn -0.8180 0.5677 0.0926
vn -0.8070 0.5888 0.0461
vn -0.8264 0.5459 0.1377
vn 0.3721 0.8457 -0.3825
vn 0.3143 0.8456 -0.4314
vn 0.3582 0.8461 -0.3947
vn 0.4066 0.8433 -0.3513
vn -0.9584 -0.1768 0.2243
vn -0.9610 -0.1713 0.2173
vn -0.9704 -0.1513 0.1881
vn -0.9438 -0.2021 0.2613
vn 0.1602 -0.9869 0.0178
vn 0.1644 -0.9862 0.0210
vn 0.1789 -0.9833 0.0341
vn 0.1447 -0.9895 0.0048
vn -0.4684 0.8754 -0.1197
vn -0.5073 0.8517 -0.1313
vn -0.4478 0.8871 -0.1120
vn -0.4178 0.9030 -0.1001
vn 0.8980 0.1136 -0.4251
vn 0.8913 0.1176 -0.4379
vn 0.8950 0.1158 -0.4307
vn 0.9022 0.1116 -0.4167
vn -0.6119 0.7863 0.0860
vn -0.1092 -0.9536 -0.2807
vn 0.8366 0.5476 -0.0182
vn -0.9067 -0.4003 -0.1331
vn 0.3742 -0.8953 -0.2416
vn 0.9672 0.0108 -0.2536
vn -0.9662 0.2578 0.0046
vn 0.7612 0.4993 0.4137
vn 0.7605 0.4997 0.4146
vn 0.7686 0.4954 0.4047
vn 0.7514 0.5044 0.4255
vn -0.8195 -0.5723 0.0305
vn -0.8165 -0.5769 0.0246
vn -0.8204 -0.5709 0.0326
vn -0.8228 -0.5671 0.0377
vn 0.5799 -0.8116 0.0711
vn 0.5819 -0.8106 0.0654
vn 0.5796 -0.8116 0.0732
vn 0.5848 -0.8089 0.0609
vn 0.9444 -0.1715 0.2806
vn 0.9438 -0.1691 0.2840
vn 0.9454 -0.1757 0.2746
vn 0.9427 -0.1647 0.2903
vn 0.1874 0.8760 0.4445
vn 0.1857 0.8755 0.4461
vn 0.1715 0.8717 0.4591
vn 0.1992 0.8789 0.4333
vn -0.9804 0.0905 0.1747
vn -0.9805 0.0928 0.1733
vn -0.9805 0.0842 0.1778
vn -0.9804 0.0987 0.1703
vn -0.7340 0.6107 0.2971
vn -0.7428 0.6076 0.2812
vn -0.7349 0.6104 0.2954
vn -0.7278 0.6128 0.3080
vn -0.1077 -0.9905 -0.0851
vn -0.1163 -0.9902 -0.0779
vn -0.1100 -0.9905 -0.0831
vn -0.1045 -0.9906 -0.0880
vn 0.7378 0.6438 0.2028
vn 0.7176 0.6769 0.1638
vn 0.7363 0.6464 0.2000
vn 0.7598 0.6000 0.2504
vn -0.7712 -0.6360 -0.0280
vn -0.8038 -0.5923 -0.0552
vn -0.7242 -0.6896 0.0065
vn -0.8512 -0.5154 -0.0990
vn 0.9976 0.0123 0.0687
vn 0.9976 0.0122 0.0678
vn 0.9978 0.0119 0.0655
vn 0.9975 0.0125 0.0702
vn -0.9896 0.1264 0.0684
vn -0.9908 0.1077 0.0816
vn -0.9835 0.1772 0.0367
vn -0.9919 0.0665 0.1085
vn -0.3582 -0.9124 -0.1979
vn -0.3516 -0.9073 -0.2307
vn -0.3472 -0.9068 -0.2391
vn -0.3942 -0.8965 -0.2022
vn -0.7189 0.6481 0.2514
vn -0.7408 0.6407 0.2019
vn -0.7305 0.6428 0.2305
vn -0.7081 0.6499 0.2760
vn 0.1585 0.9296 0.3328
vn 0.1370 0.9440 0.3002
vn 0.1507 0.9350 0.3211
vn 0.1716 0.9197 0.3531
vn 0.5563 -0.8174 -0.1493
vn 0.5678 -0.8033 -0.1795
vn 0.5482 -0.8263 -0.1289
vn 0.5739 -0.7951 -0.1960
vn 0.9357 0.0039 -0.3527
vn 0.8782 0.0716 -0.4728
vn 0.9441 -0.0087 -0.3294
vn 0.9862 -0.1188 -0.1152
vn 0.9807 -0.1320 0.1440
vn 0.9892 -0.1114 0.0956
vn 0.9976 -0.0664 -0.0212
vn 0.9580 -0.1733 0.2284
vn -0.1224 -0.9915 0.0443
vn -0.1989 -0.9794 -0.0342
vn -0.0471 -0.9933 0.1053
vn -0.2500 -0.9647 -0.0825
vn 0.5155 -0.6879 -0.5110
vn 0.5046 -0.6871 -0.5227
vn 0.4886 -0.6858 -0.5395
vn 0.5498 -0.6887 -0.4726
vn 0.7651 -0.5968 0.2418
vn 0.7515 -0.6052 0.2627
vn 0.5943 -0.6641 0.4537
vn 0.8391 -0.5337 0.1050
vn -0.1941 0.9799 -0.0455
vn -0.3419 0.9129 -0.2232
vn -0.1450 0.9892 0.0221
vn 0.0241 0.9819 0.1879
vn 0.0495 -0.9987 -0.0133
vn -0.0080 -0.9996 -0.0277
vn 0.1027 -0.9947 -0.0011
vn -0.0610 -0.9974 -0.0373
vn -0.9992 -0.0018 0.0394
vn -0.9821 -0.1524 0.1111
vn -0.9936 0.1117 -0.0136
vn -0.9511 -0.2617 0.1640
vn 0.6194 0.7257 -0.2996
vn 0.3737 0.7095 -0.5975
vn 0.6091 0.7275 -0.3159
vn 0.7603 0.6496 0.0021
vn -0.7652 0.6357 0.1018
vn -0.7453 0.6628 0.0719
vn -0.8162 0.5326 0.2241
vn -0.6353 0.7711 -0.0431
vn -0.6692 -0.7407 0.0596
vn -0.6347 -0.7680 0.0856
vn -0.7499 -0.6614 -0.0098
vn -0.5288 -0.8338 0.1584
vn 0.7726 -0.5595 -0.3002
vn 0.7699 -0.5622 -0.3020
vn 0.7299 -0.5996 -0.3282
vn 0.8080 -0.5214 -0.2744
usemtl Worker_Yellow
s 1
f 2599/2599/1979 2600/2600/1980 2601/2601/1981
f 2599/2599/1979 2602/2602/1982 2600/2600/1980
f 2603/2603/1983 2604/2604/1984 2605/2605/1985
f 2606/2606/1986 2604/2604/1984 2603/2603/1983
f 2607/2607/1987 2608/2608/1988 2609/2609/1989
f 2610/2610/1990 2608/2608/1988 2607/2607/1987
f 2611/2611/1991 2612/2612/1992 2613/2613/1993
f 2612/2612/1992 2611/2611/1991 2614/2614/1994
f 2615/2615/1995 2616/2616/1996 2617/2617/1997
f 2616/2616/1996 2615/2615/1995 2618/2618/1998
f 2619/2619/1999 2620/2620/2000 2621/2621/2001
f 2622/2622/2002 2620/2620/2000 2619/2619/1999
f 2623/2623/2003 2624/2624/2004 2625/2625/2005
f 2624/2624/2004 2623/2623/2003 2626/2626/2006
f 2627/2627/2007 2628/2628/2008 2629/2629/2009
f 2628/2628/2008 2627/2627/2007 2630/2630/2010
f 2631/2631/2011 2632/2632/2012 2633/2633/2013
f 2631/2631/2011 2634/2634/2014 2632/2632/2012
f 2635/2635/2015 2636/2636/2016 2637/2637/2017
f 2636/2636/2016 2635/2635/2015 2638/2638/2018
f 2639/2639/2019 2640/2640/2020 2641/2641/2021
f 2642/2642/2022 2639/2639/2019 2641/2641/2021
f 2643/2643/2023 2644/2644/2024 2645/2645/2025
f 2644/2644/2024 2643/2643/2023 2646/2646/2026
f 2647/2647/2027 2648/2648/2028 2649/2649/2029
f 2647/2647/2027 2649/2649/2029 2650/2650/2030
f 2651/2651/2031 2652/2652/2032 2653/2653/2033
f 2652/2652/2032 2651/2651/2031 2654/2654/2034
f 2655/2655/2035 2656/2656/2036 2657/2657/2037
f 2656/2656/2036 2655/2655/2035 2658/2658/2038
f 2659/2659/2039 2660/2660/2040 2661/2661/2041
f 2660/2660/2040 2659/2659/2039 2662/2662/2042
f 2663/2663/2043 2664/2664/2044 2665/2665/2045
f 2663/2663/2043 2666/2666/2046 2664/2664/2044
f 2667/2667/2047 2668/2668/2048 2669/2669/2049
f 2670/2670/2050 2668/2668/2048 2667/2667/2047
f 2671/2671/2051 2672/2672/2052 2673/2673/2053
f 2671/2671/2051 2674/2674/2054 2672/2672/2052
f 2675/2675/2055 2676/2676/2056 2677/2677/2057
f 2678/2678/2058 2676/2676/2056 2675/2675/2055
f 2679/2679/2059 2680/2680/2060 2681/2681/2061
f 2682/2682/2062 2679/2679/2059 2681/2681/2061
f 2683/2683/2063 2684/2684/2064 2685/2685/2065
f 2684/2684/2064 2683/2683/2063 2686/2686/2066
f 2687/2687/2067 2688/2688/2068 2689/2689/2069
f 2688/2688/2068 2687/2687/2067 2690/2690/2070
f 2691/2691/2071 2692/2692/2072 2693/2693/2073
f 2692/2692/2072 2691/2691/2071 2694/2694/2074
f 2695/2695/2075 2696/2696/2076 2697/2697/2077
f 2695/2695/2075 2698/2698/2078 2696/2696/2076
f 2699/2699/2079 2700/2700/2080 2701/2701/2081
f 2700/2700/2080 2699/2699/2079 2702/2702/2082
f 2703/2703/2083 2704/2704/2084 2705/2705/2085
f 2706/2706/2086 2705/2705/2085 2704/2704/2084
f 2707/2707/2087 2708/2708/2088 2709/2709/2089
f 2710/2710/2090 2707/2707/2087 2709/2709/2089
f 2711/2711/2091 2712/2712/2092 2713/2713/2093
f 2712/2712/2092 2711/2711/2091 2714/2714/2094
f 2715/2715/2095 2716/2716/2096 2717/2717/2097
f 2716/2716/2096 2715/2715/2095 2718/2718/2098
f 2719/2719/2099 2720/2720/2100 2721/2721/2101
f 2720/2720/2100 2719/2719/2099 2722/2722/2102
f 2723/2723/2103 2724/2724/2104 2725/2725/2105
f 2724/2724/2104 2723/2723/2103 2726/2726/2106
f 2727/2727/2107 2728/2728/2108 2729/2729/2109
f 2728/2728/2108 2727/2727/2107 2730/2730/2110
f 2731/2731/2111 2732/2732/2112 2733/2733/2113
f 2732/2732/2112 2731/2731/2111 2734/2734/2114
f 2735/2735/2115 2736/2736/2116 2737/2737/2117
f 2736/2736/2116 2735/2735/2115 2738/2738/2118
f 2739/2739/2119 2740/2740/2120 2741/2741/2121
f 2742/2742/2122 2740/2740/2120 2739/2739/2119
f 2743/2743/2123 2744/2744/2124 2745/2745/2125
f 2746/2746/2126 2744/2744/2124 2743/2743/2123
f 2747/2747/2127 2748/2748/2128 2749/2749/2129
f 2748/2748/2128 2747/2747/2127 2750/2750/2130
f 2751/2751/2131 2752/2752/2132 2753/2753/2133
f 2752/2752/2132 2751/2751/2131 2754/2754/2134
f 2755/2755/2135 2756/2756/2136 2757/2757/2137
f 2756/2756/2136 2755/2755/2135 2758/2758/2138
f 2759/2759/2139 2760/2760/2140 2761/2761/2141
f 2760/2760/2140 2759/2759/2139 2762/2762/2142
f 2763/2763/2143 2764/2764/2144 2765/2765/2145
f 2764/2764/2144 2763/2763/2143 2766/2766/2146
f 2767/2767/2147 2768/2768/2148 2769/2769/2149
f 2768/2768/2148 2767/2767/2147 2770/2770/2150
f 2771/2771/2151 2772/2772/2152 2773/2773/2153
f 2771/2771/2151 2773/2773/2153 2774/2774/2154
f 2775/2775/2155 2776/2776/2156 2777/2777/2157
f 2776/2776/2156 2775/2775/2155 2778/2778/2158
f 2779/2779/2159 2780/2780/2160 2781/2781/2161
f 2780/2780/2160 2779/2779/2159 2782/2782/2162
f 2783/2783/2163 2784/2784/2164 2785/2785/2165
f 2786/2786/2166 2784/2784/2164 2783/2783/2163
f 2787/2787/2167 2788/2788/2168 2789/2789/2169
f 2788/2788/2168 2787/2787/2167 2790/2790/2170
f 2791/2791/2171 2792/2792/2172 2793/2793/2173
f 2792/2792/2172 2791/2791/2171 2794/2794/2174
f 2795/2795/2175 2796/2796/2176 2797/2797/2177
f 2796/2796/2176 2795/2795/2175 2798/2798/2178
f 2799/2799/2179 2800/2800/2180 2801/2801/2181
f 2800/2800/2180 2799/2799/2179 2802/2802/2182
f 2803/2803/2183 2804/2804/2184 2805/2805/2185
f 2804/2804/2184 2803/2803/2183 2806/2806/2186
usemtl Worker_Vest
s off
f 2875/2807/2187 2876/2808/2187 2877/2809/2187
f 2943/2810/2188 2944/2811/2188 2945/2812/2188
f 2944/2811/2189 2943/2810/2189 2946/2813/2189
f 2947/2814/2190 2948/2815/2190 2949/2816/2190
f 2949/2816/2191 2950/2817/2191 2947/2814/2191
f 2951/2818/2192 2952/2819/2192 2953/2820/2192
f 2954/2821/2193 2951/2818/2193 2953/2820/2193
f 2959/2822/2194 2960/2823/2194 2961/2824/2194
f 2959/2822/2195 2961/2824/2195 2962/2825/2195
f 2964/2826/2196 2963/2827/2196 2966/2828/2196
f 2967/2829/2197 2968/2830/2197 2969/2831/2197
f 3055/2832/2198 3056/2833/2198 3057/2834/2198
f 3159/2835/2199 3160/2836/2199 3161/2837/2199
f 3234/2838/2200 3235/2839/2200 3236/2840/2200
f 3302/2841/2201 3303/2842/2201 3304/2843/2201
f 3303/2842/2202 3302/2841/2202 3305/2844/2202
f 3306/2845/2203 3307/2846/2203 3308/2847/2203
f 3307/2846/2204 3306/2845/2204 3309/2848/2204
f 3310/2849/2205 3311/2850/2205 3312/2851/2205
f 3313/2852/2206 3311/2850/2206 3310/2849/2206
f 3318/2853/2207 3319/2854/2207 3320/2855/2207
f 3321/2856/2208 3319/2854/2208 3318/2853/2208
f 3322/2857/2209 3323/2858/2209 3324/2859/2209
f 3323/2858/2210 3322/2857/2210 3325/2860/2210
f 3326/2861/2211 3327/2862/2211 3328/2863/2211
f 3329/2864/2212 3326/2861/2212 3328/2863/2212
f 3414/2865/2213 3415/2866/2213 3416/2867/2213
f 3518/2868/2214 3519/2869/2214 3520/2870/2214
s 1
f 2807/2871/2215 2808/2872/2216 2809/2873/2217
f 2807/2871/2215 2810/2874/2218 2808/2872/2216
f 2811/2875/2219 2812/2876/2220 2813/2877/2221
f 2812/2876/2220 2811/2875/2219 2814/2878/2222
f 2815/2879/2223 2816/2880/2224 2817/2881/2225
f 2816/2880/2224 2815/2879/2223 2818/2882/2226
f 2819/2883/2227 2820/2884/2228 2821/2885/2229
f 2821/2885/2229 2822/2886/2230 2819/2883/2227
f 2823/2887/2231 2824/2888/2232 2825/2889/2233
f 2825/2889/2233 2826/2890/2234 2823/2887/2231
f 2827/2891/2235 2828/2892/2236 2829/2893/2237
f 2830/2894/2238 2827/2891/2235 2829/2893/2237
f 2831/2895/2239 2832/2896/2240 2833/2897/2241
f 2831/2895/2239 2833/2897/2241 2834/2898/2242
f 2835/2899/2243 2836/2900/2244 2837/2901/2245
f 2835/2899/2243 2838/2902/2246 2836/2900/2244
f 2839/2903/2247 2840/2904/2248 2841/2905/2249
f 2840/2904/2248 2839/2903/2247 2842/2906/2250
f 2843/2907/2251 2844/2908/2252 2845/2909/2253
f 2844/2908/2252 2843/2907/2251 2846/2910/2254
f 2847/2911/2255 2848/2912/2256 2849/2913/2257
f 2848/2912/2256 2847/2911/2255 2850/2914/2258
f 2851/2915/2259 2852/2916/2260 2853/2917/2261
f 2852/2916/2260 2851/2915/2259 2854/2918/2262
f 2855/2919/2263 2856/2920/2264 2857/2921/2265
f 2856/2920/2264 2855/2919/2263 2858/2922/2266
f 2859/2923/2267 2860/2924/2268 2861/2925/2269
f 2859/2923/2267 2861/2925/2269 2862/2926/2270
f 2863/2927/2271 2864/2928/2272 2865/2929/2273
f 2866/2930/2274 2863/2927/2271 2865/2929/2273
f 2867/2931/2275 2868/2932/2276 2869/2933/2277
f 2868/2932/2276 2867/2931/2275 2870/2934/2278
f 2871/2935/2279 2872/2936/2280 2873/2937/2281
f 2872/2936/2280 2871/2935/2279 2874/2938/2282
f 2878/2939/2283 2879/2940/2284 2880/2941/2285
f 2879/2940/2284 2878/2939/2283 2881/2942/2286
f 2882/2943/2287 2883/2944/2288 2884/2945/2289
f 2883/2944/2288 2882/2943/2287 2885/2946/2290
f 2886/2947/2291 2887/2948/2292 2888/2949/2293
f 2887/2948/2292 2886/2947/2291 2889/2950/2294
f 2890/2951/2295 2891/2952/2296 2892/2953/2297
f 2890/2951/2295 2893/2954/2298 2891/2952/2296
f 2894/2955/2299 2895/2956/2300 2896/2957/2301
f 2895/2956/2300 2894/2955/2299 2897/2958/2302
f 2898/2959/2303 2899/2960/2304 2900/2961/2305
f 2901/2962/2306 2899/2960/2304 2898/2959/2303
f 2902/2963/2307 2903/2964/2308 2904/2965/2309
f 2902/2963/2307 2904/2965/2309 2905/2966/2310
f 2906/2967/2311 2907/2968/2312 2908/2969/2313
f 2909/2970/2314 2907/2968/2312 2906/2967/2311
f 2910/2971/2315 2911/2972/2316 2912/2973/2317
f 2911/2972/2316 2910/2971/2315 2913/2974/2318
f 2914/2975/2319 2915/2976/2320 2916/2977/2321
f 2914/2975/2319 2916/2977/2321 2917/2978/2322
f 2918/2979/2323 2919/2980/2324 2920/2981/2325
f 2921/2982/2326 2919/2980/2324 2918/2979/2323
f 2919/2980/2324 2921/2982/2326 2922/2983/2327
f 2923/2984/2328 2924/2985/2329 2925/2986/2330
f 2924/2985/2329 2923/2984/2328 2926/2987/2331
f 2927/2988/2332 2928/2989/2333 2929/2990/2334
f 2928/2989/2333 2927/2988/2332 2930/2991/2335
f 2931/2992/2336 2932/2993/2337 2933/2994/2338
f 2931/2992/2336 2934/2995/2339 2932/2993/2337
f 2935/2996/2340 2936/2997/2341 2937/2998/2342
f 2936/2997/2341 2935/2996/2340 2938/2999/2343
f 2939/3000/2344 2940/3001/2345 2941/3002/2346
f 2940/3001/2345 2939/3000/2344 2942/3003/2347
f 2955/3004/2348 2956/3005/2349 2957/3006/2350
f 2956/3005/2349 2955/3004/2348 2958/3007/2351
f 2963/2827/2352 2964/2826/2352 2965/3008/2352
f 2968/2830/2353 2967/2829/2353 2970/3009/2353
f 2971/3010/2354 2972/3011/2355 2973/3012/2356
f 2974/3013/2357 2971/3010/2354 2973/3012/2356
f 2975/3014/2358 2976/3015/2359 2977/3016/2360
f 2977/3016/2360 2976/3015/2359 2978/3017/2361
f 2979/3018/2362 2980/3019/2363 2981/3020/2364
f 2980/3019/2363 2979/3018/2362 2982/3021/2365
f 2983/3022/2366 2984/3023/2367 2985/3024/2368
f 2984/3023/2367 2983/3022/2366 2986/3025/2369
f 2987/3026/2370 2988/3027/2371 2989/3028/2372
f 2990/3029/2373 2987/3026/2370 2989/3028/2372
f 2991/3030/2374 2992/3031/2375 2993/3032/2376
f 2992/3031/2375 2991/3030/2374 2994/3033/2377
f 2995/3034/2378 2996/3035/2379 2997/3036/2380
f 2998/3037/2381 2997/3036/2380 2996/3035/2379
f 2999/3038/2382 3000/3039/2383 3001/3040/2384
f 3000/3039/2383 2999/3038/2382 3002/3041/2385
f 3003/3042/2386 3004/3043/2387 3005/3044/2388
f 3004/3043/2387 3003/3042/2386 3006/3045/2389
f 3007/3046/2390 3008/3047/2391 3009/3048/2392
f 3007/3046/2390 3009/3048/2392 3010/3049/2393
f 3011/3050/2394 3012/3051/2395 3013/3052/2396
f 3014/3053/2397 3012/3051/2395 3011/3050/2394
f 3015/3054/2398 3016/3055/2399 3017/3056/2400
f 3016/3055/2399 3015/3054/2398 3018/3057/2401
f 3019/3058/2402 3020/3059/2403 3021/3060/2404
f 3019/3058/2402 3022/3061/2405 3020/3059/2403
f 3023/3062/2406 3024/3063/2407 3025/3064/2408
f 3024/3063/2407 3023/3062/2406 3026/3065/2409
f 3027/3066/2410 3028/3067/2411 3029/3068/2412
f 3028/3067/2411 3027/3066/2410 3030/3069/2413
f 3031/3070/2414 3032/3071/2415 3033/3072/2416
f 3032/3071/2415 3031/3070/2414 3034/3073/2417
f 3035/3074/2418 3036/3075/2419 3037/3076/2420
f 3036/3075/2419 3035/3074/2418 3038/3077/2421
f 3039/3078/2422 3040/3079/2423 3041/3080/2424
f 3039/3078/2422 3041/3080/2424 3042/3081/2425
f 3043/3082/2426 3044/3083/2427 3045/3084/2428
f 3043/3082/2426 3045/3084/2428 3046/3085/2429
f 3047/3086/2430 3048/3087/2431 3049/3088/2432
f 3047/3086/2430 3050/3089/2433 3048/3087/2431
f 3051/3090/2434 3052/3091/2435 3053/3092/2436
f 3052/3091/2435 3051/3090/2434 3054/3093/2437
f 3058/3094/2438 3059/3095/2439 3060/3096/2440
f 3058/3094/2438 3060/3096/2440 3061/3097/2441
f 3062/3098/2442 3063/3099/2443 3064/3100/2444
f 3063/3099/2443 3062/3098/2442 3065/3101/2445
f 3066/3102/2446 3067/3103/2447 3068/3104/2448
f 3067/3103/2447 3066/3102/2446 3069/3105/2449
f 3068/3104/2448 3067/3103/2447 3070/3106/2450
f 3071/3107/2451 3072/3108/2452 3073/3109/2453
f 3072/3108/2452 3071/3107/2451 3074/3110/2454
f 3075/3111/2455 3076/3112/2456 3077/3113/2457
f 3076/3112/2456 3075/3111/2455 3078/3114/2458
f 3079/3115/2459 3080/3116/2460 3081/3117/2461
f 3082/3118/2462 3079/3115/2459 3081/3117/2461
f 3083/3119/2463 3084/3120/2464 3085/3121/2465
f 3084/3120/2464 3083/3119/2463 3086/3122/2466
f 3087/3123/2467 3088/3124/2468 3089/3125/2469
f 3088/3124/2468 3087/3123/2467 3090/3126/2470
f 3091/3127/2471 3092/3128/2472 3093/3129/2473
f 3094/3130/2474 3091/3127/2471 3093/3129/2473
f 3095/3131/2475 3096/3132/2476 3097/3133/2477
f 3096/3132/2476 3095/3131/2475 3098/3134/2478
f 3099/3135/2479 3100/3136/2480 3101/3137/2481
f 3100/3136/2480 3099/3135/2479 3102/3138/2482
f 3103/3139/2483 3104/3140/2484 3105/3141/2485
f 3103/3139/2483 3105/3141/2485 3106/3142/2486
f 3107/3143/2487 3108/3144/2488 3109/3145/2489
f 3108/3144/2488 3107/3143/2487 3110/3146/2490
f 3111/3147/2491 3112/3148/2492 3113/3149/2493
f 3113/3149/2493 3114/3150/2494 3111/3147/2491
f 3115/3151/2495 3116/3152/2496 3117/3153/2497
f 3116/3152/2496 3115/3151/2495 3118/3154/2498
f 3119/3155/2499 3120/3156/2500 3121/3157/2501
f 3120/3156/2500 3119/3155/2499 3122/3158/2502
f 3123/3159/2503 3124/3160/2504 3125/3161/2505
f 3124/3160/2504 3123/3159/2503 3126/3162/2506
f 3127/3163/2507 3128/3164/2508 3129/3165/2509
f 3128/3164/2508 3127/3163/2507 3130/3166/2510
f 3131/3167/2511 3132/3168/2512 3133/3169/2513
f 3132/3168/2512 3131/3167/2511 3134/3170/2514
f 3135/3171/2515 3136/3172/2516 3137/3173/2517
f 3136/3172/2516 3135/3171/2515 3138/3174/2518
f 3139/3175/2519 3140/3176/2520 3141/3177/2521
f 3139/3175/2519 3141/3177/2521 3142/3178/2522
f 3143/3179/2523 3144/3180/2524 3145/3181/2525
f 3144/3180/2524 3143/3179/2523 3146/3182/2526
f 3147/3183/2527 3148/3184/2528 3149/3185/2529
f 3148/3184/2528 3147/3183/2527 3150/3186/2530
f 3151/3187/2531 3152/3188/2532 3153/3189/2533
f 3153/3189/2533 3154/3190/2534 3151/3187/2531
f 3155/3191/2535 3156/3192/2536 3157/3193/2537
f 3156/3192/2536 3155/3191/2535 3158/3194/2538
f 3162/3195/2539 3163/3196/2540 3164/3197/2541
f 3163/3196/2540 3162/3195/2539 3165/3198/2542
f 3166/3199/2543 3167/3200/2544 3168/3201/2545
f 3169/3202/2546 3168/3201/2545 3167/3200/2544
f 3170/3203/2547 3171/3204/2548 3172/3205/2549
f 3171/3204/2548 3170/3203/2547 3173/3206/2550
f 3174/3207/2551 3175/3208/2552 3176/3209/2553
f 3177/3210/2554 3175/3208/2552 3174/3207/2551
f 3178/3211/2555 3179/3212/2556 3180/3213/2557
f 3181/3214/2558 3180/3213/2557 3179/3212/2556
f 3182/3215/2559 3183/3216/2560 3184/3217/2561
f 3185/3218/2562 3184/3217/2561 3183/3216/2560
f 3186/3219/2563 3187/3220/2564 3188/3221/2565
f 3189/3222/2566 3188/3221/2565 3187/3220/2564
f 3190/3223/2567 3191/3224/2568 3192/3225/2569
f 3193/3226/2570 3192/3225/2569 3191/3224/2568
f 3194/3227/2571 3195/3228/2572 3196/3229/2573
f 3194/3227/2571 3196/3229/2573 3197/3230/2574
f 3198/3231/2575 3199/3232/2576 3200/3233/2577
f 3199/3232/2576 3198/3231/2575 3201/3234/2578
f 3202/3235/2579 3203/3236/2580 3204/3237/2581
f 3203/3236/2580 3202/3235/2579 3205/3238/2582
f 3206/3239/2583 3207/3240/2584 3208/3241/2585
f 3207/3240/2584 3206/3239/2583 3209/3242/2586
f 3210/3243/2587 3211/3244/2588 3212/3245/2589
f 3211/3244/2588 3210/3243/2587 3213/3246/2590
f 3214/3247/2591 3215/3248/2592 3216/3249/2593
f 3217/3250/2594 3214/3247/2591 3216/3249/2593
f 3218/3251/2595 3219/3252/2596 3220/3253/2597
f 3221/3254/2598 3218/3251/2595 3220/3253/2597
f 3222/3255/2599 3223/3256/2600 3224/3257/2601
f 3223/3256/2600 3222/3255/2599 3225/3258/2602
f 3226/3259/2603 3227/3260/2604 3228/3261/2605
f 3227/3260/2604 3226/3259/2603 3229/3262/2606
f 3230/3263/2607 3231/3264/2608 3232/3265/2609
f 3231/3264/2608 3230/3263/2607 3233/3266/2610
f 3237/3267/2611 3238/3268/2612 3239/3269/2613
f 3238/3268/2612 3237/3267/2611 3240/3270/2614
f 3241/3271/2615 3242/3272/2616 3243/3273/2617
f 3242/3272/2616 3241/3271/2615 3244/3274/2618
f 3245/3275/2619 3246/3276/2620 3247/3277/2621
f 3246/3276/2620 3245/3275/2619 3248/3278/2622
f 3249/3279/2623 3250/3280/2624 3251/3281/2625
f 3249/3279/2623 3252/3282/2626 3250/3280/2624
f 3253/3283/2627 3254/3284/2628 3255/3285/2629
f 3254/3284/2628 3253/3283/2627 3256/3286/2630
f 3257/3287/2631 3258/3288/2632 3259/3289/2633
f 3258/3288/2632 3257/3287/2631 3260/3290/2634
f 3261/3291/2635 3262/3292/2636 3263/3293/2637
f 3262/3292/2636 3261/3291/2635 3264/3294/2638
f 3265/3295/2639 3266/3296/2640 3267/3297/2641
f 3265/3295/2639 3268/3298/2642 3266/3296/2640
f 3269/3299/2643 3270/3300/2644 3271/3301/2645
f 3270/3300/2644 3269/3299/2643 3272/3302/2646
f 3273/3303/2647 3274/3304/2648 3275/3305/2649
f 3274/3304/2648 3273/3303/2647 3276/3306/2650
f 3277/3307/2651 3278/3308/2652 3279/3309/2653
f 3278/3308/2652 3277/3307/2651 3280/3310/2654
f 3281/3311/2655 3278/3308/2652 3280/3310/2654
f 3282/3312/2656 3283/3313/2657 3284/3314/2658
f 3283/3313/2657 3282/3312/2656 3285/3315/2659
f 3286/3316/2660 3287/3317/2661 3288/3318/2662
f 3287/3317/2661 3286/3316/2660 3289/3319/2663
f 3290/3320/2664 3291/3321/2665 3292/3322/2666
f 3291/3321/2665 3290/3320/2664 3293/3323/2667
f 3294/3324/2668 3295/3325/2669 3296/3326/2670
f 3295/3325/2669 3294/3324/2668 3297/3327/2671
f 3298/3328/2672 3299/3329/2673 3300/3330/2674
f 3299/3329/2673 3298/3328/2672 3301/3331/2675
f 3314/3332/2676 3315/3333/2677 3316/3334/2678
f 3315/3333/2677 3314/3332/2676 3317/3335/2679
f 3330/3336/2680 3331/3337/2681 3332/3338/2682
f 3331/3337/2681 3330/3336/2680 3333/3339/2683
f 3334/3340/2684 3335/3341/2685 3336/3342/2686
f 3336/3342/2686 3337/3343/2687 3334/3340/2684
f 3338/3344/2688 3339/3345/2689 3340/3346/2690
f 3339/3345/2689 3338/3344/2688 3341/3347/2691
f 3342/3348/2692 3343/3349/2693 3344/3350/2694
f 3343/3349/2693 3342/3348/2692 3345/3351/2695
f 3346/3352/2696 3347/3353/2697 3348/3354/2698
f 3347/3353/2697 3346/3352/2696 3349/3355/2699
f 3350/3356/2700 3351/3357/2701 3352/3358/2702
f 3351/3357/2701 3350/3356/2700 3353/3359/2703
f 3354/3360/2704 3355/3361/2705 3356/3362/2706
f 3354/3360/2704 3356/3362/2706 3357/3363/2707
f 3358/3364/2708 3359/3365/2709 3360/3366/2710
f 3359/3365/2709 3358/3364/2708 3361/3367/2711
f 3362/3368/2712 3363/3369/2713 3364/3370/2714
f 3363/3369/2713 3362/3368/2712 3365/3371/2715
f 3366/3372/2716 3367/3373/2717 3368/3374/2718
f 3366/3372/2716 3369/3375/2719 3367/3373/2717
f 3370/3376/2720 3371/3377/2721 3372/3378/2722
f 3371/3377/2721 3370/3376/2720 3373/3379/2723
f 3374/3380/2724 3375/3381/2725 3376/3382/2726
f 3375/3381/2725 3374/3380/2724 3377/3383/2727
f 3378/3384/2728 3379/3385/2729 3380/3386/2730
f 3379/3385/2729 3378/3384/2728 3381/3387/2731
f 3382/3388/2732 3383/3389/2733 3384/3390/2734
f 3383/3389/2733 3382/3388/2732 3385/3391/2735
f 3386/3392/2736 3387/3393/2737 3388/3394/2738
f 3387/3393/2737 3386/3392/2736 3389/3395/2739
f 3390/3396/2740 3391/3397/2741 3392/3398/2742
f 3391/3397/2741 3390/3396/2740 3393/3399/2743
f 3394/3400/2744 3395/3401/2745 3396/3402/2746
f 3395/3401/2745 3394/3400/2744 3397/3403/2747
f 3398/3404/2748 3399/3405/2749 3400/3406/2750
f 3399/3405/2749 3398/3404/2748 3401/3407/2751
f 3402/3408/2752 3403/3409/2753 3404/3410/2754
f 3405/3411/2755 3404/3410/2754 3403/3409/2753
f 3406/3412/2756 3407/3413/2757 3408/3414/2758
f 3407/3413/2757 3406/3412/2756 3409/3415/2759
f 3410/3416/2760 3411/3417/2761 3412/3418/2762
f 3411/3417/2761 3410/3416/2760 3413/3419/2763
f 3417/3420/2764 3418/3421/2765 3419/3422/2766
f 3418/3421/2765 3417/3420/2764 3420/3423/2767
f 3421/3424/2768 3422/3425/2769 3423/3426/2770
f 3422/3425/2769 3421/3424/2768 3424/3427/2771
f 3425/3428/2772 3426/3429/2773 3427/3430/2774
f 3426/3429/2773 3425/3428/2772 3428/3431/2775
f 3427/3430/2774 3426/3429/2773 3429/3432/2776
f 3430/3433/2777 3431/3434/2778 3432/3435/2779
f 3431/3434/2778 3430/3433/2777 3433/3436/2780
f 3434/3437/2781 3435/3438/2782 3436/3439/2783
f 3435/3438/2782 3434/3437/2781 3437/3440/2784
f 3438/3441/2785 3439/3442/2786 3440/3443/2787
f 3441/3444/2788 3440/3443/2787 3439/3442/2786
f 3442/3445/2789 3443/3446/2790 3444/3447/2791
f 3445/3448/2792 3442/3445/2789 3444/3447/2791
f 3446/3449/2793 3447/3450/2794 3448/3451/2795
f 3447/3450/2794 3446/3449/2793 3449/3452/2796
f 3450/3453/2797 3451/3454/2798 3452/3455/2799
f 3451/3454/2798 3450/3453/2797 3453/3456/2800
f 3454/3457/2801 3455/3458/2802 3456/3459/2803
f 3455/3458/2802 3454/3457/2801 3457/3460/2804
f 3458/3461/2805 3459/3462/2806 3460/3463/2807
f 3459/3462/2806 3458/3461/2805 3461/3464/2808
f 3462/3465/2809 3463/3466/2810 3464/3467/2811
f 3463/3466/2810 3462/3465/2809 3465/3468/2812
f 3466/3469/2813 3467/3470/2814 3468/3471/2815
f 3469/3472/2816 3467/3470/2814 3466/3469/2813
f 3470/3473/2817 3471/3474/2818 3472/3475/2819
f 3471/3474/2818 3470/3473/2817 3473/3476/2820
f 3474/3477/2821 3475/3478/2821 3476/3479/2822
f 3475/3478/2821 3474/3477/2821 3477/3480/2823
f 3478/3481/2824 3479/3482/2825 3480/3483/2826
f 3479/3482/2825 3478/3481/2824 3481/3484/2827
f 3482/3485/2828 3483/3486/2829 3484/3487/2830
f 3483/3486/2829 3482/3485/2828 3485/3488/2831
f 3486/3489/2832 3487/3490/2833 3488/3491/2834
f 3487/3490/2833 3486/3489/2832 3489/3492/2835
f 3490/3493/2836 3491/3494/2837 3492/3495/2838
f 3491/3494/2837 3490/3493/2836 3493/3496/2839
f 3494/3497/2840 3495/3498/2841 3496/3499/2842
f 3495/3498/2841 3494/3497/2840 3497/3500/2843
f 3498/3501/2844 3499/3502/2845 3500/3503/2846
f 3499/3502/2845 3498/3501/2844 3501/3504/2847
f 3502/3505/2848 3503/3506/2849 3504/3507/2850
f 3503/3506/2849 3502/3505/2848 3505/3508/2851
f 3506/3509/2852 3507/3510/2853 3508/3511/2854
f 3507/3510/2853 3506/3509/2852 3509/3512/2855
f 3510/3513/2856 3511/3514/2857 3512/3515/2858
f 3511/3514/2857 3510/3513/2856 3513/3516/2859
f 3514/3517/2860 3515/3518/2861 3516/3519/2862
f 3515/3518/2861 3514/3517/2860 3517/3520/2863
f 3521/3521/2864 3522/3522/2865 3523/3523/2866
f 3522/3522/2865 3521/3521/2864 3524/3524/2867
usemtl LightBrown
s off
f 3549/3525/2868 3550/3526/2868 3551/3527/2868
f 3556/3528/2869 3557/3529/2869 3558/3530/2869
f 3557/3529/2870 3556/3528/2870 3559/3531/2870
f 3564/3532/2871 3565/3533/2871 3566/3534/2871
f 3565/3533/2872 3564/3532/2872 3567/3535/2872
f 3572/3536/2873 3573/3537/2873 3574/3538/2873
f 3573/3537/2874 3572/3536/2874 3575/3539/2874
f 3576/3540/2875 3577/3541/2875 3578/3542/2875
f 3577/3541/2876 3576/3540/2876 3579/3543/2876
f 3580/3544/2877 3581/3545/2877 3582/3546/2877
f 3581/3545/2878 3580/3544/2878 3583/3547/2878
f 3587/3548/2879 3586/3549/2879 3585/3550/2879
f 3820/3551/2880 3821/3552/2880 3822/3553/2880
f 3895/3554/2881 3896/3555/2881 3897/3556/2881
f 3934/3557/2882 3935/3558/2882 3936/3559/2882
f 3997/3560/2883 3998/3561/2883 3999/3562/2883
f 3998/3561/2884 3997/3560/2884 4000/3563/2884
f 4045/3564/2885 4046/3565/2885 4047/3566/2885
f 4052/3567/2886 4053/3568/2886 4054/3569/2886
f 4053/3568/2887 4052/3567/2887 4055/3570/2887
f 4060/3571/2888 4061/3572/2888 4062/3573/2888
f 4061/3572/2889 4060/3571/2889 4063/3574/2889
f 4068/3575/2890 4069/3576/2890 4070/3577/2890
f 4069/3576/2891 4068/3575/2891 4071/3578/2891
f 4072/3579/2892 4073/3580/2892 4074/3581/2892
f 4073/3580/2893 4072/3579/2893 4075/3582/2893
f 4076/3583/2894 4077/3584/2894 4078/3585/2894
f 4077/3584/2895 4076/3583/2895 4079/3586/2895
f 4080/3587/2896 4081/3588/2896 4082/3589/2896
f 4316/3590/2897 4317/3591/2897 4318/3592/2897
f 4391/3593/2898 4392/3594/2898 4393/3595/2898
f 4493/3596/2899 4494/3597/2899 4495/3598/2899
f 4494/3597/2900 4493/3596/2900 4496/3599/2900
s 1
f 3525/3600/2901 3526/3601/2902 3527/3602/2903
f 3526/3601/2902 3525/3600/2901 3528/3603/2904
f 3529/3604/2905 3530/3605/2906 3531/3606/2907
f 3530/3605/2906 3529/3604/2905 3532/3607/2908
f 3533/3608/2909 3534/3609/2910 3535/3610/2911
f 3536/3611/2912 3533/3608/2909 3535/3610/2911
f 3537/3612/2913 3538/3613/2914 3539/3614/2915
f 3540/3615/2916 3537/3612/2913 3539/3614/2915
f 3541/3616/2917 3542/3617/2918 3543/3618/2919
f 3544/3619/2920 3541/3616/2917 3543/3618/2919
f 3545/3620/2921 3546/3621/2922 3547/3622/2923
f 3545/3620/2921 3547/3622/2923 3548/3623/2924
f 3552/3624/2925 3553/3625/2926 3554/3626/2927
f 3554/3626/2927 3555/3627/2928 3552/3624/2925
f 3560/3628/2929 3561/3629/2930 3562/3630/2931
f 3561/3629/2930 3560/3628/2929 3563/3631/2932
f 3568/3632/2933 3569/3633/2934 3570/3634/2935
f 3569/3633/2934 3568/3632/2933 3571/3635/2936
f 3584/3636/2937 3585/3550/2937 3586/3549/2937
f 3588/3637/2938 3589/3638/2939 3590/3639/2940
f 3591/3640/2941 3589/3638/2939 3588/3637/2938
f 3592/3641/2942 3593/3642/2943 3594/3643/2944
f 3593/3642/2943 3592/3641/2942 3595/3644/2945
f 3596/3645/2946 3597/3646/2947 3598/3647/2948
f 3597/3646/2947 3596/3645/2946 3599/3648/2949
f 3600/3649/2950 3601/3650/2951 3602/3651/2952
f 3603/3652/2953 3601/3650/2951 3600/3649/2950
f 3604/3653/2954 3605/3654/2955 3606/3655/2956
f 3605/3654/2955 3604/3653/2954 3607/3656/2957
f 3608/3657/2958 3609/3658/2959 3610/3659/2960
f 3611/3660/2961 3609/3658/2959 3608/3657/2958
f 3612/3661/2962 3613/3662/2963 3614/3663/2964
f 3613/3662/2963 3612/3661/2962 3615/3664/2965
f 3616/3665/2966 3617/3666/2967 3618/3667/2968
f 3617/3666/2967 3616/3665/2966 3619/3668/2969
f 3620/3669/2970 3621/3670/2971 3622/3671/2972
f 3623/3672/2973 3620/3669/2970 3622/3671/2972
f 3624/3673/2974 3625/3674/2975 3626/3675/2976
f 3627/3676/2977 3625/3674/2975 3624/3673/2974
f 3628/3677/2978 3629/3678/2979 3630/3679/2980
f 3629/3678/2979 3628/3677/2978 3631/3680/2981
f 3632/3681/2982 3633/3682/2983 3634/3683/2984
f 3633/3682/2983 3632/3681/2982 3635/3684/2985
f 3636/3685/2986 3637/3686/2987 3638/3687/2988
f 3639/3688/2989 3638/3687/2988 3637/3686/2987
f 3640/3689/2990 3641/3690/2991 3642/3691/2992
f 3641/3690/2991 3640/3689/2990 3643/3692/2993
f 3644/3693/2994 3645/3694/2995 3646/3695/2996
f 3647/3696/2997 3644/3693/2994 3646/3695/2996
f 3648/3697/2998 3649/3698/2999 3650/3699/3000
f 3649/3698/2999 3648/3697/2998 3651/3700/3001
f 3652/3701/3002 3653/3702/3003 3654/3703/3004
f 3653/3702/3003 3652/3701/3002 3655/3704/3005
f 3656/3705/3006 3657/3706/3007 3658/3707/3008
f 3657/3706/3007 3656/3705/3006 3659/3708/3009
f 3660/3709/3010 3661/3710/3011 3662/3711/3012
f 3661/3710/3011 3660/3709/3010 3663/3712/3013
f 3664/3713/3014 3665/3714/3015 3666/3715/3016
f 3666/3715/3016 3667/3716/3017 3664/3713/3014
f 3668/3717/3018 3669/3718/3019 3670/3719/3020
f 3669/3718/3019 3668/3717/3018 3671/3720/3021
f 3672/3721/3022 3673/3722/3023 3674/3723/3024
f 3675/3724/3025 3673/3722/3023 3672/3721/3022
f 3676/3725/3026 3677/3726/3027 3678/3727/3028
f 3677/3726/3027 3676/3725/3026 3679/3728/3029
f 3680/3729/3030 3681/3730/3031 3682/3731/3032
f 3681/3730/3031 3680/3729/3030 3683/3732/3033
f 3684/3733/3034 3685/3734/3035 3686/3735/3036
f 3684/3733/3034 3687/3736/3037 3685/3734/3035
f 3688/3737/3038 3689/3738/3039 3690/3739/3040
f 3689/3738/3039 3688/3737/3038 3691/3740/3041
f 3692/3741/3042 3693/3742/3043 3694/3743/3044
f 3694/3743/3044 3695/3744/3045 3692/3741/3042
f 3696/3745/3046 3697/3746/3047 3698/3747/3048
f 3697/3746/3047 3696/3745/3046 3699/3748/3049
f 3700/3749/3050 3701/3750/3051 3702/3751/3052
f 3701/3750/3051 3700/3749/3050 3703/3752/3053
f 3704/3753/3054 3705/3754/3055 3706/3755/3056
f 3706/3755/3056 3707/3756/3057 3704/3753/3054
f 3708/3757/3058 3709/3758/3059 3710/3759/3060
f 3709/3758/3059 3708/3757/3058 3711/3760/3061
f 3712/3761/3062 3713/3762/3063 3714/3763/3064
f 3713/3762/3063 3712/3761/3062 3715/3764/3065
f 3716/3765/3066 3717/3766/3067 3718/3767/3068
f 3719/3768/3069 3716/3765/3066 3718/3767/3068
f 3720/3769/3070 3721/3770/3071 3722/3771/3072
f 3721/3770/3071 3720/3769/3070 3723/3772/3073
f 3724/3773/3074 3725/3774/3075 3726/3775/3076
f 3725/3774/3075 3724/3773/3074 3727/3776/3077
f 3728/3777/3078 3729/3778/3079 3730/3779/3080
f 3729/3778/3079 3728/3777/3078 3731/3780/3081
f 3732/3781/3082 3733/3782/3083 3734/3783/3084
f 3732/3781/3082 3735/3784/3085 3733/3782/3083
f 3736/3785/3086 3737/3786/3087 3738/3787/3088
f 3739/3788/3089 3737/3786/3087 3736/3785/3086
f 3740/3789/3090 3741/3790/3091 3742/3791/3092
f 3743/3792/3093 3741/3790/3091 3740/3789/3090
f 3744/3793/3094 3745/3794/3095 3746/3795/3096
f 3745/3794/3095 3744/3793/3094 3747/3796/3097
f 3748/3797/3098 3749/3798/3099 3750/3799/3100
f 3749/3798/3099 3748/3797/3098 3751/3800/3101
f 3752/3801/3102 3753/3802/3103 3754/3803/3104
f 3755/3804/3105 3753/3802/3103 3752/3801/3102
f 3756/3805/3106 3757/3806/3107 3758/3807/3108
f 3756/3805/3106 3758/3807/3108 3759/3808/3109
f 3760/3809/3110 3761/3810/3111 3762/3811/3112
f 3761/3810/3111 3760/3809/3110 3763/3812/3113
f 3764/3813/3114 3765/3814/3115 3766/3815/3116
f 3767/3816/3117 3765/3814/3115 3764/3813/3114
f 3768/3817/3118 3769/3818/3119 3770/3819/3120
f 3769/3818/3119 3768/3817/3118 3771/3820/3121
f 3772/3821/3122 3773/3822/3123 3774/3823/3124
f 3772/3821/3122 3775/3824/3125 3773/3822/3123
f 3776/3825/3126 3777/3826/3127 3778/3827/3128
f 3776/3825/3126 3779/3828/3129 3777/3826/3127
f 3780/3829/3130 3781/3830/3131 3782/3831/3132
f 3781/3830/3131 3780/3829/3130 3783/3832/3133
f 3784/3833/3134 3785/3834/3135 3786/3835/3136
f 3786/3835/3136 3787/3836/3137 3784/3833/3134
f 3788/3837/3138 3789/3838/3139 3790/3839/3140
f 3789/3838/3139 3788/3837/3138 3791/3840/3141
f 3792/3841/3142 3793/3842/3143 3794/3843/3144
f 3793/3842/3143 3792/3841/3142 3795/3844/3145
f 3796/3845/3146 3797/3846/3147 3798/3847/3148
f 3797/3846/3147 3796/3845/3146 3799/3848/3149
f 3800/3849/3150 3801/3850/3151 3802/3851/3152
f 3802/3851/3152 3801/3850/3151 3803/3852/3153
f 3804/3853/3154 3805/3854/3155 3806/3855/3156
f 3805/3854/3155 3804/3853/3154 3807/3856/3157
f 3808/3857/3158 3809/3858/3159 3810/3859/3160
f 3811/3860/3161 3808/3857/3158 3810/3859/3160
f 3812/3861/3162 3813/3862/3163 3814/3863/3164
f 3813/3862/3163 3812/3861/3162 3815/3864/3165
f 3816/3865/3166 3817/3866/3167 3818/3867/3168
f 3817/3866/3167 3816/3865/3166 3819/3868/3169
f 3823/3869/3170 3824/3870/3171 3825/3871/3172
f 3824/3870/3171 3823/3869/3170 3826/3872/3173
f 3827/3873/3174 3828/3874/3175 3829/3875/3176
f 3828/3874/3175 3827/3873/3174 3830/3876/3177
f 3831/3877/3178 3832/3878/3179 3833/3879/3180
f 3832/3878/3179 3831/3877/3178 3834/3880/3181
f 3835/3881/3182 3836/3882/3183 3837/3883/3184
f 3836/3882/3183 3835/3881/3182 3838/3884/3185
f 3839/3885/3186 3840/3886/3187 3841/3887/3188
f 3841/3887/3188 3842/3888/3189 3839/3885/3186
f 3843/3889/3190 3844/3890/3191 3845/3891/3192
f 3844/3890/3191 3843/3889/3190 3846/3892/3193
f 3847/3893/3194 3848/3894/3195 3849/3895/3196
f 3848/3894/3195 3847/3893/3194 3850/3896/3197
f 3851/3897/3198 3852/3898/3199 3853/3899/3200
f 3852/3898/3199 3851/3897/3198 3854/3900/3201
f 3855/3901/3202 3856/3902/3203 3857/3903/3204
f 3856/3902/3203 3855/3901/3202 3858/3904/3205
f 3859/3905/3206 3860/3906/3207 3861/3907/3208
f 3860/3906/3207 3859/3905/3206 3862/3908/3209
f 3863/3909/3210 3864/3910/3211 3865/3911/3212
f 3864/3910/3211 3863/3909/3210 3866/3912/3213
f 3867/3913/3214 3868/3914/3215 3869/3915/3216
f 3868/3914/3215 3867/3913/3214 3870/3916/3217
f 3871/3917/3218 3872/3918/3219 3873/3919/3220
f 3872/3918/3219 3871/3917/3218 3874/3920/3221
f 3875/3921/3222 3876/3922/3223 3877/3923/3223
f 3878/3924/3224 3877/3923/3223 3876/3922/3223
f 3879/3925/3225 3880/3926/3226 3881/3927/3227
f 3882/3928/3228 3881/3927/3227 3880/3926/3226
f 3883/3929/3229 3884/3930/3230 3885/3931/3231
f 3884/3930/3230 3883/3929/3229 3886/3932/3232
f 3887/3933/3233 3888/3934/3234 3889/3935/3235
f 3888/3934/3234 3887/3933/3233 3890/3936/3236
f 3891/3937/3237 3892/3938/3238 3893/3939/3239
f 3894/3940/3238 3891/3937/3237 3893/3939/3239
f 3898/3941/3240 3899/3942/3241 3900/3943/3242
f 3899/3942/3241 3898/3941/3240 3901/3944/3243
f 3902/3945/3244 3903/3946/3245 3904/3947/3246
f 3903/3946/3245 3902/3945/3244 3905/3948/3247
f 3906/3949/3248 3907/3950/3249 3908/3951/3250
f 3907/3950/3249 3906/3949/3248 3909/3952/3251
f 3910/3953/3252 3911/3954/3253 3912/3955/3254
f 3911/3954/3253 3910/3953/3252 3913/3956/3255
f 3914/3957/3256 3915/3958/3257 3916/3959/3258
f 3917/3960/3259 3914/3957/3256 3916/3959/3258
f 3918/3961/3260 3919/3962/3261 3920/3963/3262
f 3921/3964/3263 3918/3961/3260 3920/3963/3262
f 3922/3965/3264 3923/3966/3265 3924/3967/3266
f 3925/3968/3267 3922/3965/3264 3924/3967/3266
f 3926/3969/3268 3927/3970/3269 3928/3971/3270
f 3929/3972/3271 3926/3969/3268 3928/3971/3270
f 3930/3973/3272 3931/3974/3273 3932/3975/3274
f 3933/3976/3275 3930/3973/3272 3932/3975/3274
f 3937/3977/3276 3938/3978/3277 3939/3979/3278
f 3938/3978/3277 3937/3977/3276 3940/3980/3279
f 3941/3981/3280 3942/3982/3281 3943/3983/3282
f 3944/3984/3283 3941/3981/3280 3943/3983/3282
f 3945/3985/3284 3946/3986/3285 3947/3987/3286
f 3946/3986/3285 3945/3985/3284 3948/3988/3287
f 3949/3989/3288 3950/3990/3289 3951/3991/3290
f 3950/3990/3289 3949/3989/3288 3952/3992/3291
f 3953/3993/3292 3954/3994/3293 3955/3995/3294
f 3954/3994/3293 3953/3993/3292 3956/3996/3295
f 3957/3997/3296 3958/3998/3297 3959/3999/3298
f 3958/3998/3297 3957/3997/3296 3960/4000/3299
f 3961/4001/3300 3962/4002/3301 3963/4003/3302
f 3961/4001/3300 3963/4003/3302 3964/4004/3303
f 3965/4005/3304 3966/4006/3305 3967/4007/3306
f 3966/4006/3305 3965/4005/3304 3968/4008/3307
f 3969/4009/3308 3970/4010/3309 3971/4011/3310
f 3970/4010/3309 3969/4009/3308 3972/4012/3311
f 3973/4013/3312 3974/4014/3313 3975/4015/3314
f 3975/4015/3314 3976/4016/3315 3973/4013/3312
f 3977/4017/3316 3978/4018/3317 3979/4019/3318
f 3978/4018/3317 3977/4017/3316 3980/4020/3319
f 3981/4021/3320 3982/4022/3321 3983/4023/3322
f 3982/4022/3321 3981/4021/3320 3984/4024/3323
f 3985/4025/3324 3986/4026/3325 3987/4027/3326
f 3988/4028/3327 3986/4026/3325 3985/4025/3324
f 3989/4029/3328 3990/4030/3329 3991/4031/3330
f 3989/4029/3328 3992/4032/3331 3990/4030/3329
f 3993/4033/3332 3994/4034/3333 3995/4035/3334
f 3994/4034/3333 3993/4033/3332 3996/4036/3335
f 4001/4037/3336 4002/4038/3337 4003/4039/3338
f 4002/4038/3337 4001/4037/3336 4004/4040/3339
f 4005/4041/3340 4006/4042/3341 4007/4043/3342
f 4006/4042/3341 4005/4041/3340 4008/4044/3343
f 4009/4045/3344 4010/4046/3345 4011/4047/3346
f 4009/4045/3344 4012/4048/3347 4010/4046/3345
f 4013/4049/3348 4014/4050/3349 4015/4051/3350
f 4014/4050/3349 4013/4049/3348 4016/4052/3351
f 4017/4053/3352 4018/4054/3353 4019/4055/3354
f 4018/4054/3353 4017/4053/3352 4020/4056/3355
f 4021/4057/3356 4022/4058/3357 4023/4059/3358
f 4022/4058/3357 4021/4057/3356 4024/4060/3359
f 4025/4061/3360 4026/4062/3361 4027/4063/3362
f 4028/4064/3363 4025/4061/3360 4027/4063/3362
f 4029/4065/3364 4030/4066/3365 4031/4067/3366
f 4030/4066/3365 4029/4065/3364 4032/4068/3367
f 4033/4069/3368 4034/4070/3369 4035/4071/3370
f 4034/4070/3369 4033/4069/3368 4036/4072/3371
f 4037/4073/3372 4038/4074/3373 4039/4075/3374
f 4040/4076/3375 4038/4074/3373 4037/4073/3372
f 4041/4077/3376 4042/4078/3377 4043/4079/3378
f 4044/4080/3379 4041/4077/3376 4043/4079/3378
f 4048/4081/3380 4049/4082/3381 4050/4083/3382
f 4051/4084/3383 4049/4082/3381 4048/4081/3380
f 4056/4085/3384 4057/4086/3385 4058/4087/3386
f 4058/4087/3386 4059/4088/3387 4056/4085/3384
f 4064/4089/3388 4065/4090/3389 4066/4091/3390
f 4065/4090/3389 4064/4089/3388 4067/4092/3391
f 4080/3587/3392 4083/4093/3392 4081/3588/3392
f 4084/4094/3393 4085/4095/3394 4086/4096/3395
f 4087/4097/3396 4084/4094/3393 4086/4096/3395
f 4088/4098/3397 4089/4099/3398 4090/4100/3399
f 4089/4099/3398 4088/4098/3397 4091/4101/3400
f 4092/4102/3401 4093/4103/3402 4094/4104/3403
f 4093/4103/3402 4092/4102/3401 4095/4105/3404
f 4096/4106/3405 4097/4107/3406 4098/4108/3407
f 4098/4108/3407 4099/4109/3408 4096/4106/3405
f 4100/4110/3409 4101/4111/3410 4102/4112/3411
f 4101/4111/3410 4100/4110/3409 4103/4113/3412
f 4104/4114/3413 4105/4115/3414 4106/4116/3415
f 4107/4117/3416 4104/4114/3413 4106/4116/3415
f 4108/4118/3417 4109/4119/3418 4110/4120/3419
f 4109/4119/3418 4108/4118/3417 4111/4121/3420
f 4112/4122/3421 4113/4123/3422 4114/4124/3423
f 4114/4124/3423 4115/4125/3424 4112/4122/3421
f 4116/4126/3425 4117/4127/3426 4118/4128/3427
f 4119/4129/3428 4117/4127/3426 4116/4126/3425
f 4120/4130/3429 4121/4131/3430 4122/4132/3431
f 4122/4132/3431 4123/4133/3432 4120/4130/3429
f 4124/4134/3433 4125/4135/3434 4126/4136/3435
f 4125/4135/3434 4124/4134/3433 4127/4137/3436
f 4128/4138/3437 4129/4139/3438 4130/4140/3439
f 4129/4139/3438 4128/4138/3437 4131/4141/3440
f 4132/4142/3441 4133/4143/3442 4134/4144/3443
f 4133/4143/3442 4132/4142/3441 4135/4145/3444
f 4136/4146/3445 4137/4147/3446 4138/4148/3447
f 4137/4147/3446 4136/4146/3445 4139/4149/3448
f 4140/4150/3449 4141/4151/3450 4142/4152/3451
f 4140/4150/3449 4142/4152/3451 4143/4153/3452
f 4144/4154/3453 4145/4155/3454 4146/4156/3455
f 4145/4155/3454 4144/4154/3453 4147/4157/3456
f 4148/4158/3457 4149/4159/3458 4150/4160/3459
f 4149/4159/3458 4148/4158/3457 4151/4161/3460
f 4152/4162/3461 4153/4163/3462 4154/4164/3463
f 4153/4163/3462 4152/4162/3461 4155/4165/3464
f 4156/4166/3465 4157/4167/3466 4158/4168/3467
f 4157/4167/3466 4156/4166/3465 4159/4169/3468
f 4160/4170/3469 4161/4171/3470 4162/4172/3471
f 4161/4171/3470 4160/4170/3469 4163/4173/3472
f 4164/4174/3473 4165/4175/3474 4166/4176/3475
f 4167/4177/3476 4164/4174/3473 4166/4176/3475
f 4168/4178/3477 4169/4179/3478 4170/4180/3479
f 4169/4179/3478 4168/4178/3477 4171/4181/3480
f 4172/4182/3481 4173/4183/3482 4174/4184/3483
f 4173/4183/3482 4172/4182/3481 4175/4185/3484
f 4176/4186/3485 4177/4187/3486 4178/4188/3487
f 4177/4187/3486 4176/4186/3485 4179/4189/3488
f 4180/4190/3489 4181/4191/3490 4182/4192/3491
f 4181/4191/3490 4180/4190/3489 4183/4193/3492
f 4184/4194/3493 4185/4195/3494 4186/4196/3495
f 4185/4195/3494 4184/4194/3493 4187/4197/3496
f 4188/4198/3497 4189/4199/3498 4190/4200/3499
f 4189/4199/3498 4188/4198/3497 4191/4201/3500
f 4192/4202/3501 4193/4203/3502 4194/4204/3503
f 4193/4203/3502 4192/4202/3501 4195/4205/3504
f 4196/4206/3505 4197/4207/3506 4198/4208/3507
f 4197/4207/3506 4196/4206/3505 4199/4209/3508
f 4200/4210/3509 4201/4211/3510 4202/4212/3511
f 4201/4211/3510 4200/4210/3509 4203/4213/3512
f 4204/4214/3513 4205/4215/3514 4206/4216/3515
f 4205/4215/3514 4204/4214/3513 4207/4217/3516
f 4208/4218/3517 4209/4219/3518 4210/4220/3519
f 4209/4219/3518 4208/4218/3517 4211/4221/3520
f 4212/4222/3521 4213/4223/3522 4214/4224/3523
f 4215/4225/3524 4213/4223/3522 4212/4222/3521
f 4216/4226/3525 4217/4227/3526 4218/4228/3527
f 4217/4227/3526 4216/4226/3525 4219/4229/3528
f 4220/4230/3529 4221/4231/3530 4222/4232/3531
f 4221/4231/3530 4220/4230/3529 4223/4233/3532
f 4224/4234/3533 4225/4235/3534 4226/4236/3535
f 4225/4235/3534 4224/4234/3533 4227/4237/3536
f 4228/4238/3537 4229/4239/3538 4230/4240/3539
f 4229/4239/3538 4228/4238/3537 4231/4241/3540
f 4232/4242/3541 4233/4243/3542 4234/4244/3543
f 4232/4242/3541 4235/4245/3544 4233/4243/3542
f 4236/4246/3545 4237/4247/3546 4238/4248/3547
f 4238/4248/3547 4239/4249/3548 4236/4246/3545
f 4240/4250/3549 4241/4251/3550 4242/4252/3551
f 4241/4251/3550 4240/4250/3549 4243/4253/3552
f 4244/4254/3553 4245/4255/3554 4246/4256/3555
f 4245/4255/3554 4244/4254/3553 4247/4257/3556
f 4248/4258/3557 4249/4259/3558 4250/4260/3559
f 4251/4261/3560 4248/4258/3557 4250/4260/3559
f 4252/4262/3561 4253/4263/3562 4254/4264/3563
f 4253/4263/3562 4252/4262/3561 4255/4265/3564
f 4256/4266/3565 4257/4267/3566 4258/4268/3567
f 4257/4267/3566 4256/4266/3565 4259/4269/3568
f 4260/4270/3569 4261/4271/3570 4262/4272/3571
f 4260/4270/3569 4263/4273/3572 4261/4271/3570
f 4264/4274/3573 4265/4275/3574 4266/4276/3575
f 4265/4275/3574 4264/4274/3573 4267/4277/3576
f 4268/4278/3577 4269/4279/3578 4270/4280/3579
f 4271/4281/3580 4269/4279/3578 4268/4278/3577
f 4272/4282/3581 4273/4283/3582 4274/4284/3583
f 4275/4285/3584 4272/4282/3581 4274/4284/3583
f 4276/4286/3585 4277/4287/3586 4278/4288/3587
f 4277/4287/3586 4276/4286/3585 4279/4289/3588
f 4280/4290/3589 4281/4291/3590 4282/4292/3591
f 4283/4293/3592 4281/4291/3590 4280/4290/3589
f 4284/4294/3593 4285/4295/3594 4286/4296/3595
f 4285/4295/3594 4284/4294/3593 4287/4297/3596
f 4288/4298/3597 4289/4299/3598 4290/4300/3599
f 4289/4299/3598 4288/4298/3597 4291/4301/3600
f 4292/4302/3601 4293/4303/3602 4294/4304/3603
f 4293/4303/3602 4292/4302/3601 4295/4305/3604
f 4296/4306/3605 4297/4307/3606 4298/4308/3607
f 4296/4306/3605 4299/4309/3608 4297/4307/3606
f 4300/4310/3609 4301/4311/3610 4302/4312/3611
f 4301/4311/3610 4300/4310/3609 4303/4313/3612
f 4304/4314/3613 4305/4315/3614 4306/4316/3615
f 4307/4317/3616 4305/4315/3614 4304/4314/3613
f 4308/4318/3617 4309/4319/3618 4310/4320/3619
f 4309/4319/3618 4308/4318/3617 4311/4321/3620
f 4312/4322/3621 4313/4323/3622 4314/4324/3623
f 4313/4323/3622 4312/4322/3621 4315/4325/3624
f 4319/4326/3625 4320/4327/3626 4321/4328/3627
f 4320/4327/3626 4319/4326/3625 4322/4329/3628
f 4323/4330/3629 4324/4331/3630 4325/4332/3631
f 4324/4331/3630 4323/4330/3629 4326/4333/3632
f 4327/4334/3633 4328/4335/3634 4329/4336/3635
f 4328/4335/3634 4327/4334/3633 4330/4337/3636
f 4331/4338/3637 4332/4339/3638 4333/4340/3639
f 4332/4339/3638 4331/4338/3637 4334/4341/3640
f 4335/4342/3641 4336/4343/3642 4337/4344/3643
f 4336/4343/3642 4335/4342/3641 4338/4345/3644
f 4339/4346/3645 4340/4347/3646 4341/4348/3647
f 4340/4347/3646 4339/4346/3645 4342/4349/3648
f 4343/4350/3649 4344/4351/3650 4345/4352/3651
f 4344/4351/3650 4343/4350/3649 4346/4353/3652
f 4347/4354/3653 4348/4355/3654 4349/4356/3655
f 4348/4355/3654 4347/4354/3653 4350/4357/3656
f 4351/4358/3657 4352/4359/3658 4353/4360/3659
f 4352/4359/3658 4351/4358/3657 4354/4361/3660
f 4355/4362/3661 4356/4363/3662 4357/4364/3663
f 4357/4364/3663 4358/4365/3664 4355/4362/3661
f 4359/4366/3665 4360/4367/3666 4361/4368/3667
f 4360/4367/3666 4359/4366/3665 4362/4369/3668
f 4363/4370/3669 4364/4371/3670 4365/4372/3671
f 4364/4371/3670 4363/4370/3669 4366/4373/3672
f 4367/4374/3673 4368/4375/3674 4369/4376/3675
f 4368/4375/3674 4367/4374/3673 4370/4377/3676
f 4371/4378/3677 4372/4379/3677 4373/4380/3678
f 4371/4378/3677 4374/4381/3679 4372/4379/3677
f 4375/4382/3680 4376/4383/3681 4377/4384/3682
f 4375/4382/3680 4378/4385/3683 4376/4383/3681
f 4379/4386/3684 4380/4387/3685 4381/4388/3686
f 4379/4386/3684 4382/4389/3687 4380/4387/3685
f 4383/4390/3688 4384/4391/3689 4385/4392/3690
f 4384/4391/3689 4383/4390/3688 4386/4393/3691
f 4387/4394/3692 4388/4395/3693 4389/4396/3693
f 4390/4397/3694 4388/4395/3693 4387/4394/3692
f 4394/4398/3695 4395/4399/3696 4396/4400/3697
f 4395/4399/3696 4394/4398/3695 4397/4401/3698
f 4398/4402/3699 4399/4403/3700 4400/4404/3701
f 4399/4403/3700 4398/4402/3699 4401/4405/3702
f 4402/4406/3703 4403/4407/3704 4404/4408/3705
f 4403/4407/3704 4402/4406/3703 4405/4409/3706
f 4406/4410/3707 4407/4411/3708 4408/4412/3709
f 4407/4411/3708 4406/4410/3707 4409/4413/3710
f 4410/4414/3711 4411/4415/3712 4412/4416/3713
f 4413/4417/3714 4411/4415/3712 4410/4414/3711
f 4414/4418/3715 4415/4419/3716 4416/4420/3717
f 4417/4421/3718 4415/4419/3716 4414/4418/3715
f 4418/4422/3719 4419/4423/3720 4420/4424/3721
f 4421/4425/3722 4419/4423/3720 4418/4422/3719
f 4422/4426/3723 4423/4427/3724 4424/4428/3725
f 4425/4429/3726 4423/4427/3724 4422/4426/3723
f 4426/4430/3727 4427/4431/3728 4428/4432/3729
f 4429/4433/3730 4427/4431/3728 4426/4430/3727
f 4430/4434/3731 4431/4435/3731 4432/4436/3731
f 4433/4437/3732 4434/4438/3733 4435/4439/3734
f 4434/4438/3733 4433/4437/3732 4436/4440/3735
f 4437/4441/3736 4438/4442/3737 4439/4443/3738
f 4440/4444/3739 4438/4442/3737 4437/4441/3736
f 4441/4445/3740 4442/4446/3741 4443/4447/3742
f 4443/4447/3742 4444/4448/3743 4441/4445/3740
f 4445/4449/3744 4446/4450/3745 4447/4451/3746
f 4446/4450/3745 4445/4449/3744 4448/4452/3747
f 4449/4453/3748 4450/4454/3749 4451/4455/3750
f 4450/4454/3749 4449/4453/3748 4452/4456/3751
f 4453/4457/3752 4454/4458/3753 4455/4459/3754
f 4454/4458/3753 4453/4457/3752 4456/4460/3755
f 4457/4461/3756 4458/4462/3757 4459/4463/3758
f 4460/4464/3759 4458/4462/3757 4457/4461/3756
f 4461/4465/3760 4462/4466/3761 4463/4467/3762
f 4462/4466/3761 4461/4465/3760 4464/4468/3763
f 4465/4469/3764 4466/4470/3765 4467/4471/3766
f 4466/4470/3765 4465/4469/3764 4468/4472/3767
f 4469/4473/3768 4470/4474/3769 4471/4475/3770
f 4471/4475/3770 4470/4474/3769 4472/4476/3771
f 4473/4477/3772 4474/4478/3773 4475/4479/3774
f 4474/4478/3773 4473/4477/3772 4476/4480/3775
f 4477/4481/3776 4478/4482/3777 4479/4483/3777
f 4478/4482/3777 4477/4481/3776 4480/4484/3778
f 4481/4485/3779 4482/4486/3780 4483/4487/3781
f 4482/4486/3780 4481/4485/3779 4484/4488/3782
f 4485/4489/3783 4486/4490/3784 4487/4491/3785
f 4486/4490/3784 4485/4489/3783 4488/4492/3786
f 4489/4493/3787 4490/4494/3788 4491/4495/3789
f 4490/4494/3788 4489/4493/3787 4492/4496/3790
f 4497/4497/3791 4498/4498/3792 4499/4499/3793
f 4498/4498/3792 4497/4497/3791 4500/4500/3794
f 4501/4501/3795 4502/4502/3796 4503/4503/3797
f 4502/4502/3796 4501/4501/3795 4504/4504/3798
f 4505/4505/3799 4506/4506/3800 4507/4507/3801
f 4506/4506/3800 4505/4505/3799 4508/4508/3802
f 4509/4509/3803 4510/4510/3804 4511/4511/3805
f 4510/4510/3804 4509/4509/3803 4512/4512/3806
f 4513/4513/3807 4514/4514/3808 4515/4515/3809
f 4514/4514/3808 4513/4513/3807 4516/4516/3810
usemtl Skin
s off
f 4665/4517/3811 4666/4518/3811 4667/4519/3811
f 4820/4520/3812 4821/4521/3813 4822/4522/3812
f 4823/4523/3814 4820/4520/3814 4822/4522/3814
f 4928/4524/3815 4929/4525/3815 4930/4526/3815
f 4929/4525/3816 4928/4524/3816 4931/4527/3816
f 4972/4528/3817 4973/4529/3817 4974/4530/3817
f 4975/4531/3818 4974/4530/3818 4973/4529/3818
f 5092/4532/3819 5093/4533/3819 5094/4534/3819
f 5132/4535/3820 5133/4536/3820 5134/4537/3820
f 5135/4538/3821 5132/4535/3821 5134/4537/3822
f 5621/4539/3823 5620/4540/3823 5623/4541/3823
f 5644/4542/3824 5645/4543/3824 5646/4544/3824
f 5647/4545/3825 5648/4546/3825 5649/4547/3825
f 5650/4548/3826 5651/4549/3826 5652/4550/3826
f 5756/4551/3827 5757/4552/3827 5758/4553/3827
f 5759/4554/3828 5760/4555/3828 5761/4556/3828
f 5770/4557/3829 5771/4558/3829 5772/4559/3829
f 5905/4560/3830 5906/4561/3830 5907/4562/3830
f 5944/4563/3831 5945/4564/3831 5946/4565/3831
f 5955/4566/3832 5956/4567/3832 5957/4568/3832
f 6158/4569/3833 6159/4570/3833 6160/4571/3833
f 6177/4572/3834 6178/4573/3834 6179/4574/3834
f 6348/4575/3835 6349/4576/3835 6350/4577/3835
f 6743/4578/3836 6744/4579/3836 6745/4580/3836
f 6898/4581/3837 6899/4582/3837 6900/4583/3837
f 6899/4582/3838 6898/4581/3839 6901/4584/3840
f 7007/4585/3841 7006/4586/3841 7009/4587/3841
f 7050/4588/3842 7051/4589/3842 7052/4590/3842
f 7053/4591/3843 7050/4588/3843 7052/4590/3843
f 7170/4592/3844 7171/4593/3844 7172/4594/3844
f 7171/4593/3845 7170/4592/3845 7173/4595/3845
f 7210/4596/3846 7211/4597/3847 7212/4598/3847
f 7722/4599/3848 7723/4600/3848 7724/4601/3848
f 7725/4602/3849 7726/4603/3849 7727/4604/3849
f 7728/4605/3850 7729/4606/3850 7730/4607/3850
f 7731/4608/3851 7732/4609/3851 7733/4610/3851
f 7834/4611/3852 7835/4612/3852 7836/4613/3852
f 7837/4614/3853 7838/4615/3853 7839/4616/3853
f 7848/4617/3854 7849/4618/3854 7850/4619/3854
f 7983/4620/3855 7984/4621/3855 7985/4622/3855
f 8022/4623/3856 8023/4624/3856 8024/4625/3856
f 8033/4626/3857 8034/4627/3857 8035/4628/3857
f 8236/4629/3858 8237/4630/3858 8238/4631/3858
f 8255/4632/3859 8256/4633/3859 8257/4634/3859
f 8426/4635/3860 8427/4636/3860 8428/4637/3860
s 1
f 4517/4638/3861 4518/4639/3862 4519/4640/3863
f 4518/4639/3862 4517/4638/3861 4520/4641/3864
f 4521/4642/3865 4522/4643/3866 4523/4644/3867
f 4522/4643/3866 4521/4642/3865 4524/4645/3868
f 4525/4646/3869 4526/4647/3870 4527/4648/3871
f 4527/4648/3871 4528/4649/3872 4525/4646/3869
f 4529/4650/3873 4530/4651/3874 4531/4652/3875
f 4530/4651/3874 4529/4650/3873 4532/4653/3876
f 4533/4654/3877 4534/4655/3878 4535/4656/3879
f 4534/4655/3878 4533/4654/3877 4536/4657/3880
f 4537/4658/3881 4538/4659/3882 4539/4660/3883
f 4538/4659/3882 4537/4658/3881 4540/4661/3884
f 4541/4662/3885 4542/4663/3886 4543/4664/3887
f 4542/4663/3886 4541/4662/3885 4544/4665/3888
f 4545/4666/3889 4546/4667/3890 4547/4668/3891
f 4546/4667/3890 4545/4666/3889 4548/4669/3892
f 4549/4670/3893 4550/4671/3894 4551/4672/3895
f 4550/4671/3894 4549/4670/3893 4552/4673/3896
f 4553/4674/3897 4554/4675/3898 4555/4676/3899
f 4554/4675/3898 4553/4674/3897 4556/4677/3900
f 4557/4678/3901 4558/4679/3902 4559/4680/3903
f 4558/4679/3902 4557/4678/3901 4560/4681/3904
f 4561/4682/3905 4562/4683/3906 4563/4684/3907
f 4562/4683/3906 4561/4682/3905 4564/4685/3908
f 4565/4686/3909 4566/4687/3910 4567/4688/3911
f 4566/4687/3910 4565/4686/3909 4568/4689/3912
f 4569/4690/3913 4570/4691/3914 4571/4692/3915
f 4570/4691/3914 4569/4690/3913 4572/4693/3916
f 4573/4694/3917 4574/4695/3918 4575/4696/3919
f 4574/4695/3918 4573/4694/3917 4576/4697/3920
f 4577/4698/3921 4578/4699/3922 4579/4700/3923
f 4580/4701/3924 4579/4700/3923 4578/4699/3922
f 4581/4702/3925 4582/4703/3926 4583/4704/3927
f 4582/4703/3926 4581/4702/3925 4584/4705/3928
f 4585/4706/3929 4586/4707/3930 4587/4708/3931
f 4586/4707/3930 4585/4706/3929 4588/4709/3932
f 4589/4710/3933 4590/4711/3934 4591/4712/3935
f 4590/4711/3934 4589/4710/3933 4592/4713/3936
f 4593/4714/3937 4594/4715/3938 4595/4716/3939
f 4594/4715/3938 4593/4714/3937 4596/4717/3940
f 4597/4718/3941 4598/4719/3942 4599/4720/3943
f 4598/4719/3942 4597/4718/3941 4600/4721/3944
f 4601/4722/3945 4602/4723/3946 4603/4724/3947
f 4602/4723/3946 4601/4722/3945 4604/4725/3948
f 4605/4726/3949 4606/4727/3950 4607/4728/3951
f 4606/4727/3950 4605/4726/3949 4608/4729/3952
f 4609/4730/3953 4610/4731/3954 4611/4732/3955
f 4612/4733/3956 4610/4731/3954 4609/4730/3953
f 4613/4734/3957 4614/4735/3958 4615/4736/3959
f 4614/4735/3958 4613/4734/3957 4616/4737/3960
f 4617/4738/3961 4618/4739/3962 4619/4740/3963
f 4620/4741/3964 4618/4739/3962 4617/4738/3961
f 4621/4742/3965 4622/4743/3966 4623/4744/3967
f 4624/4745/3968 4623/4744/3967 4622/4743/3966
f 4625/4746/3969 4626/4747/3970 4627/4748/3971
f 4626/4747/3970 4625/4746/3969 4628/4749/3972
f 4629/4750/3973 4630/4751/3974 4631/4752/3975
f 4632/4753/3976 4631/4752/3975 4630/4751/3974
f 4633/4754/3977 4634/4755/3978 4635/4756/3979
f 4636/4757/3980 4634/4755/3978 4633/4754/3977
f 4637/4758/3981 4638/4759/3982 4639/4760/3983
f 4638/4759/3982 4637/4758/3981 4640/4761/3984
f 4641/4762/3985 4642/4763/3986 4643/4764/3987
f 4642/4763/3986 4641/4762/3985 4644/4765/3988
f 4645/4766/3989 4646/4767/3990 4647/4768/3991
f 4646/4767/3990 4645/4766/3989 4648/4769/3992
f 4649/4770/3993 4650/4771/3994 4651/4772/3995
f 4650/4771/3994 4649/4770/3993 4652/4773/3996
f 4653/4774/3997 4654/4775/3998 4655/4776/3999
f 4654/4775/3998 4653/4774/3997 4656/4777/4000
f 4657/4778/4001 4658/4779/4002 4659/4780/4003
f 4657/4778/4001 4659/4780/4003 4660/4781/4004
f 4661/4782/4005 4662/4783/4006 4663/4784/4007
f 4661/4782/4005 4663/4784/4007 4664/4785/4008
f 4668/4786/4009 4669/4787/4010 4670/4788/4011
f 4669/4787/4010 4668/4786/4009 4671/4789/4012
f 4672/4790/4013 4673/4791/4014 4674/4792/4015
f 4673/4791/4014 4672/4790/4013 4675/4793/4016
f 4676/4794/4017 4677/4795/4018 4678/4796/4019
f 4678/4796/4019 4677/4795/4018 4679/4797/4020
f 4680/4798/4021 4681/4799/4022 4682/4800/4023
f 4681/4799/4022 4680/4798/4021 4683/4801/4024
f 4684/4802/4025 4685/4803/4025 4686/4804/4025
f 4685/4803/4025 4684/4802/4025 4687/4805/4025
f 4688/4806/4026 4689/4807/4027 4690/4808/4028
f 4689/4807/4027 4688/4806/4026 4691/4809/4029
f 4692/4810/4030 4693/4811/4030 4694/4812/4030
f 4694/4812/4030 4695/4813/4031 4692/4810/4030
f 4696/4814/4032 4697/4815/4033 4698/4816/4034
f 4697/4815/4033 4696/4814/4032 4699/4817/4035
f 4700/4818/4036 4701/4819/4036 4702/4820/4036
f 4701/4819/4036 4700/4818/4036 4703/4821/4036
f 4704/4822/4037 4705/4823/4038 4706/4824/4039
f 4705/4823/4038 4704/4822/4037 4707/4825/4040
f 4708/4826/4041 4709/4827/4042 4710/4828/4043
f 4709/4827/4042 4708/4826/4041 4711/4829/4044
f 4712/4830/4045 4713/4831/4046 4714/4832/4047
f 4715/4833/4048 4712/4830/4045 4714/4832/4047
f 4716/4834/4049 4717/4835/4050 4718/4836/4051
f 4719/4837/4052 4718/4836/4051 4717/4835/4050
f 4720/4838/4053 4721/4839/4054 4722/4840/4055
f 4721/4839/4054 4720/4838/4053 4723/4841/4056
f 4724/4842/4057 4725/4843/4058 4726/4844/4059
f 4727/4845/4060 4724/4842/4057 4726/4844/4059
f 4728/4846/4061 4729/4847/4062 4730/4848/4063
f 4729/4847/4062 4728/4846/4061 4731/4849/4064
f 4732/4850/4065 4733/4851/4066 4734/4852/4067
f 4735/4853/4068 4733/4851/4066 4732/4850/4065
f 4736/4854/4069 4737/4855/4070 4738/4856/4071
f 4739/4857/4072 4738/4856/4071 4737/4855/4070
f 4740/4858/4073 4741/4859/4074 4742/4860/4075
f 4741/4859/4074 4740/4858/4073 4743/4861/4076
f 4744/4862/4077 4745/4863/4077 4746/4864/4078
f 4745/4863/4077 4744/4862/4077 4747/4865/4079
f 4748/4866/4080 4749/4867/4081 4750/4868/4082
f 4751/4869/4083 4750/4868/4082 4749/4867/4081
f 4752/4870/4084 4753/4871/4085 4754/4872/4086
f 4755/4873/4087 4754/4872/4086 4753/4871/4085
f 4756/4874/4088 4757/4875/4089 4758/4876/4090
f 4757/4875/4089 4756/4874/4088 4759/4877/4091
f 4760/4878/4092 4761/4879/4093 4762/4880/4094
f 4761/4879/4093 4760/4878/4092 4763/4881/4095
f 4764/4882/4096 4765/4883/4097 4766/4884/4098
f 4765/4883/4097 4764/4882/4096 4767/4885/4099
f 4768/4886/4100 4769/4887/4101 4770/4888/4102
f 4771/4889/4103 4770/4888/4102 4769/4887/4101
f 4772/4890/4104 4773/4891/4105 4774/4892/4106
f 4773/4891/4105 4772/4890/4104 4775/4893/4107
f 4776/4894/4108 4777/4895/4109 4778/4896/4110
f 4777/4895/4109 4776/4894/4108 4779/4897/4111
f 4780/4898/4112 4781/4899/4113 4782/4900/4114
f 4783/4901/4115 4782/4900/4114 4781/4899/4113
f 4784/4902/4116 4785/4903/4117 4786/4904/4118
f 4787/4905/4119 4785/4903/4117 4784/4902/4116
f 4788/4906/4120 4789/4907/4121 4790/4908/4122
f 4791/4909/4123 4788/4906/4120 4790/4908/4122
f 4792/4910/4124 4793/4911/4125 4794/4912/4126
f 4795/4913/4127 4792/4910/4124 4794/4912/4126
f 4796/4914/4128 4797/4915/4129 4798/4916/4130
f 4799/4917/4131 4798/4916/4130 4797/4915/4129
f 4800/4918/4132 4801/4919/4133 4802/4920/4134
f 4801/4919/4133 4800/4918/4132 4803/4921/4135
f 4804/4922/4136 4805/4923/4137 4806/4924/4138
f 4805/4923/4137 4804/4922/4136 4807/4925/4139
f 4808/4926/4140 4809/4927/4141 4810/4928/4142
f 4809/4927/4141 4808/4926/4140 4811/4929/4143
f 4812/4930/4144 4813/4931/4145 4814/4932/4146
f 4813/4931/4145 4812/4930/4144 4815/4933/4147
f 4816/4934/4148 4817/4935/4149 4818/4936/4150
f 4819/4937/4151 4818/4936/4150 4817/4935/4149
f 4824/4938/4152 4825/4939/4153 4826/4940/4154
f 4827/4941/4155 4824/4938/4152 4826/4940/4154
f 4828/4942/4156 4829/4943/4157 4830/4944/4158
f 4829/4943/4157 4828/4942/4156 4831/4945/4159
f 4832/4946/4160 4833/4947/4161 4834/4948/4162
f 4833/4947/4161 4832/4946/4160 4835/4949/4163
f 4836/4950/4164 4837/4951/4165 4838/4952/4166
f 4837/4951/4165 4836/4950/4164 4839/4953/4167
f 4840/4954/4168 4841/4955/4169 4842/4956/4170
f 4841/4955/4169 4840/4954/4168 4843/4957/4171
f 4844/4958/4172 4845/4959/4173 4846/4960/4174
f 4847/4961/4175 4845/4959/4173 4844/4958/4172
f 4848/4962/4176 4849/4963/4177 4850/4964/4178
f 4851/4965/4179 4849/4963/4177 4848/4962/4176
f 4852/4966/4180 4853/4967/4181 4854/4968/4182
f 4855/4969/4183 4853/4967/4181 4852/4966/4180
f 4856/4970/4184 4857/4971/4185 4858/4972/4186
f 4859/4973/4187 4857/4971/4185 4856/4970/4184
f 4860/4974/4188 4861/4975/4189 4862/4976/4190
f 4860/4974/4188 4863/4977/4191 4861/4975/4189
f 4864/4978/4192 4865/4979/4193 4866/4980/4194
f 4865/4979/4193 4864/4978/4192 4867/4981/4195
f 4868/4982/4196 4869/4983/4197 4870/4984/4198
f 4869/4983/4197 4868/4982/4196 4871/4985/4199
f 4872/4986/4200 4873/4987/4201 4874/4988/4202
f 4873/4987/4201 4872/4986/4200 4875/4989/4203
f 4876/4990/4204 4877/4991/4205 4878/4992/4206
f 4877/4991/4205 4876/4990/4204 4879/4993/4207
f 4880/4994/4208 4881/4995/4209 4882/4996/4210
f 4881/4995/4209 4880/4994/4208 4883/4997/4211
f 4884/4998/4212 4885/4999/4213 4886/5000/4214
f 4885/4999/4213 4884/4998/4212 4887/5001/4215
f 4888/5002/4216 4889/5003/4217 4890/5004/4218
f 4889/5003/4217 4888/5002/4216 4891/5005/4219
f 4892/5006/4220 4893/5007/4221 4894/5008/4222
f 4895/5009/4223 4892/5006/4220 4894/5008/4222
f 4896/5010/4224 4897/5011/4225 4898/5012/4226
f 4899/5013/4227 4896/5010/4224 4898/5012/4226
f 4900/5014/4228 4901/5015/4229 4902/5016/4230
f 4900/5014/4228 4903/5017/4231 4901/5015/4229
f 4904/5018/4232 4905/5019/4233 4906/5020/4234
f 4905/5019/4233 4904/5018/4232 4907/5021/4235
f 4908/5022/4236 4909/5023/4237 4910/5024/4238
f 4909/5023/4237 4908/5022/4236 4911/5025/4239
f 4912/5026/4240 4913/5027/4241 4914/5028/4242
f 4913/5027/4241 4912/5026/4240 4915/5029/4243
f 4916/5030/4244 4917/5031/4245 4918/5032/4246
f 4919/5033/4247 4916/5030/4244 4918/5032/4246
f 4920/5034/4248 4921/5035/4249 4922/5036/4250
f 4923/5037/4251 4920/5034/4248 4922/5036/4250
f 4924/5038/4252 4925/5039/4253 4926/5040/4254
f 4925/5039/4253 4924/5038/4252 4927/5041/4255
f 4932/5042/4256 4933/5043/4257 4934/5044/4258
f 4935/5045/4259 4933/5043/4257 4932/5042/4256
f 4936/5046/4260 4937/5047/4261 4938/5048/4262
f 4937/5047/4261 4936/5046/4260 4939/5049/4263
f 4940/5050/4264 4941/5051/4265 4942/5052/4266
f 4941/5051/4265 4940/5050/4264 4943/5053/4267
f 4944/5054/4268 4945/5055/4269 4946/5056/4270
f 4945/5055/4269 4944/5054/4268 4947/5057/4271
f 4948/5058/4272 4949/5059/4273 4950/5060/4274
f 4949/5059/4273 4948/5058/4272 4951/5061/4275
f 4952/5062/4276 4953/5063/4277 4954/5064/4278
f 4953/5063/4277 4952/5062/4276 4955/5065/4279
f 4956/5066/4280 4957/5067/4281 4958/5068/4282
f 4956/5066/4280 4958/5068/4282 4959/5069/4283
f 4960/5070/4284 4961/5071/4285 4962/5072/4286
f 4961/5071/4285 4960/5070/4284 4963/5073/4287
f 4964/5074/4288 4965/5075/4289 4966/5076/4290
f 4965/5075/4289 4964/5074/4288 4967/5077/4291
f 4968/5078/4292 4969/5079/4293 4970/5080/4294
f 4969/5079/4293 4968/5078/4292 4971/5081/4295
f 4976/5082/4296 4977/5083/4297 4978/5084/4298
f 4979/5085/4299 4978/5084/4298 4977/5083/4297
f 4980/5086/4300 4981/5087/4301 4982/5088/4302
f 4981/5087/4301 4980/5086/4300 4983/5089/4303
f 4984/5090/4304 4985/5091/4305 4986/5092/4306
f 4985/5091/4305 4984/5090/4304 4987/5093/4307
f 4988/5094/4308 4989/5095/4309 4990/5096/4310
f 4989/5095/4309 4988/5094/4308 4991/5097/4311
f 4992/5098/4312 4993/5099/4313 4994/5100/4314
f 4993/5099/4313 4992/5098/4312 4995/5101/4315
f 4996/5102/4316 4997/5103/4317 4998/5104/4318
f 4997/5103/4317 4996/5102/4316 4999/5105/4319
f 5000/5106/4320 5001/5107/4321 5002/5108/4322
f 5001/5107/4321 5000/5106/4320 5003/5109/4323
f 5004/5110/4324 5005/5111/4325 5006/5112/4326
f 5005/5111/4325 5004/5110/4324 5007/5113/4327
f 5008/5114/4328 5009/5115/4329 5010/5116/4330
f 5011/5117/4331 5008/5114/4328 5010/5116/4330
f 5012/5118/4332 5013/5119/4333 5014/5120/4333
f 5014/5120/4333 5015/5121/4332 5012/5118/4332
f 5016/5122/4334 5017/5123/4335 5018/5124/4336
f 5017/5123/4335 5016/5122/4334 5019/5125/4337
f 5020/5126/4338 5021/5127/4339 5022/5128/4340
f 5021/5127/4339 5020/5126/4338 5023/5129/4341
f 5024/5130/4342 5025/5131/4343 5026/5132/4344
f 5025/5131/4343 5024/5130/4342 5027/5133/4345
f 5028/5134/4346 5029/5135/4347 5030/5136/4348
f 5029/5135/4347 5028/5134/4346 5031/5137/4349
f 5032/5138/4350 5033/5139/4351 5034/5140/4352
f 5032/5138/4350 5035/5141/4353 5033/5139/4351
f 5036/5142/4354 5037/5143/4355 5038/5144/4356
f 5037/5143/4355 5036/5142/4354 5039/5145/4357
f 5040/5146/4358 5041/5147/4359 5042/5148/4360
f 5041/5147/4359 5040/5146/4358 5043/5149/4361
f 5044/5150/4362 5045/5151/4363 5046/5152/4364
f 5045/5151/4363 5044/5150/4362 5047/5153/4365
f 5048/5154/4366 5049/5155/4367 5050/5156/4368
f 5049/5155/4367 5048/5154/4366 5051/5157/4369
f 5052/5158/4370 5053/5159/4371 5054/5160/4372
f 5053/5159/4371 5052/5158/4370 5055/5161/4373
f 5056/5162/4374 5057/5163/4375 5058/5164/4376
f 5058/5164/4376 5059/5165/4377 5056/5162/4374
f 5060/5166/4378 5061/5167/4379 5062/5168/4380
f 5061/5167/4379 5060/5166/4378 5063/5169/4381
f 5064/5170/4382 5065/5171/4383 5066/5172/4384
f 5064/5170/4382 5066/5172/4384 5067/5173/4385
f 5068/5174/4386 5069/5175/4387 5070/5176/4388
f 5069/5175/4387 5068/5174/4386 5071/5177/4389
f 5072/5178/4390 5073/5179/4391 5074/5180/4392
f 5073/5179/4391 5072/5178/4390 5075/5181/4393
f 5076/5182/4394 5077/5183/4395 5078/5184/4396
f 5077/5183/4395 5076/5182/4394 5079/5185/4397
f 5080/5186/4398 5081/5187/4399 5082/5188/4400
f 5083/5189/4401 5081/5187/4399 5080/5186/4398
f 5084/5190/4402 5085/5191/4403 5086/5192/4404
f 5086/5192/4404 5087/5193/4405 5084/5190/4402
f 5088/5194/4406 5089/5195/4407 5090/5196/4408
f 5090/5196/4408 5091/5197/4409 5088/5194/4406
f 5093/4533/4410 5092/4532/4410 5095/5198/4410
f 5096/5199/4411 5097/5200/4412 5098/5201/4413
f 5097/5200/4412 5096/5199/4411 5099/5202/4414
f 5100/5203/4415 5101/5204/4416 5102/5205/4417
f 5103/5206/4418 5102/5205/4417 5101/5204/4416
f 5104/5207/4419 5105/5208/4420 5106/5209/4421
f 5105/5208/4420 5104/5207/4419 5107/5210/4422
f 5108/5211/4423 5109/5212/4424 5110/5213/4425
f 5110/5213/4425 5111/5214/4426 5108/5211/4423
f 5112/5215/4427 5113/5216/4428 5114/5217/4429
f 5114/5217/4429 5115/5218/4430 5112/5215/4427
f 5116/5219/4431 5117/5220/4432 5118/5221/4433
f 5117/5220/4432 5116/5219/4431 5119/5222/4434
f 5120/5223/4435 5121/5224/4436 5122/5225/4437
f 5121/5224/4436 5120/5223/4435 5123/5226/4438
f 5124/5227/4439 5125/5228/4440 5126/5229/4441
f 5125/5228/4440 5124/5227/4439 5127/5230/4442
f 5128/5231/4443 5129/5232/4444 5130/5233/4445
f 5130/5233/4445 5131/5234/4446 5128/5231/4443
f 5136/5235/4447 5137/5236/4448 5138/5237/4449
f 5138/5237/4449 5139/5238/4450 5136/5235/4447
f 5140/5239/4451 5141/5240/4452 5142/5241/4453
f 5141/5240/4452 5140/5239/4451 5143/5242/4454
f 5144/5243/4455 5145/5244/4456 5146/5245/4457
f 5147/5246/4458 5146/5245/4457 5145/5244/4456
f 5148/5247/4459 5149/5248/4460 5150/5249/4461
f 5149/5248/4460 5148/5247/4459 5151/5250/4462
f 5152/5251/4463 5153/5252/4464 5154/5253/4465
f 5153/5252/4464 5152/5251/4463 5155/5254/4466
f 5156/5255/4467 5157/5256/4468 5158/5257/4469
f 5156/5255/4467 5158/5257/4469 5159/5258/4470
f 5160/5259/4471 5161/5260/4472 5162/5261/4473
f 5162/5261/4473 5163/5262/4474 5160/5259/4471
f 5164/5263/4475 5165/5264/4476 5166/5265/4477
f 5166/5265/4477 5167/5266/4478 5164/5263/4475
f 5168/5267/4479 5169/5268/4480 5170/5269/4481
f 5170/5269/4481 5171/5270/4482 5168/5267/4479
f 5172/5271/4483 5173/5272/4484 5174/5273/4485
f 5173/5272/4484 5172/5271/4483 5175/5274/4486
f 5176/5275/4487 5177/5276/4488 5178/5277/4489
f 5177/5276/4488 5176/5275/4487 5179/5278/4490
f 5180/5279/4491 5181/5280/4492 5182/5281/4493
f 5181/5280/4492 5180/5279/4491 5183/5282/4494
f 5184/5283/4495 5185/5284/4496 5186/5285/4497
f 5185/5284/4496 5184/5283/4495 5187/5286/4498
f 5188/5287/4499 5189/5288/4500 5190/5289/4501
f 5189/5288/4500 5188/5287/4499 5191/5290/4502
f 5192/5291/4503 5193/5292/4504 5194/5293/4505
f 5193/5292/4504 5192/5291/4503 5195/5294/4506
f 5196/5295/4507 5197/5296/4508 5198/5297/4509
f 5199/5298/4510 5197/5296/4508 5196/5295/4507
f 5200/5299/4511 5201/5300/4512 5202/5301/4513
f 5201/5300/4512 5200/5299/4511 5203/5302/4514
f 5204/5303/4515 5205/5304/4516 5206/5305/4517
f 5205/5304/4516 5204/5303/4515 5207/5306/4518
f 5208/5307/4519 5209/5308/4520 5210/5309/4521
f 5209/5308/4520 5208/5307/4519 5211/5310/4522
f 5212/5311/4523 5213/5312/4524 5214/5313/4525
f 5213/5312/4524 5212/5311/4523 5215/5314/4526
f 5216/5315/4527 5217/5316/4528 5218/5317/4529
f 5217/5316/4528 5216/5315/4527 5219/5318/4530
f 5220/5319/4531 5221/5320/4532 5222/5321/4533
f 5221/5320/4532 5220/5319/4531 5223/5322/4534
f 5224/5323/4535 5225/5324/4536 5226/5325/4537
f 5225/5324/4536 5224/5323/4535 5227/5326/4538
f 5228/5327/4539 5229/5328/4540 5230/5329/4541
f 5229/5328/4540 5228/5327/4539 5231/5330/4542
f 5232/5331/4543 5233/5332/4544 5234/5333/4545
f 5234/5333/4545 5235/5334/4546 5232/5331/4543
f 5236/5335/4547 5237/5336/4548 5238/5337/4549
f 5237/5336/4548 5236/5335/4547 5239/5338/4550
f 5240/5339/4551 5241/5340/4552 5242/5341/4553
f 5241/5340/4552 5240/5339/4551 5243/5342/4554
f 5244/5343/4555 5245/5344/4556 5246/5345/4557
f 5245/5344/4556 5244/5343/4555 5247/5346/4558
f 5248/5347/4559 5249/5348/4560 5250/5349/4561
f 5249/5348/4560 5248/5347/4559 5251/5350/4562
f 5252/5351/4563 5253/5352/4564 5254/5353/4565
f 5253/5352/4564 5252/5351/4563 5255/5354/4566
f 5256/5355/4567 5257/5356/4568 5258/5357/4569
f 5257/5356/4568 5256/5355/4567 5259/5358/4570
f 5260/5359/4571 5261/5360/4572 5262/5361/4573
f 5261/5360/4572 5260/5359/4571 5263/5362/4574
f 5264/5363/4575 5265/5364/4576 5266/5365/4577
f 5265/5364/4576 5264/5363/4575 5267/5366/4578
f 5268/5367/4579 5269/5368/4579 5270/5369/4579
f 5269/5368/4579 5268/5367/4579 5271/5370/4579
f 5272/5371/4580 5273/5372/4581 5274/5373/4582
f 5273/5372/4581 5272/5371/4580 5275/5374/4583
f 5276/5375/4584 5277/5376/4585 5278/5377/4586
f 5277/5376/4585 5276/5375/4584 5279/5378/4587
f 5280/5379/4588 5281/5380/4589 5282/5381/4590
f 5281/5380/4589 5280/5379/4588 5283/5382/4591
f 5284/5383/4592 5285/5384/4593 5286/5385/4594
f 5285/5384/4593 5284/5383/4592 5287/5386/4595
f 5288/5387/4596 5289/5388/4597 5290/5389/4598
f 5291/5390/4599 5290/5389/4598 5289/5388/4597
f 5292/5391/4600 5293/5392/4601 5294/5393/4602
f 5293/5392/4601 5292/5391/4600 5295/5394/4603
f 5296/5395/4604 5297/5396/4605 5298/5397/4606
f 5299/5398/4607 5298/5397/4606 5297/5396/4605
f 5300/5399/4608 5301/5400/4609 5302/5401/4610
f 5301/5400/4609 5300/5399/4608 5303/5402/4611
f 5304/5403/4612 5305/5404/4613 5306/5405/4614
f 5305/5404/4613 5304/5403/4612 5307/5406/4615
f 5308/5407/4616 5309/5408/4617 5310/5409/4617
f 5309/5408/4617 5308/5407/4616 5311/5410/4618
f 5312/5411/4619 5313/5412/4620 5314/5413/4621
f 5315/5414/4622 5314/5413/4621 5313/5412/4620
f 5316/5415/4623 5317/5416/4624 5318/5417/4625
f 5317/5416/4624 5316/5415/4623 5319/5418/4626
f 5320/5419/4627 5321/5420/4628 5322/5421/4629
f 5321/5420/4628 5320/5419/4627 5323/5422/4630
f 5324/5423/4631 5325/5424/4632 5326/5425/4633
f 5327/5426/4634 5325/5424/4632 5324/5423/4631
f 5328/5427/4635 5329/5428/4636 5330/5429/4637
f 5331/5430/4638 5329/5428/4636 5328/5427/4635
f 5332/5431/4639 5333/5432/4640 5334/5433/4641
f 5333/5432/4640 5332/5431/4639 5335/5434/4642
f 5336/5435/4643 5337/5436/4644 5338/5437/4645
f 5336/5435/4643 5338/5437/4645 5339/5438/4646
f 5340/5439/4647 5341/5440/4648 5342/5441/4649
f 5342/5441/4649 5343/5442/4650 5340/5439/4647
f 5344/5443/4651 5345/5444/4652 5346/5445/4653
f 5345/5444/4652 5344/5443/4651 5347/5446/4654
f 5348/5447/4655 5349/5448/4656 5350/5449/4657
f 5351/5450/4658 5349/5448/4656 5348/5447/4655
f 5352/5451/4659 5353/5452/4660 5354/5453/4661
f 5355/5454/4662 5353/5452/4660 5352/5451/4659
f 5356/5455/4663 5357/5456/4664 5358/5457/4665
f 5357/5456/4664 5356/5455/4663 5359/5458/4666
f 5360/5459/4667 5361/5460/4668 5362/5461/4669
f 5361/5460/4668 5360/5459/4667 5363/5462/4670
f 5364/5463/4671 5365/5464/4672 5366/5465/4673
f 5365/5464/4672 5364/5463/4671 5367/5466/4674
f 5368/5467/4675 5369/5468/4676 5370/5469/4677
f 5368/5467/4675 5371/5470/4678 5369/5468/4676
f 5372/5471/4679 5373/5472/4680 5374/5473/4681
f 5375/5474/4682 5373/5472/4680 5372/5471/4679
f 5376/5475/4683 5377/5476/4684 5378/5477/4685
f 5376/5475/4683 5379/5478/4686 5377/5476/4684
f 5380/5479/4687 5381/5480/4688 5382/5481/4689
f 5380/5479/4687 5383/5482/4690 5381/5480/4688
f 5384/5483/4691 5385/5484/4692 5386/5485/4693
f 5384/5483/4691 5386/5485/4693 5387/5486/4694
f 5388/5487/4695 5389/5488/4696 5390/5489/4697
f 5389/5488/4696 5388/5487/4695 5391/5490/4698
f 5392/5491/4699 5393/5492/4700 5394/5493/4701
f 5393/5492/4700 5392/5491/4699 5395/5494/4702
f 5396/5495/4703 5397/5496/4704 5398/5497/4705
f 5399/5498/4706 5397/5496/4704 5396/5495/4703
f 5400/5499/4707 5401/5500/4708 5402/5501/4709
f 5403/5502/4710 5401/5500/4708 5400/5499/4707
f 5404/5503/4711 5405/5504/4712 5406/5505/4713
f 5407/5506/4714 5404/5503/4711 5406/5505/4713
f 5408/5507/4715 5409/5508/4716 5410/5509/4717
f 5409/5508/4716 5408/5507/4715 5411/5510/4718
f 5412/5511/4719 5413/5512/4720 5414/5513/4721
f 5413/5512/4720 5412/5511/4719 5415/5514/4722
f 5416/5515/4723 5417/5516/4724 5418/5517/4725
f 5417/5516/4724 5416/5515/4723 5419/5518/4726
f 5420/5519/4727 5421/5520/4728 5422/5521/4729
f 5421/5520/4728 5420/5519/4727 5423/5522/4730
f 5424/5523/4731 5425/5524/4732 5426/5525/4733
f 5425/5524/4732 5424/5523/4731 5427/5526/4734
f 5428/5527/4735 5429/5528/4736 5430/5529/4737
f 5429/5528/4736 5428/5527/4735 5431/5530/4738
f 5432/5531/4739 5433/5532/4740 5434/5533/4741
f 5433/5532/4740 5432/5531/4739 5435/5534/4742
f 5436/5535/4743 5437/5536/4744 5438/5537/4745
f 5436/5535/4743 5438/5537/4745 5439/5538/4746
f 5440/5539/4747 5441/5540/4748 5442/5541/4749
f 5441/5540/4748 5440/5539/4747 5443/5542/4750
f 5444/5543/4751 5445/5544/4752 5446/5545/4753
f 5445/5544/4752 5444/5543/4751 5447/5546/4754
f 5448/5547/4755 5449/5548/4756 5450/5549/4757
f 5449/5548/4756 5448/5547/4755 5451/5550/4758
f 5452/5551/4759 5453/5552/4760 5454/5553/4761
f 5455/5554/4762 5453/5552/4760 5452/5551/4759
f 5456/5555/4763 5457/5556/4764 5458/5557/4765
f 5459/5558/4766 5457/5556/4764 5456/5555/4763
f 5460/5559/4767 5461/5560/4768 5462/5561/4769
f 5461/5560/4768 5460/5559/4767 5463/5562/4770
f 5464/5563/4771 5465/5564/4772 5466/5565/4773
f 5465/5564/4772 5464/5563/4771 5467/5566/4774
f 5468/5567/4775 5469/5568/4776 5470/5569/4777
f 5469/5568/4776 5468/5567/4775 5471/5570/4778
f 5472/5571/4779 5473/5572/4780 5474/5573/4781
f 5473/5572/4780 5472/5571/4779 5475/5574/4782
f 5476/5575/4783 5477/5576/4784 5478/5577/4785
f 5477/5576/4784 5476/5575/4783 5479/5578/4786
f 5480/5579/4787 5481/5580/4788 5482/5581/4789
f 5483/5582/4790 5481/5580/4788 5480/5579/4787
f 5484/5583/4791 5485/5584/4792 5486/5585/4793
f 5487/5586/4794 5485/5584/4792 5484/5583/4791
f 5488/5587/4795 5489/5588/4796 5490/5589/4797
f 5489/5588/4796 5488/5587/4795 5491/5590/4798
f 5492/5591/4799 5493/5592/4800 5494/5593/4801
f 5493/5592/4800 5492/5591/4799 5495/5594/4802
f 5496/5595/4803 5497/5596/4804 5498/5597/4805
f 5498/5597/4805 5499/5598/4806 5496/5595/4803
f 5500/5599/4807 5501/5600/4808 5502/5601/4809
f 5501/5600/4808 5500/5599/4807 5503/5602/4810
f 5504/5603/4811 5505/5604/4812 5506/5605/4813
f 5507/5606/4814 5505/5604/4812 5504/5603/4811
f 5508/5607/4815 5509/5608/4816 5510/5609/4817
f 5511/5610/4818 5509/5608/4816 5508/5607/4815
f 5512/5611/4819 5513/5612/4820 5514/5613/4821
f 5513/5612/4820 5512/5611/4819 5515/5614/4822
f 5516/5615/4823 5517/5616/4824 5518/5617/4825
f 5517/5616/4824 5516/5615/4823 5519/5618/4826
f 5520/5619/4827 5521/5620/4828 5522/5621/4829
f 5521/5620/4828 5520/5619/4827 5523/5622/4830
f 5524/5623/4831 5525/5624/4832 5526/5625/4833
f 5524/5623/4831 5527/5626/4834 5525/5624/4832
f 5528/5627/4835 5529/5628/4836 5530/5629/4837
f 5531/5630/4838 5529/5628/4836 5528/5627/4835
f 5532/5631/4839 5533/5632/4840 5534/5633/4841
f 5535/5634/4842 5533/5632/4840 5532/5631/4839
f 5536/5635/4843 5537/5636/4844 5538/5637/4845
f 5536/5635/4843 5538/5637/4845 5539/5638/4846
f 5540/5639/4847 5541/5640/4848 5542/5641/4849
f 5540/5639/4847 5543/5642/4850 5541/5640/4848
f 5544/5643/4851 5545/5644/4852 5546/5645/4853
f 5545/5644/4852 5544/5643/4851 5547/5646/4854
f 5548/5647/4855 5549/5648/4856 5550/5649/4857
f 5549/5648/4856 5548/5647/4855 5551/5650/4858
f 5552/5651/4859 5553/5652/4860 5554/5653/4861
f 5555/5654/4862 5553/5652/4860 5552/5651/4859
f 5556/5655/4863 5557/5656/4864 5558/5657/4865
f 5559/5658/4866 5557/5656/4864 5556/5655/4863
f 5560/5659/4867 5561/5660/4868 5562/5661/4869
f 5563/5662/4870 5560/5659/4867 5562/5661/4869
f 5564/5663/4871 5565/5664/4872 5566/5665/4873
f 5567/5666/4874 5564/5663/4871 5566/5665/4873
f 5568/5667/4875 5569/5668/4876 5570/5669/4877
f 5569/5668/4876 5568/5667/4875 5571/5670/4878
f 5572/5671/4879 5573/5672/4880 5574/5673/4881
f 5573/5672/4880 5572/5671/4879 5575/5674/4882
f 5576/5675/4883 5577/5676/4884 5578/5677/4885
f 5577/5676/4884 5576/5675/4883 5579/5678/4886
f 5580/5679/4887 5581/5680/4888 5582/5681/4889
f 5581/5680/4888 5580/5679/4887 5583/5682/4890
f 5584/5683/4891 5585/5684/4892 5586/5685/4893
f 5585/5684/4892 5584/5683/4891 5587/5686/4894
f 5588/5687/4895 5589/5688/4896 5590/5689/4897
f 5589/5688/4896 5588/5687/4895 5591/5690/4898
f 5592/5691/4899 5593/5692/4900 5594/5693/4901
f 5593/5692/4900 5592/5691/4899 5595/5694/4902
f 5596/5695/4903 5597/5696/4904 5598/5697/4905
f 5597/5696/4904 5596/5695/4903 5599/5698/4906
f 5600/5699/4907 5601/5700/4908 5602/5701/4909
f 5601/5700/4908 5600/5699/4907 5603/5702/4910
f 5604/5703/4911 5605/5704/4912 5606/5705/4913
f 5605/5704/4912 5604/5703/4911 5607/5706/4914
f 5608/5707/4915 5609/5708/4916 5610/5709/4917
f 5611/5710/4918 5609/5708/4916 5608/5707/4915
f 5612/5711/4919 5613/5712/4920 5614/5713/4921
f 5613/5712/4920 5612/5711/4919 5615/5714/4922
f 5616/5715/4923 5617/5716/4924 5618/5717/4925
f 5617/5716/4924 5616/5715/4923 5619/5718/4926
f 5620/4540/4927 5621/4539/4927 5622/5719/4927
f 5624/5720/4928 5625/5721/4929 5626/5722/4930
f 5625/5721/4929 5624/5720/4928 5627/5723/4931
f 5628/5724/4932 5629/5725/4933 5630/5726/4934
f 5629/5725/4933 5628/5724/4932 5631/5727/4935
f 5632/5728/4936 5633/5729/4937 5634/5730/4938
f 5633/5729/4937 5632/5728/4936 5635/5731/4939
f 5636/5732/4940 5637/5733/4941 5638/5734/4942
f 5637/5733/4941 5636/5732/4940 5639/5735/4943
f 5640/5736/4944 5641/5737/4945 5642/5738/4946
f 5641/5737/4945 5640/5736/4944 5643/5739/4947
f 5653/5740/4948 5654/5741/4948 5655/5742/4948
f 5656/5743/4949 5657/5744/4950 5658/5745/4951
f 5656/5743/4949 5658/5745/4951 5659/5746/4952
f 5660/5747/4953 5661/5748/4954 5662/5749/4955
f 5660/5747/4953 5663/5750/4956 5661/5748/4954
f 5664/5751/4957 5665/5752/4958 5666/5753/4959
f 5664/5751/4957 5666/5753/4959 5667/5754/4960
f 5668/5755/4961 5669/5756/4962 5670/5757/4963
f 5670/5757/4963 5671/5758/4964 5668/5755/4961
f 5672/5759/4965 5673/5760/4966 5674/5761/4967
f 5673/5760/4966 5672/5759/4965 5675/5762/4968
f 5676/5763/4969 5677/5764/4970 5678/5765/4971
f 5679/5766/4972 5676/5763/4969 5678/5765/4971
f 5680/5767/4973 5681/5768/4974 5682/5769/4975
f 5683/5770/4976 5681/5768/4974 5680/5767/4973
f 5684/5771/4977 5685/5772/4978 5686/5773/4979
f 5687/5774/4980 5685/5772/4978 5684/5771/4977
f 5688/5775/4981 5689/5776/4982 5690/5777/4983
f 5689/5776/4982 5688/5775/4981 5691/5778/4984
f 5692/5779/4985 5693/5780/4986 5694/5781/4987
f 5695/5782/4988 5692/5779/4985 5694/5781/4987
f 5696/5783/4989 5697/5784/4990 5698/5785/4991
f 5697/5784/4990 5696/5783/4989 5699/5786/4992
f 5700/5787/4993 5701/5788/4994 5702/5789/4995
f 5701/5788/4994 5700/5787/4993 5703/5790/4996
f 5704/5791/4997 5705/5792/4998 5706/5793/4999
f 5705/5792/4998 5704/5791/4997 5707/5794/5000
f 5708/5795/5001 5709/5796/5002 5710/5797/5003
f 5709/5796/5002 5708/5795/5001 5711/5798/5004
f 5712/5799/5005 5713/5800/5006 5714/5801/5007
f 5715/5802/5008 5713/5800/5006 5712/5799/5005
f 5716/5803/5009 5717/5804/5010 5718/5805/5011
f 5717/5804/5010 5716/5803/5009 5719/5806/5012
f 5720/5807/5013 5721/5808/5014 5722/5809/5015
f 5721/5808/5014 5720/5807/5013 5723/5810/5016
f 5724/5811/5017 5725/5812/5018 5726/5813/5019
f 5725/5812/5018 5724/5811/5017 5727/5814/5020
f 5728/5815/5021 5729/5816/5022 5730/5817/5023
f 5729/5816/5022 5728/5815/5021 5731/5818/5024
f 5732/5819/5025 5733/5820/5026 5734/5821/5027
f 5735/5822/5028 5733/5820/5026 5732/5819/5025
f 5736/5823/5029 5737/5824/5030 5738/5825/5031
f 5739/5826/5032 5737/5824/5030 5736/5823/5029
f 5740/5827/5033 5741/5828/5034 5742/5829/5035
f 5741/5828/5034 5740/5827/5033 5743/5830/5036
f 5744/5831/5037 5745/5832/5038 5746/5833/5039
f 5745/5832/5038 5744/5831/5037 5747/5834/5040
f 5748/5835/5041 5749/5836/5042 5750/5837/5043
f 5749/5836/5042 5748/5835/5041 5751/5838/5044
f 5752/5839/5045 5753/5840/5046 5754/5841/5047
f 5753/5840/5046 5752/5839/5045 5755/5842/5048
f 5762/5843/5049 5763/5844/5050 5764/5845/5051
f 5763/5844/5050 5762/5843/5049 5765/5846/5052
f 5766/5847/5053 5767/5848/5054 5768/5849/5055
f 5766/5847/5053 5769/5850/5056 5767/5848/5054
f 5773/5851/5057 5774/5852/5058 5775/5853/5059
f 5773/5851/5057 5775/5853/5059 5776/5854/5060
f 5777/5855/5061 5778/5856/5061 5779/5857/5061
f 5777/5855/5061 5779/5857/5061 5780/5858/5061
f 5781/5859/5062 5782/5860/5063 5783/5861/5064
f 5784/5862/5065 5782/5860/5063 5781/5859/5062
f 5785/5863/5066 5786/5864/5067 5787/5865/5068
f 5786/5864/5067 5785/5863/5066 5788/5866/5069
f 5789/5867/5070 5790/5868/5071 5791/5869/5072
f 5790/5868/5071 5789/5867/5070 5792/5870/5073
f 5793/5871/5074 5794/5872/5075 5795/5873/5076
f 5794/5872/5075 5793/5871/5074 5796/5874/5077
f 5797/5875/5078 5798/5876/5079 5799/5877/5080
f 5798/5876/5079 5797/5875/5078 5800/5878/5078
f 5801/5879/5081 5802/5880/5082 5803/5881/5083
f 5802/5880/5082 5801/5879/5081 5804/5882/5084
f 5805/5883/5085 5806/5884/5086 5807/5885/5087
f 5806/5884/5086 5805/5883/5085 5808/5886/5088
f 5809/5887/5089 5810/5888/5090 5811/5889/5091
f 5810/5888/5090 5809/5887/5089 5812/5890/5090
f 5813/5891/5092 5814/5892/5093 5815/5893/5092
f 5813/5891/5092 5816/5894/5093 5814/5892/5093
f 5817/5895/5094 5818/5896/5095 5819/5897/5096
f 5818/5896/5095 5817/5895/5094 5820/5898/5097
f 5821/5899/5098 5822/5900/5099 5823/5901/5100
f 5822/5900/5099 5821/5899/5098 5824/5902/5101
f 5825/5903/5102 5826/5904/5103 5827/5905/5104
f 5826/5904/5103 5825/5903/5102 5828/5906/5105
f 5829/5907/5106 5830/5908/5107 5831/5909/5108
f 5830/5908/5107 5829/5907/5106 5832/5910/5109
f 5833/5911/5110 5834/5912/5111 5835/5913/5112
f 5833/5911/5110 5835/5913/5112 5836/5914/5113
f 5837/5915/5114 5838/5916/5115 5839/5917/5116
f 5838/5916/5115 5837/5915/5114 5840/5918/5117
f 5841/5919/5118 5842/5920/5119 5843/5921/5120
f 5842/5920/5119 5841/5919/5118 5844/5922/5121
f 5845/5923/5122 5846/5924/5123 5847/5925/5123
f 5846/5924/5123 5845/5923/5122 5848/5926/5124
f 5849/5927/5125 5850/5928/5126 5851/5929/5127
f 5849/5927/5125 5852/5930/5128 5850/5928/5126
f 5853/5931/5129 5854/5932/5129 5855/5933/5129
f 5855/5933/5129 5856/5934/5130 5853/5931/5129
f 5857/5935/5131 5858/5936/5132 5859/5937/5133
f 5859/5937/5133 5858/5936/5132 5860/5938/5134
f 5861/5939/5135 5862/5940/5136 5863/5941/5137
f 5862/5940/5136 5861/5939/5135 5864/5942/5138
f 5865/5943/5139 5866/5944/5140 5867/5945/5141
f 5866/5944/5140 5865/5943/5139 5868/5946/5142
f 5869/5947/5143 5870/5948/5144 5871/5949/5145
f 5870/5948/5144 5869/5947/5143 5872/5950/5146
f 5873/5951/5147 5874/5952/5148 5875/5953/5147
f 5873/5951/5147 5876/5954/5147 5874/5952/5148
f 5877/5955/5149 5878/5956/5150 5879/5957/5151
f 5878/5956/5150 5877/5955/5149 5880/5958/5149
f 5881/5959/5152 5882/5960/5152 5883/5961/5152
f 5882/5960/5152 5881/5959/5152 5884/5962/5152
f 5885/5963/5153 5886/5964/5153 5887/5965/5153
f 5886/5964/5153 5885/5963/5153 5888/5966/5153
f 5889/5967/5154 5890/5968/5154 5891/5969/5154
f 5890/5968/5154 5889/5967/5154 5892/5970/5154
f 5893/5971/5155 5894/5972/5156 5895/5973/5155
f 5893/5971/5155 5895/5973/5155 5896/5974/5155
f 5897/5975/5157 5898/5976/5158 5899/5977/5159
f 5897/5975/5157 5899/5977/5159 5900/5978/5160
f 5901/5979/5161 5902/5980/5162 5903/5981/5163
f 5902/5980/5162 5901/5979/5161 5904/5982/5164
f 5908/5983/5165 5909/5984/5166 5910/5985/5167
f 5908/5983/5165 5910/5985/5167 5911/5986/5168
f 5912/5987/5169 5913/5988/5170 5914/5989/5171
f 5915/5990/5172 5914/5989/5171 5913/5988/5170
f 5916/5991/5173 5917/5992/5173 5918/5993/5173
f 5919/5994/5173 5916/5991/5173 5918/5993/5173
f 5920/5995/5174 5921/5996/5175 5922/5997/5176
f 5921/5996/5175 5920/5995/5174 5923/5998/5177
f 5924/5999/5178 5925/6000/5178 5926/6001/5179
f 5925/6000/5178 5924/5999/5178 5927/6002/5178
f 5928/6003/5180 5929/6004/5181 5930/6005/5182
f 5929/6004/5181 5928/6003/5180 5931/6006/5183
f 5932/6007/5184 5933/6008/5185 5934/6009/5186
f 5933/6008/5185 5932/6007/5184 5935/6010/5187
f 5936/6011/5188 5937/6012/5189 5938/6013/5190
f 5939/6014/5191 5936/6011/5188 5938/6013/5190
f 5940/6015/5192 5941/6016/5193 5942/6017/5194
f 5941/6016/5193 5940/6015/5192 5943/6018/5195
f 5947/6019/5196 5948/6020/5197 5949/6021/5198
f 5950/6022/5199 5947/6019/5196 5949/6021/5198
f 5951/6023/5200 5952/6024/5201 5953/6025/5202
f 5952/6024/5201 5951/6023/5200 5954/6026/5203
f 5958/6027/5204 5959/6028/5205 5960/6029/5206
f 5958/6027/5204 5961/6030/5207 5959/6028/5205
f 5962/6031/5208 5963/6032/5209 5964/6033/5210
f 5963/6032/5209 5962/6031/5208 5965/6034/5211
f 5966/6035/5212 5967/6036/5213 5968/6037/5214
f 5967/6036/5213 5966/6035/5212 5969/6038/5215
f 5970/6039/5216 5971/6040/5217 5972/6041/5218
f 5970/6039/5216 5973/6042/5219 5971/6040/5217
f 5974/6043/5220 5975/6044/5221 5976/6045/5222
f 5975/6044/5221 5974/6043/5220 5977/6046/5221
f 5978/6047/5223 5979/6048/5224 5980/6049/5225
f 5979/6048/5224 5978/6047/5223 5981/6050/5226
f 5982/6051/5227 5983/6052/5228 5984/6053/5229
f 5983/6052/5228 5982/6051/5227 5985/6054/5230
f 5986/6055/5231 5987/6056/5232 5988/6057/5233
f 5987/6056/5232 5986/6055/5231 5989/6058/5234
f 5990/6059/5235 5991/6060/5236 5992/6061/5237
f 5990/6059/5235 5992/6061/5237 5993/6062/5238
f 5994/6063/5239 5995/6064/5240 5996/6065/5241
f 5994/6063/5239 5996/6065/5241 5997/6066/5242
f 5998/6067/5243 5999/6068/5244 6000/6069/5245
f 5999/6068/5244 5998/6067/5243 6001/6070/5245
f 6002/6071/5246 6003/6072/5247 6004/6073/5248
f 6002/6071/5246 6004/6073/5248 6005/6074/5249
f 6006/6075/5250 6007/6076/5251 6008/6077/5252
f 6007/6076/5251 6006/6075/5250 6009/6078/5253
f 6010/6079/5254 6011/6080/5255 6012/6081/5256
f 6011/6080/5255 6010/6079/5254 6013/6082/5257
f 6014/6083/5258 6015/6084/5259 6016/6085/5260
f 6015/6084/5259 6014/6083/5258 6017/6086/5261
f 6018/6087/5262 6019/6088/5263 6020/6089/5264
f 6019/6088/5263 6018/6087/5262 6021/6090/5265
f 6022/6091/5266 6023/6092/5267 6024/6093/5268
f 6023/6092/5267 6022/6091/5266 6025/6094/5269
f 6026/6095/5270 6027/6096/5271 6028/6097/5271
f 6026/6095/5270 6028/6097/5271 6029/6098/5270
f 6030/6099/5272 6031/6100/5273 6032/6101/5274
f 6031/6100/5273 6030/6099/5272 6033/6102/5275
f 6034/6103/5276 6035/6104/5277 6036/6105/5276
f 6035/6104/5277 6034/6103/5276 6037/6106/5276
f 6038/6107/5278 6039/6108/5279 6040/6109/5280
f 6039/6108/5279 6038/6107/5278 6041/6110/5281
f 6042/6111/5282 6043/6112/5283 6044/6113/5284
f 6045/6114/5285 6042/6111/5282 6044/6113/5284
f 6046/6115/5286 6047/6116/5287 6048/6117/5288
f 6047/6116/5287 6046/6115/5286 6049/6118/5289
f 6050/6119/5290 6051/6120/5291 6052/6121/5290
f 6051/6120/5291 6050/6119/5290 6053/6122/5290
f 6054/6123/5292 6055/6124/5293 6056/6125/5294
f 6057/6126/5295 6054/6123/5292 6056/6125/5294
f 6058/6127/5296 6059/6128/5297 6060/6129/5298
f 6061/6130/5299 6058/6127/5296 6060/6129/5298
f 6062/6131/5300 6063/6132/5301 6064/6133/5302
f 6063/6132/5301 6062/6131/5300 6065/6134/5303
f 6066/6135/5304 6067/6136/5305 6068/6137/5306
f 6066/6135/5304 6068/6137/5306 6069/6138/5307
f 6070/6139/5308 6071/6140/5309 6072/6141/5310
f 6071/6140/5309 6070/6139/5308 6073/6142/5311
f 6074/6143/5312 6075/6144/5313 6076/6145/5314
f 6075/6144/5313 6074/6143/5312 6077/6146/5315
f 6078/6147/5316 6079/6148/5317 6080/6149/5318
f 6079/6148/5317 6078/6147/5316 6081/6150/5319
f 6082/6151/5320 6083/6152/5321 6084/6153/5322
f 6083/6152/5321 6082/6151/5320 6085/6154/5323
f 6086/6155/5324 6087/6156/5325 6088/6157/5326
f 6087/6156/5325 6086/6155/5324 6089/6158/5327
f 6090/6159/5328 6091/6160/5329 6092/6161/5330
f 6091/6160/5329 6090/6159/5328 6093/6162/5331
f 6094/6163/5332 6095/6164/5332 6096/6165/5332
f 6095/6164/5332 6094/6163/5332 6097/6166/5332
f 6098/6167/5333 6099/6168/5334 6100/6169/5335
f 6098/6167/5333 6101/6170/5336 6099/6168/5334
f 6102/6171/5337 6103/6172/5338 6104/6173/5339
f 6103/6172/5338 6102/6171/5337 6105/6174/5340
f 6106/6175/5341 6107/6176/5342 6108/6177/5343
f 6109/6178/5344 6107/6176/5342 6106/6175/5341
f 6110/6179/5345 6111/6180/5346 6112/6181/5347
f 6111/6180/5346 6110/6179/5345 6113/6182/5348
f 6114/6183/5349 6115/6184/5350 6116/6185/5351
f 6117/6186/5352 6114/6183/5349 6116/6185/5351
f 6118/6187/5353 6119/6188/5354 6120/6189/5355
f 6118/6187/5353 6121/6190/5356 6119/6188/5354
f 6122/6191/5357 6123/6192/5358 6124/6193/5359
f 6123/6192/5358 6122/6191/5357 6125/6194/5360
f 6126/6195/5361 6127/6196/5362 6128/6197/5363
f 6126/6195/5361 6129/6198/5364 6127/6196/5362
f 6130/6199/5365 6131/6200/5366 6132/6201/5367
f 6131/6200/5366 6130/6199/5365 6133/6202/5368
f 6134/6203/5369 6135/6204/5370 6136/6205/5371
f 6136/6205/5371 6135/6204/5370 6137/6206/5372
f 6138/6207/5373 6139/6208/5374 6140/6209/5375
f 6140/6209/5375 6141/6210/5375 6138/6207/5373
f 6142/6211/5376 6143/6212/5377 6144/6213/5378
f 6143/6212/5377 6142/6211/5376 6145/6214/5379
f 6146/6215/5380 6147/6216/5381 6148/6217/5382
f 6147/6216/5381 6146/6215/5380 6149/6218/5383
f 6150/6219/5384 6151/6220/5385 6152/6221/5386
f 6151/6220/5385 6150/6219/5384 6153/6222/5387
f 6154/6223/5388 6155/6224/5389 6156/6225/5390
f 6154/6223/5388 6157/6226/5391 6155/6224/5389
f 6161/6227/5392 6162/6228/5393 6163/6229/5394
f 6162/6228/5393 6161/6227/5392 6164/6230/5395
f 6165/6231/5396 6166/6232/5397 6167/6233/5398
f 6166/6232/5397 6165/6231/5396 6168/6234/5399
f 6169/6235/5400 6170/6236/5401 6171/6237/5402
f 6170/6236/5401 6169/6235/5400 6172/6238/5401
f 6173/6239/5403 6174/6240/5404 6175/6241/5405
f 6174/6240/5404 6173/6239/5403 6176/6242/5406
f 6180/6243/5407 6181/6244/5407 6182/6245/5407
f 6183/6246/5407 6182/6245/5407 6181/6244/5407
f 6184/6247/5408 6185/6248/5409 6186/6249/5410
f 6185/6248/5409 6184/6247/5408 6187/6250/5411
f 6188/6251/5412 6189/6252/5413 6190/6253/5414
f 6188/6251/5412 6191/6254/5415 6189/6252/5413
f 6192/6255/5416 6193/6256/5417 6194/6257/5418
f 6193/6256/5417 6192/6255/5416 6195/6258/5419
f 6196/6259/5420 6197/6260/5421 6198/6261/5422
f 6197/6260/5421 6196/6259/5420 6199/6262/5423
f 6200/6263/5424 6201/6264/5424 6202/6265/5424
f 6200/6263/5424 6203/6266/5424 6201/6264/5424
f 6204/6267/5425 6205/6268/5426 6206/6269/5427
f 6206/6269/5427 6207/6270/5428 6204/6267/5425
f 6208/6271/5429 6209/6272/5430 6210/6273/5431
f 6208/6271/5429 6211/6274/5430 6209/6272/5430
f 6212/6275/5432 6213/6276/5432 6214/6277/5432
f 6213/6276/5432 6212/6275/5432 6215/6278/5432
f 6216/6279/5433 6217/6280/5434 6218/6281/5435
f 6217/6280/5434 6216/6279/5433 6219/6282/5436
f 6220/6283/5437 6221/6284/5438 6222/6285/5439
f 6223/6286/5440 6221/6284/5438 6220/6283/5437
f 6224/6287/5441 6225/6288/5442 6226/6289/5443
f 6225/6288/5442 6224/6287/5441 6227/6290/5444
f 6228/6291/5445 6229/6292/5446 6230/6293/5446
f 6229/6292/5446 6228/6291/5445 6231/6294/5447
f 6232/6295/5448 6233/6296/5449 6234/6297/5450
f 6235/6298/5451 6234/6297/5450 6233/6296/5449
f 6236/6299/5452 6237/6300/5453 6238/6301/5454
f 6237/6300/5453 6236/6299/5452 6239/6302/5455
f 6240/6303/5456 6241/6304/5457 6242/6305/5458
f 6243/6306/5459 6242/6305/5458 6241/6304/5457
f 6244/6307/5460 6245/6308/5461 6246/6309/5462
f 6245/6308/5461 6244/6307/5460 6247/6310/5463
f 6248/6311/5464 6249/6312/5465 6250/6313/5466
f 6250/6313/5466 6251/6314/5467 6248/6311/5464
f 6252/6315/5468 6253/6316/5469 6254/6317/5470
f 6255/6318/5471 6253/6316/5469 6252/6315/5468
f 6256/6319/5472 6257/6320/5473 6258/6321/5474
f 6257/6320/5473 6256/6319/5472 6259/6322/5475
f 6260/6323/5476 6261/6324/5477 6262/6325/5478
f 6260/6323/5476 6262/6325/5478 6263/6326/5479
f 6264/6327/5480 6265/6328/5481 6266/6329/5482
f 6265/6328/5481 6264/6327/5480 6267/6330/5483
f 6268/6331/5484 6269/6332/5485 6270/6333/5486
f 6269/6332/5485 6268/6331/5484 6271/6334/5487
f 6272/6335/5488 6273/6336/5489 6274/6337/5490
f 6273/6336/5489 6272/6335/5488 6275/6338/5491
f 6276/6339/5492 6277/6340/5493 6278/6341/5494
f 6279/6342/5495 6278/6341/5494 6277/6340/5493
f 6280/6343/5496 6281/6344/5497 6282/6345/5498
f 6283/6346/5499 6282/6345/5498 6281/6344/5497
f 6284/6347/5500 6285/6348/5500 6286/6349/5500
f 6284/6347/5500 6287/6350/5501 6285/6348/5500
f 6288/6351/5502 6289/6352/5503 6290/6353/5504
f 6289/6352/5503 6288/6351/5502 6291/6354/5505
f 6292/6355/5506 6293/6356/5507 6294/6357/5508
f 6293/6356/5507 6292/6355/5506 6295/6358/5509
f 6296/6359/5510 6297/6360/5511 6298/6361/5512
f 6296/6359/5510 6298/6361/5512 6299/6362/5513
f 6300/6363/5514 6301/6364/5515 6302/6365/5516
f 6301/6364/5515 6300/6363/5514 6303/6366/5517
f 6304/6367/5518 6305/6368/5518 6306/6369/5518
f 6305/6368/5518 6304/6367/5518 6307/6370/5518
f 6308/6371/5519 6309/6372/5520 6310/6373/5521
f 6309/6372/5520 6308/6371/5519 6311/6374/5522
f 6312/6375/5523 6313/6376/5524 6314/6377/5525
f 6313/6376/5524 6312/6375/5523 6315/6378/5526
f 6316/6379/5527 6317/6380/5528 6318/6381/5529
f 6319/6382/5530 6316/6379/5527 6318/6381/5529
f 6320/6383/5531 6321/6384/5532 6322/6385/5533
f 6320/6383/5531 6323/6386/5534 6321/6384/5532
f 6324/6387/5535 6325/6388/5536 6326/6389/5535
f 6325/6388/5536 6324/6387/5535 6327/6390/5535
f 6328/6391/5537 6329/6392/5538 6330/6393/5539
f 6329/6392/5538 6328/6391/5537 6331/6394/5540
f 6332/6395/5541 6333/6396/5542 6334/6397/5543
f 6333/6396/5542 6332/6395/5541 6335/6398/5544
f 6336/6399/5545 6337/6400/5546 6338/6401/5547
f 6337/6400/5546 6336/6399/5545 6339/6402/5548
f 6340/6403/5549 6341/6404/5550 6342/6405/5551
f 6341/6404/5550 6340/6403/5549 6343/6406/5552
f 6344/6407/5553 6345/6408/5554 6346/6409/5555
f 6345/6408/5554 6344/6407/5553 6347/6410/5556
f 6351/6411/5557 6352/6412/5558 6353/6413/5559
f 6354/6414/5560 6353/6413/5559 6352/6412/5558
f 6355/6415/5561 6356/6416/5562 6357/6417/5563
f 6356/6416/5562 6355/6415/5561 6358/6418/5564
f 6359/6419/5565 6360/6420/5566 6361/6421/5567
f 6360/6420/5566 6359/6419/5565 6362/6422/5568
f 6363/6423/5569 6364/6424/5570 6365/6425/5571
f 6364/6424/5570 6363/6423/5569 6366/6426/5572
f 6367/6427/5573 6368/6428/5574 6369/6429/5575
f 6367/6427/5573 6369/6429/5575 6370/6430/5576
f 6371/6431/5577 6372/6432/5578 6373/6433/5579
f 6372/6432/5578 6371/6431/5577 6374/6434/5580
f 6375/6435/5581 6376/6436/5582 6377/6437/5583
f 6376/6436/5582 6375/6435/5581 6378/6438/5584
f 6379/6439/5585 6380/6440/5586 6381/6441/5587
f 6380/6440/5586 6379/6439/5585 6382/6442/5588
f 6383/6443/5589 6384/6444/5590 6385/6445/5591
f 6384/6444/5590 6383/6443/5589 6386/6446/5592
f 6387/6447/5593 6388/6448/5594 6389/6449/5595
f 6388/6448/5594 6387/6447/5593 6390/6450/5596
f 6391/6451/5597 6392/6452/5597 6393/6453/5597
f 6392/6452/5597 6391/6451/5597 6394/6454/5597
f 6395/6455/5598 6396/6456/5598 6397/6457/5598
f 6396/6456/5598 6395/6455/5598 6398/6458/5598
f 6399/6459/5599 6400/6460/5600 6401/6461/5599
f 6400/6460/5600 6399/6459/5599 6402/6462/5599
f 6403/6463/5601 6404/6464/5601 6405/6465/5601
f 6404/6464/5601 6403/6463/5601 6406/6466/5601
f 6407/6467/5602 6408/6468/5602 6409/6469/5603
f 6408/6468/5602 6407/6467/5602 6410/6470/5603
f 6411/6471/5604 6412/6472/5605 6413/6473/5605
f 6412/6472/5605 6411/6471/5604 6414/6474/5604
f 6415/6475/5606 6416/6476/5606 6417/6477/5606
f 6416/6476/5606 6415/6475/5606 6418/6478/5607
f 6419/6479/5608 6420/6480/5608 6421/6481/5608
f 6421/6481/5608 6422/6482/5608 6419/6479/5608
f 6423/6483/5609 6424/6484/5610 6425/6485/5611
f 6424/6484/5610 6423/6483/5609 6426/6486/5612
f 6427/6487/5613 6428/6488/5614 6429/6489/5615
f 6428/6488/5614 6427/6487/5613 6430/6490/5616
f 6431/6491/5617 6432/6492/5618 6433/6493/5619
f 6432/6492/5618 6431/6491/5617 6434/6494/5620
f 6435/6495/5621 6436/6496/5622 6437/6497/5623
f 6436/6496/5622 6435/6495/5621 6438/6498/5624
f 6439/6499/5625 6440/6500/5626 6441/6501/5627
f 6440/6500/5626 6439/6499/5625 6442/6502/5628
f 6443/6503/5629 6444/6504/5630 6445/6505/5631
f 6444/6504/5630 6443/6503/5629 6446/6506/5632
f 6447/6507/5633 6448/6508/5634 6449/6509/5635
f 6450/6510/5636 6448/6508/5634 6447/6507/5633
f 6451/6511/5637 6452/6512/5638 6453/6513/5639
f 6454/6514/5640 6452/6512/5638 6451/6511/5637
f 6455/6515/5641 6456/6516/5641 6457/6517/5641
f 6456/6516/5641 6455/6515/5641 6458/6518/5641
f 6459/6519/5642 6460/6520/5642 6461/6521/5642
f 6462/6522/5642 6461/6521/5642 6460/6520/5642
f 6463/6523/5643 6464/6524/5643 6465/6525/5643
f 6464/6524/5643 6463/6523/5643 6466/6526/5643
f 6467/6527/5644 6468/6528/5644 6469/6529/5644
f 6467/6527/5644 6469/6529/5644 6470/6530/5644
f 6471/6531/5645 6472/6532/5645 6473/6533/5645
f 6472/6532/5645 6471/6531/5645 6474/6534/5645
f 6475/6535/5646 6476/6536/5646 6477/6537/5646
f 6478/6538/5646 6476/6536/5646 6475/6535/5646
f 6479/6539/5647 6480/6540/5647 6481/6541/5647
f 6480/6540/5647 6479/6539/5647 6482/6542/5647
f 6483/6543/5648 6484/6544/5649 6485/6545/5650
f 6484/6544/5649 6483/6543/5648 6486/6546/5651
f 6487/6547/5652 6488/6548/5653 6489/6549/5654
f 6490/6550/5655 6488/6548/5653 6487/6547/5652
f 6491/6551/5656 6492/6552/5657 6493/6553/5658
f 6494/6554/5659 6491/6551/5656 6493/6553/5658
f 6495/6555/5660 6496/6556/5661 6497/6557/5662
f 6496/6556/5661 6495/6555/5660 6498/6558/5663
f 6499/6559/5664 6500/6560/5665 6501/6561/5666
f 6500/6560/5665 6499/6559/5664 6502/6562/5667
f 6503/6563/5668 6504/6564/5669 6505/6565/5670
f 6504/6564/5669 6503/6563/5668 6506/6566/5671
f 6507/6567/5672 6508/6568/5673 6509/6569/5674
f 6508/6568/5673 6507/6567/5672 6510/6570/5675
f 6511/6571/5676 6512/6572/5677 6513/6573/5678
f 6511/6571/5676 6513/6573/5678 6514/6574/5679
f 6515/6575/5680 6516/6576/5681 6517/6577/5682
f 6518/6578/5683 6516/6576/5681 6515/6575/5680
f 6519/6579/5684 6520/6580/5685 6521/6581/5686
f 6520/6580/5685 6519/6579/5684 6522/6582/5687
f 6523/6583/5688 6524/6584/5689 6525/6585/5690
f 6524/6584/5689 6523/6583/5688 6526/6586/5691
f 6527/6587/5692 6528/6588/5693 6529/6589/5694
f 6528/6588/5693 6527/6587/5692 6530/6590/5695
f 6531/6591/5696 6532/6592/5697 6533/6593/5698
f 6533/6593/5698 6534/6594/5699 6531/6591/5696
f 6535/6595/5700 6536/6596/5701 6537/6597/5702
f 6538/6598/5703 6536/6596/5701 6535/6595/5700
f 6539/6599/5704 6540/6600/5705 6541/6601/5706
f 6542/6602/5707 6540/6600/5705 6539/6599/5704
f 6543/6603/5708 6544/6604/5709 6545/6605/5710
f 6546/6606/5711 6544/6604/5709 6543/6603/5708
f 6547/6607/5712 6548/6608/5713 6549/6609/5714
f 6550/6610/5715 6548/6608/5713 6547/6607/5712
f 6551/6611/5716 6552/6612/5717 6553/6613/5718
f 6552/6612/5717 6551/6611/5716 6554/6614/5719
f 6555/6615/5720 6556/6616/5721 6557/6617/5722
f 6558/6618/5723 6556/6616/5721 6555/6615/5720
f 6559/6619/5724 6560/6620/5725 6561/6621/5726
f 6560/6620/5725 6559/6619/5724 6562/6622/5727
f 6563/6623/5728 6564/6624/5729 6565/6625/5730
f 6563/6623/5728 6565/6625/5730 6566/6626/5731
f 6567/6627/5732 6568/6628/5733 6569/6629/5734
f 6570/6630/5735 6568/6628/5733 6567/6627/5732
f 6571/6631/5736 6572/6632/5737 6573/6633/5738
f 6572/6632/5737 6571/6631/5736 6574/6634/5739
f 6575/6635/5740 6576/6636/5741 6577/6637/5742
f 6576/6636/5741 6575/6635/5740 6578/6638/5743
f 6579/6639/5744 6580/6640/5745 6581/6641/5746
f 6580/6640/5745 6579/6639/5744 6582/6642/5747
f 6583/6643/5748 6584/6644/5749 6585/6645/5750
f 6584/6644/5749 6583/6643/5748 6586/6646/5751
f 6587/6647/5752 6588/6648/5753 6589/6649/5754
f 6588/6648/5753 6587/6647/5752 6590/6650/5755
f 6591/6651/5756 6592/6652/5757 6593/6653/5758
f 6592/6652/5757 6591/6651/5756 6594/6654/5759
f 6595/6655/5760 6596/6656/5761 6597/6657/5762
f 6596/6656/5761 6595/6655/5760 6598/6658/5763
f 6599/6659/5764 6600/6660/5765 6601/6661/5766
f 6600/6660/5765 6599/6659/5764 6602/6662/5767
f 6603/6663/5768 6604/6664/5769 6605/6665/5770
f 6606/6666/5771 6605/6665/5770 6604/6664/5769
f 6607/6667/5772 6608/6668/5773 6609/6669/5774
f 6610/6670/5775 6607/6667/5772 6609/6669/5774
f 6611/6671/5776 6612/6672/5777 6613/6673/5778
f 6614/6674/5779 6611/6671/5776 6613/6673/5778
f 6615/6675/5780 6616/6676/5781 6617/6677/5782
f 6616/6676/5781 6615/6675/5780 6618/6678/5783
f 6619/6679/5784 6620/6680/5785 6621/6681/5786
f 6620/6680/5785 6619/6679/5784 6622/6682/5787
f 6623/6683/5788 6624/6684/5789 6625/6685/5790
f 6626/6686/5791 6623/6683/5788 6625/6685/5790
f 6627/6687/5792 6628/6688/5793 6629/6689/5794
f 6628/6688/5793 6627/6687/5792 6630/6690/5795
f 6631/6691/5796 6632/6692/5797 6633/6693/5798
f 6632/6692/5797 6631/6691/5796 6634/6694/5799
f 6635/6695/5800 6636/6696/5801 6637/6697/5802
f 6636/6696/5801 6635/6695/5800 6638/6698/5803
f 6639/6699/5804 6640/6700/5805 6641/6701/5806
f 6640/6700/5805 6639/6699/5804 6642/6702/5807
f 6643/6703/5808 6644/6704/5809 6645/6705/5810
f 6645/6705/5810 6646/6706/5811 6643/6703/5808
f 6647/6707/5812 6648/6708/5813 6649/6709/5814
f 6648/6708/5813 6647/6707/5812 6650/6710/5815
f 6651/6711/5816 6652/6712/5817 6653/6713/5818
f 6652/6712/5817 6651/6711/5816 6654/6714/5819
f 6655/6715/5820 6656/6716/5821 6657/6717/5822
f 6657/6717/5822 6658/6718/5823 6655/6715/5820
f 6659/6719/5824 6660/6720/5825 6661/6721/5826
f 6661/6721/5826 6662/6722/5827 6659/6719/5824
f 6663/6723/5828 6664/6724/5829 6665/6725/5829
f 6664/6724/5829 6663/6723/5828 6666/6726/5830
f 6667/6727/5831 6668/6728/5832 6669/6729/5833
f 6668/6728/5832 6667/6727/5831 6670/6730/5834
f 6671/6731/5835 6672/6732/5836 6673/6733/5837
f 6672/6732/5836 6671/6731/5835 6674/6734/5838
f 6675/6735/5839 6676/6736/5840 6677/6737/5841
f 6677/6737/5841 6678/6738/5842 6675/6735/5839
f 6679/6739/5843 6680/6740/5844 6681/6741/5845
f 6680/6740/5844 6679/6739/5843 6682/6742/5846
f 6683/6743/5847 6684/6744/5848 6685/6745/5849
f 6685/6745/5849 6686/6746/5850 6683/6743/5847
f 6687/6747/5851 6688/6748/5852 6689/6749/5853
f 6689/6749/5853 6690/6750/5854 6687/6747/5851
f 6691/6751/5855 6692/6752/5856 6693/6753/5857
f 6692/6752/5856 6691/6751/5855 6694/6754/5858
f 6695/6755/5859 6696/6756/5860 6697/6757/5861
f 6697/6757/5861 6698/6758/5862 6695/6755/5859
f 6699/6759/5863 6700/6760/5864 6701/6761/5865
f 6699/6759/5863 6701/6761/5865 6702/6762/5866
f 6703/6763/5867 6704/6764/5868 6705/6765/5869
f 6705/6765/5869 6706/6766/5870 6703/6763/5867
f 6707/6767/5871 6708/6768/5872 6709/6769/5873
f 6707/6767/5871 6709/6769/5873 6710/6770/5874
f 6711/6771/5875 6712/6772/5876 6713/6773/5877
f 6713/6773/5877 6714/6774/5878 6711/6771/5875
f 6715/6775/5879 6716/6776/5880 6717/6777/5881
f 6716/6776/5880 6715/6775/5879 6718/6778/5882
f 6719/6779/5883 6720/6780/5884 6721/6781/5885
f 6721/6781/5885 6722/6782/5886 6719/6779/5883
f 6723/6783/5887 6724/6784/5888 6725/6785/5889
f 6724/6784/5888 6723/6783/5887 6726/6786/5890
f 6727/6787/5891 6728/6788/5892 6729/6789/5893
f 6728/6788/5892 6727/6787/5891 6730/6790/5894
f 6731/6791/5895 6732/6792/5896 6733/6793/5897
f 6732/6792/5896 6731/6791/5895 6734/6794/5898
f 6735/6795/5899 6736/6796/5900 6737/6797/5901
f 6736/6796/5900 6735/6795/5899 6738/6798/5902
f 6739/6799/5903 6740/6800/5904 6741/6801/5905
f 6741/6801/5905 6740/6800/5904 6742/6802/5906
f 6746/6803/5907 6747/6804/5908 6748/6805/5909
f 6747/6804/5908 6746/6803/5907 6749/6806/5910
f 6750/6807/5911 6751/6808/5912 6752/6809/5913
f 6751/6808/5912 6750/6807/5911 6753/6810/5914
f 6754/6811/5915 6755/6812/5916 6756/6813/5917
f 6754/6811/5915 6756/6813/5917 6757/6814/5918
f 6758/6815/5919 6759/6816/5920 6760/6817/5921
f 6758/6815/5919 6760/6817/5921 6761/6818/5922
f 6762/6819/5923 6763/6820/5924 6764/6821/5924
f 6762/6819/5923 6764/6821/5924 6765/6822/5925
f 6766/6823/5926 6767/6824/5927 6768/6825/5928
f 6767/6824/5927 6766/6823/5926 6769/6826/5929
f 6770/6827/5930 6771/6828/5930 6772/6829/5930
f 6771/6828/5930 6770/6827/5930 6773/6830/5930
f 6774/6831/5931 6775/6832/5932 6776/6833/5933
f 6775/6832/5932 6774/6831/5931 6777/6834/5934
f 6778/6835/5935 6779/6836/5935 6780/6837/5935
f 6779/6836/5935 6778/6835/5935 6781/6838/5935
f 6782/6839/5936 6783/6840/5937 6784/6841/5938
f 6783/6840/5937 6782/6839/5936 6785/6842/5939
f 6786/6843/5940 6787/6844/5941 6788/6845/5942
f 6787/6844/5941 6786/6843/5940 6789/6846/5943
f 6790/6847/5944 6791/6848/5945 6792/6849/5946
f 6791/6848/5945 6790/6847/5944 6793/6850/5947
f 6794/6851/5948 6795/6852/5949 6796/6853/5950
f 6794/6851/5948 6797/6854/5951 6795/6852/5949
f 6798/6855/5952 6799/6856/5953 6800/6857/5954
f 6799/6856/5953 6798/6855/5952 6801/6858/5955
f 6802/6859/5956 6803/6860/5957 6804/6861/5958
f 6803/6860/5957 6802/6859/5956 6805/6862/5959
f 6806/6863/5960 6807/6864/5961 6808/6865/5962
f 6807/6864/5961 6806/6863/5960 6809/6866/5963
f 6810/6867/5964 6811/6868/5965 6812/6869/5966
f 6811/6868/5965 6810/6867/5964 6813/6870/5967
f 6814/6871/5968 6815/6872/5969 6816/6873/5970
f 6815/6872/5969 6814/6871/5968 6817/6874/5971
f 6818/6875/5972 6819/6876/5973 6820/6877/5974
f 6819/6876/5973 6818/6875/5972 6821/6878/5975
f 6822/6879/5976 6823/6880/5976 6824/6881/5977
f 6823/6880/5976 6822/6879/5976 6825/6882/5976
f 6826/6883/5978 6827/6884/5979 6828/6885/5980
f 6826/6883/5978 6829/6886/5981 6827/6884/5979
f 6830/6887/5982 6831/6888/5983 6832/6889/5984
f 6831/6888/5983 6830/6887/5982 6833/6890/5985
f 6834/6891/5986 6835/6892/5987 6836/6893/5988
f 6835/6892/5987 6834/6891/5986 6837/6894/5989
f 6838/6895/5990 6839/6896/5991 6840/6897/5992
f 6839/6896/5991 6838/6895/5990 6841/6898/5993
f 6842/6899/5994 6843/6900/5995 6844/6901/5996
f 6843/6900/5995 6842/6899/5994 6845/6902/5997
f 6846/6903/5998 6847/6904/5999 6848/6905/6000
f 6846/6903/5998 6849/6906/6001 6847/6904/5999
f 6850/6907/6002 6851/6908/6003 6852/6909/6004
f 6851/6908/6003 6850/6907/6002 6853/6910/6005
f 6854/6911/6006 6855/6912/6007 6856/6913/6008
f 6855/6912/6007 6854/6911/6006 6857/6914/6009
f 6858/6915/6010 6859/6916/6011 6860/6917/6012
f 6860/6917/6012 6861/6918/6013 6858/6915/6010
f 6862/6919/6014 6863/6920/6015 6864/6921/6016
f 6864/6921/6016 6865/6922/6017 6862/6919/6014
f 6866/6923/6018 6867/6924/6019 6868/6925/6020
f 6867/6924/6019 6866/6923/6018 6869/6926/6021
f 6870/6927/6022 6871/6928/6023 6872/6929/6024
f 6871/6928/6023 6870/6927/6022 6873/6930/6025
f 6874/6931/6026 6875/6932/6027 6876/6933/6028
f 6874/6931/6026 6877/6934/6029 6875/6932/6027
f 6878/6935/6030 6879/6936/6031 6880/6937/6032
f 6879/6936/6031 6878/6935/6030 6881/6938/6033
f 6882/6939/6034 6883/6940/6035 6884/6941/6036
f 6883/6940/6035 6882/6939/6034 6885/6942/6037
f 6886/6943/6038 6887/6944/6039 6888/6945/6040
f 6887/6944/6039 6886/6943/6038 6889/6946/6041
f 6890/6947/6042 6891/6948/6043 6892/6949/6044
f 6891/6948/6043 6890/6947/6042 6893/6950/6045
f 6894/6951/6046 6895/6952/6047 6896/6953/6048
f 6896/6953/6048 6897/6954/6049 6894/6951/6046
f 6902/6955/6050 6903/6956/6051 6904/6957/6052
f 6903/6956/6051 6902/6955/6050 6905/6958/6053
f 6906/6959/6054 6907/6960/6055 6908/6961/6056
f 6907/6960/6055 6906/6959/6054 6909/6962/6057
f 6910/6963/6058 6911/6964/6059 6912/6965/6060
f 6911/6964/6059 6910/6963/6058 6913/6966/6061
f 6914/6967/6062 6915/6968/6063 6916/6969/6064
f 6915/6968/6063 6914/6967/6062 6917/6970/6065
f 6918/6971/6066 6919/6972/6067 6920/6973/6068
f 6919/6972/6067 6918/6971/6066 6921/6974/6069
f 6922/6975/6070 6923/6976/6071 6924/6977/6072
f 6924/6977/6072 6925/6978/6073 6922/6975/6070
f 6926/6979/6074 6927/6980/6075 6928/6981/6076
f 6928/6981/6076 6929/6982/6077 6926/6979/6074
f 6930/6983/6078 6931/6984/6079 6932/6985/6080
f 6931/6984/6079 6930/6983/6078 6933/6986/6081
f 6934/6987/6082 6935/6988/6083 6936/6989/6084
f 6935/6988/6083 6934/6987/6082 6937/6990/6085
f 6938/6991/6086 6939/6992/6087 6940/6993/6088
f 6939/6992/6087 6938/6991/6086 6941/6994/6089
f 6942/6995/6090 6943/6996/6091 6944/6997/6092
f 6943/6996/6091 6942/6995/6090 6945/6998/6093
f 6946/6999/6094 6947/7000/6095 6948/7001/6096
f 6947/7000/6095 6946/6999/6094 6949/7002/6097
f 6950/7003/6098 6951/7004/6099 6952/7005/6100
f 6951/7004/6099 6950/7003/6098 6953/7006/6101
f 6954/7007/6102 6955/7008/6103 6956/7009/6104
f 6955/7008/6103 6954/7007/6102 6957/7010/6105
f 6958/7011/6106 6959/7012/6107 6960/7013/6108
f 6959/7012/6107 6958/7011/6106 6961/7014/6109
f 6962/7015/6110 6963/7016/6111 6964/7017/6112
f 6963/7016/6111 6962/7015/6110 6965/7018/6113
f 6966/7019/6114 6967/7020/6115 6968/7021/6116
f 6967/7020/6115 6966/7019/6114 6969/7022/6117
f 6970/7023/6118 6971/7024/6119 6972/7025/6120
f 6971/7024/6119 6970/7023/6118 6973/7026/6121
f 6974/7027/6122 6975/7028/6123 6976/7029/6124
f 6975/7028/6123 6974/7027/6122 6977/7030/6125
f 6978/7031/6126 6979/7032/6127 6980/7033/6128
f 6979/7032/6127 6978/7031/6126 6981/7034/6129
f 6982/7035/6130 6983/7036/6131 6984/7037/6132
f 6985/7038/6133 6982/7035/6130 6984/7037/6132
f 6986/7039/6134 6987/7040/6135 6988/7041/6136
f 6987/7040/6135 6986/7039/6134 6989/7042/6137
f 6990/7043/6138 6991/7044/6139 6992/7045/6140
f 6991/7044/6139 6990/7043/6138 6993/7046/6141
f 6994/7047/6142 6995/7048/6143 6996/7049/6144
f 6995/7048/6143 6994/7047/6142 6997/7050/6145
f 6998/7051/6146 6999/7052/6147 7000/7053/6148
f 6999/7052/6147 6998/7051/6146 7001/7054/6149
f 7002/7055/6150 7003/7056/6151 7004/7057/6152
f 7003/7056/6151 7002/7055/6150 7005/7058/6153
f 7006/4586/6154 7007/4585/6154 7008/7059/6155
f 7010/7060/6156 7011/7061/6157 7012/7062/6158
f 7012/7062/6158 7013/7063/6159 7010/7060/6156
f 7014/7064/6160 7015/7065/6161 7016/7066/6162
f 7015/7065/6161 7014/7064/6160 7017/7067/6163
f 7018/7068/6164 7019/7069/6165 7020/7070/6166
f 7019/7069/6165 7018/7068/6164 7021/7071/6167
f 7022/7072/6168 7023/7073/6169 7024/7074/6170
f 7023/7073/6169 7022/7072/6168 7025/7075/6171
f 7026/7076/6172 7027/7077/6173 7028/7078/6174
f 7027/7077/6173 7026/7076/6172 7029/7079/6175
f 7030/7080/6176 7031/7081/6177 7032/7082/6178
f 7031/7081/6177 7030/7080/6176 7033/7083/6179
f 7034/7084/6180 7035/7085/6181 7036/7086/6182
f 7037/7087/6183 7035/7085/6181 7034/7084/6180
f 7038/7088/6184 7039/7089/6185 7040/7090/6186
f 7039/7089/6185 7038/7088/6184 7041/7091/6187
f 7042/7092/6188 7043/7093/6189 7044/7094/6190
f 7043/7093/6189 7042/7092/6188 7045/7095/6191
f 7046/7096/6192 7047/7097/6193 7048/7098/6194
f 7047/7097/6193 7046/7096/6192 7049/7099/6195
f 7054/7100/6196 7055/7101/6197 7056/7102/6198
f 7054/7100/6196 7057/7103/6199 7055/7101/6197
f 7058/7104/6200 7059/7105/6201 7060/7106/6202
f 7059/7105/6201 7058/7104/6200 7061/7107/6203
f 7062/7108/6204 7063/7109/6205 7064/7110/6206
f 7063/7109/6205 7062/7108/6204 7065/7111/6207
f 7066/7112/6208 7067/7113/6209 7068/7114/6210
f 7068/7114/6210 7069/7115/6211 7066/7112/6208
f 7070/7116/6212 7071/7117/6213 7072/7118/6214
f 7072/7118/6214 7073/7119/6215 7070/7116/6212
f 7074/7120/6216 7075/7121/6217 7076/7122/6218
f 7075/7121/6217 7074/7120/6216 7077/7123/6219
f 7078/7124/6220 7079/7125/6221 7080/7126/6222
f 7081/7127/6223 7078/7124/6220 7080/7126/6222
f 7082/7128/6224 7083/7129/6225 7084/7130/6226
f 7083/7129/6225 7082/7128/6224 7085/7131/6227
f 7086/7132/6228 7087/7133/6229 7088/7134/6230
f 7089/7135/6231 7088/7134/6230 7087/7133/6229
f 7090/7136/6232 7091/7137/6233 7092/7138/6234
f 7091/7137/6233 7090/7136/6232 7093/7139/6234
f 7094/7140/6235 7095/7141/6236 7096/7142/6237
f 7095/7141/6236 7094/7140/6235 7097/7143/6238
f 7098/7144/6239 7099/7145/6240 7100/7146/6241
f 7099/7145/6240 7098/7144/6239 7101/7147/6242
f 7102/7148/6243 7103/7149/6244 7104/7150/6245
f 7105/7151/6246 7104/7150/6245 7103/7149/6244
f 7106/7152/6247 7107/7153/6248 7108/7154/6249
f 7107/7153/6248 7106/7152/6247 7109/7155/6250
f 7110/7156/6251 7111/7157/6252 7112/7158/6253
f 7113/7159/6254 7112/7158/6253 7111/7157/6252
f 7114/7160/6255 7115/7161/6256 7116/7162/6257
f 7115/7161/6256 7114/7160/6255 7117/7163/6258
f 7118/7164/6259 7119/7165/6260 7120/7166/6261
f 7119/7165/6260 7118/7164/6259 7121/7167/6262
f 7122/7168/6263 7123/7169/6264 7124/7170/6265
f 7123/7169/6264 7122/7168/6263 7125/7171/6266
f 7126/7172/6267 7127/7173/6268 7128/7174/6269
f 7129/7175/6270 7126/7172/6267 7128/7174/6269
f 7130/7176/6271 7131/7177/6272 7132/7178/6273
f 7131/7177/6272 7130/7176/6271 7133/7179/6274
f 7134/7180/6275 7135/7181/6276 7136/7182/6277
f 7137/7183/6278 7136/7182/6277 7135/7181/6276
f 7138/7184/6279 7139/7185/6280 7140/7186/6281
f 7141/7187/6282 7138/7184/6279 7140/7186/6281
f 7142/7188/6283 7143/7189/6284 7144/7190/6285
f 7143/7189/6284 7142/7188/6283 7145/7191/6286
f 7146/7192/6287 7147/7193/6288 7148/7194/6289
f 7147/7193/6288 7146/7192/6287 7149/7195/6290
f 7150/7196/6291 7151/7197/6292 7152/7198/6293
f 7151/7197/6292 7150/7196/6291 7153/7199/6294
f 7154/7200/6295 7155/7201/6296 7156/7202/6297
f 7155/7201/6296 7154/7200/6295 7157/7203/6298
f 7158/7204/6299 7159/7205/6300 7160/7206/6301
f 7158/7204/6299 7161/7207/6302 7159/7205/6300
f 7162/7208/6303 7163/7209/6304 7164/7210/6305
f 7165/7211/6306 7163/7209/6304 7162/7208/6303
f 7166/7212/6307 7167/7213/6308 7168/7214/6309
f 7169/7215/6310 7167/7213/6308 7166/7212/6307
f 7174/7216/6311 7175/7217/6312 7176/7218/6313
f 7175/7217/6312 7174/7216/6311 7177/7219/6314
f 7178/7220/6315 7179/7221/6316 7180/7222/6317
f 7178/7220/6315 7181/7223/6318 7179/7221/6316
f 7182/7224/6319 7183/7225/6320 7184/7226/6321
f 7183/7225/6320 7182/7224/6319 7185/7227/6322
f 7186/7228/6323 7187/7229/6324 7188/7230/6325
f 7189/7231/6326 7187/7229/6324 7186/7228/6323
f 7190/7232/6327 7191/7233/6328 7192/7234/6329
f 7193/7235/6330 7191/7233/6328 7190/7232/6327
f 7194/7236/6331 7195/7237/6332 7196/7238/6333
f 7195/7237/6332 7194/7236/6331 7197/7239/6334
f 7198/7240/6335 7199/7241/6336 7200/7242/6337
f 7199/7241/6336 7198/7240/6335 7201/7243/6338
f 7202/7244/6339 7203/7245/6340 7204/7246/6341
f 7203/7245/6340 7202/7244/6339 7205/7247/6342
f 7206/7248/6343 7207/7249/6344 7208/7250/6345
f 7207/7249/6344 7206/7248/6343 7209/7251/6346
f 7213/7252/6347 7211/4597/6347 7210/4596/6347
f 7214/7253/6348 7215/7254/6349 7216/7255/6350
f 7217/7256/6351 7215/7254/6349 7214/7253/6348
f 7218/7257/6352 7219/7258/6353 7220/7259/6354
f 7219/7258/6353 7218/7257/6352 7221/7260/6355
f 7222/7261/6356 7223/7262/6357 7224/7263/6358
f 7222/7261/6356 7225/7264/6359 7223/7262/6357
f 7226/7265/6360 7227/7266/6361 7228/7267/6362
f 7227/7266/6361 7226/7265/6360 7229/7268/6363
f 7230/7269/6364 7231/7270/6365 7232/7271/6366
f 7231/7270/6365 7230/7269/6364 7233/7272/6367
f 7234/7273/6368 7235/7274/6369 7236/7275/6370
f 7237/7276/6371 7235/7274/6369 7234/7273/6368
f 7238/7277/6372 7239/7278/6373 7240/7279/6374
f 7241/7280/6375 7239/7278/6373 7238/7277/6372
f 7242/7281/6376 7243/7282/6377 7244/7283/6378
f 7243/7282/6377 7242/7281/6376 7245/7284/6379
f 7246/7285/6380 7247/7286/6381 7248/7287/6382
f 7247/7286/6381 7246/7285/6380 7249/7288/6383
f 7250/7289/6384 7251/7290/6385 7252/7291/6386
f 7251/7290/6385 7250/7289/6384 7253/7292/6387
f 7254/7293/6388 7255/7294/6389 7256/7295/6390
f 7255/7294/6389 7254/7293/6388 7257/7296/6391
f 7258/7297/6392 7259/7298/6393 7260/7299/6394
f 7259/7298/6393 7258/7297/6392 7261/7300/6395
f 7262/7301/6396 7263/7302/6397 7264/7303/6398
f 7263/7302/6397 7262/7301/6396 7265/7304/6399
f 7266/7305/6400 7267/7306/6401 7268/7307/6402
f 7267/7306/6401 7266/7305/6400 7269/7308/6403
f 7270/7309/6404 7271/7310/6405 7272/7311/6406
f 7271/7310/6405 7270/7309/6404 7273/7312/6407
f 7274/7313/6408 7275/7314/6409 7276/7315/6410
f 7274/7313/6408 7276/7315/6410 7277/7316/6411
f 7278/7317/6412 7279/7318/6413 7280/7319/6414
f 7281/7320/6415 7280/7319/6414 7279/7318/6413
f 7282/7321/6416 7283/7322/6417 7284/7323/6418
f 7283/7322/6417 7282/7321/6416 7285/7324/6419
f 7286/7325/6420 7287/7326/6421 7288/7327/6422
f 7289/7328/6423 7286/7325/6420 7288/7327/6422
f 7290/7329/6424 7291/7330/6425 7292/7331/6426
f 7293/7332/6427 7290/7329/6424 7292/7331/6426
f 7294/7333/6428 7295/7334/6429 7296/7335/6430
f 7297/7336/6431 7294/7333/6428 7296/7335/6430
f 7298/7337/6432 7299/7338/6433 7300/7339/6434
f 7299/7338/6433 7298/7337/6432 7301/7340/6435
f 7302/7341/6436 7303/7342/6437 7304/7343/6438
f 7303/7342/6437 7302/7341/6436 7305/7344/6439
f 7306/7345/6440 7307/7346/6441 7308/7347/6442
f 7307/7346/6441 7306/7345/6440 7309/7348/6443
f 7310/7349/6444 7311/7350/6445 7312/7351/6446
f 7311/7350/6445 7310/7349/6444 7313/7352/6447
f 7314/7353/6448 7315/7354/6449 7316/7355/6450
f 7315/7354/6449 7314/7353/6448 7317/7356/6451
f 7318/7357/6452 7319/7358/6453 7320/7359/6454
f 7319/7358/6453 7318/7357/6452 7321/7360/6455
f 7322/7361/6456 7323/7362/6457 7324/7363/6458
f 7323/7362/6457 7322/7361/6456 7325/7364/6459
f 7326/7365/6460 7327/7366/6461 7328/7367/6462
f 7328/7367/6462 7329/7368/6463 7326/7365/6460
f 7330/7369/6464 7331/7370/6465 7332/7371/6466
f 7331/7370/6465 7330/7369/6464 7333/7372/6467
f 7334/7373/6468 7335/7374/6469 7336/7375/6470
f 7336/7375/6470 7337/7376/6471 7334/7373/6468
f 7338/7377/6472 7339/7378/6473 7340/7379/6474
f 7340/7379/6474 7341/7380/6475 7338/7377/6472
f 7342/7381/6476 7343/7382/6477 7344/7383/6478
f 7344/7383/6478 7345/7384/6479 7342/7381/6476
f 7346/7385/6480 7347/7386/6480 7348/7387/6480
f 7347/7386/6480 7346/7385/6480 7349/7388/6480
f 7350/7389/6481 7351/7390/6482 7352/7391/6483
f 7351/7390/6482 7350/7389/6481 7353/7392/6484
f 7354/7393/6485 7355/7394/6486 7356/7395/6487
f 7355/7394/6486 7354/7393/6485 7357/7396/6488
f 7358/7397/6489 7359/7398/6490 7360/7399/6491
f 7358/7397/6489 7361/7400/6492 7359/7398/6490
f 7362/7401/6493 7363/7402/6494 7364/7403/6495
f 7363/7402/6494 7362/7401/6493 7365/7404/6496
f 7366/7405/6497 7367/7406/6498 7368/7407/6499
f 7366/7405/6497 7369/7408/6500 7367/7406/6498
f 7370/7409/6501 7371/7410/6502 7372/7411/6503
f 7372/7411/6503 7373/7412/6504 7370/7409/6501
f 7374/7413/6505 7375/7414/6506 7376/7415/6507
f 7374/7413/6505 7376/7415/6507 7377/7416/6508
f 7378/7417/6509 7379/7418/6510 7380/7419/6511
f 7379/7418/6510 7378/7417/6509 7381/7420/6512
f 7382/7421/6513 7383/7422/6514 7384/7423/6515
f 7384/7423/6515 7383/7422/6514 7385/7424/6516
f 7386/7425/6517 7387/7426/6518 7388/7427/6519
f 7388/7427/6519 7389/7428/6519 7386/7425/6517
f 7390/7429/6520 7391/7430/6521 7392/7431/6522
f 7390/7429/6520 7392/7431/6522 7393/7432/6523
f 7394/7433/6524 7395/7434/6525 7396/7435/6526
f 7395/7434/6525 7394/7433/6524 7397/7436/6527
f 7398/7437/6528 7399/7438/6529 7400/7439/6530
f 7399/7438/6529 7398/7437/6528 7401/7440/6531
f 7402/7441/6532 7403/7442/6533 7404/7443/6534
f 7404/7443/6534 7405/7444/6535 7402/7441/6532
f 7406/7445/6536 7407/7446/6537 7408/7447/6538
f 7408/7447/6538 7409/7448/6539 7406/7445/6536
f 7410/7449/6540 7411/7450/6541 7412/7451/6542
f 7411/7450/6541 7410/7449/6540 7413/7452/6543
f 7414/7453/6544 7415/7454/6545 7416/7455/6546
f 7415/7454/6545 7414/7453/6544 7417/7456/6547
f 7418/7457/6548 7419/7458/6549 7420/7459/6550
f 7419/7458/6549 7418/7457/6548 7421/7460/6551
f 7422/7461/6552 7423/7462/6553 7424/7463/6554
f 7423/7462/6553 7422/7461/6552 7425/7464/6555
f 7426/7465/6556 7427/7466/6557 7428/7467/6558
f 7428/7467/6558 7429/7468/6559 7426/7465/6556
f 7430/7469/6560 7431/7470/6561 7432/7471/6562
f 7432/7471/6562 7433/7472/6563 7430/7469/6560
f 7434/7473/6564 7435/7474/6565 7436/7475/6566
f 7435/7474/6565 7434/7473/6564 7437/7476/6567
f 7438/7477/6568 7439/7478/6569 7440/7479/6570
f 7439/7478/6569 7438/7477/6568 7441/7480/6571
f 7442/7481/6572 7443/7482/6573 7444/7483/6574
f 7443/7482/6573 7442/7481/6572 7445/7484/6575
f 7446/7485/6576 7447/7486/6577 7448/7487/6578
f 7447/7486/6577 7446/7485/6576 7449/7488/6579
f 7450/7489/6580 7451/7490/6581 7452/7491/6582
f 7451/7490/6581 7450/7489/6580 7453/7492/6583
f 7454/7493/6584 7455/7494/6585 7456/7495/6586
f 7455/7494/6585 7454/7493/6584 7457/7496/6587
f 7458/7497/6588 7459/7498/6589 7460/7499/6590
f 7459/7498/6589 7458/7497/6588 7461/7500/6591
f 7462/7501/6592 7463/7502/6593 7464/7503/6594
f 7465/7504/6595 7464/7503/6594 7463/7502/6593
f 7466/7505/6596 7467/7506/6597 7468/7507/6598
f 7467/7506/6597 7466/7505/6596 7469/7508/6599
f 7470/7509/6600 7471/7510/6601 7472/7511/6602
f 7472/7511/6602 7473/7512/6603 7470/7509/6600
f 7474/7513/6604 7475/7514/6605 7476/7515/6606
f 7475/7514/6605 7474/7513/6604 7477/7516/6607
f 7478/7517/6608 7479/7518/6609 7480/7519/6610
f 7479/7518/6609 7478/7517/6608 7481/7520/6611
f 7482/7521/6612 7483/7522/6613 7484/7523/6614
f 7483/7522/6613 7482/7521/6612 7485/7524/6615
f 7486/7525/6616 7487/7526/6617 7488/7527/6618
f 7487/7526/6617 7486/7525/6616 7489/7528/6619
f 7490/7529/6620 7491/7530/6621 7492/7531/6622
f 7491/7530/6621 7490/7529/6620 7493/7532/6623
f 7494/7533/6624 7495/7534/6625 7496/7535/6626
f 7495/7534/6625 7494/7533/6624 7497/7536/6627
f 7498/7537/6628 7499/7538/6629 7500/7539/6630
f 7499/7538/6629 7498/7537/6628 7501/7540/6631
f 7502/7541/6632 7503/7542/6633 7504/7543/6634
f 7503/7542/6633 7502/7541/6632 7505/7544/6635
f 7506/7545/6636 7507/7546/6637 7508/7547/6638
f 7507/7546/6637 7506/7545/6636 7509/7548/6639
f 7510/7549/6640 7511/7550/6641 7512/7551/6642
f 7511/7550/6641 7510/7549/6640 7513/7552/6643
f 7514/7553/6644 7515/7554/6645 7516/7555/6646
f 7517/7556/6647 7516/7555/6646 7515/7554/6645
f 7518/7557/6648 7519/7558/6649 7520/7559/6650
f 7519/7558/6649 7518/7557/6648 7521/7560/6651
f 7522/7561/6652 7523/7562/6653 7524/7563/6654
f 7523/7562/6653 7522/7561/6652 7525/7564/6655
f 7526/7565/6656 7527/7566/6657 7528/7567/6658
f 7526/7565/6656 7529/7568/6659 7527/7566/6657
f 7530/7569/6660 7531/7570/6661 7532/7571/6662
f 7532/7571/6662 7533/7572/6663 7530/7569/6660
f 7534/7573/6664 7535/7574/6665 7536/7575/6666
f 7536/7575/6666 7537/7576/6667 7534/7573/6664
f 7538/7577/6668 7539/7578/6669 7540/7579/6670
f 7539/7578/6669 7538/7577/6668 7541/7580/6671
f 7542/7581/6672 7543/7582/6673 7544/7583/6674
f 7543/7582/6673 7542/7581/6672 7545/7584/6675
f 7546/7585/6676 7547/7586/6677 7548/7587/6678
f 7547/7586/6677 7546/7585/6676 7549/7588/6679
f 7550/7589/6680 7551/7590/6681 7552/7591/6682
f 7552/7591/6682 7553/7592/6683 7550/7589/6680
f 7554/7593/6684 7555/7594/6685 7556/7595/6686
f 7555/7594/6685 7554/7593/6684 7557/7596/6687
f 7558/7597/6688 7559/7598/6689 7560/7599/6690
f 7560/7599/6690 7561/7600/6691 7558/7597/6688
f 7562/7601/6692 7563/7602/6693 7564/7603/6694
f 7564/7603/6694 7565/7604/6695 7562/7601/6692
f 7566/7605/6696 7567/7606/6697 7568/7607/6698
f 7567/7606/6697 7566/7605/6696 7569/7608/6699
f 7570/7609/6700 7571/7610/6701 7572/7611/6702
f 7571/7610/6701 7570/7609/6700 7573/7612/6703
f 7574/7613/6704 7575/7614/6705 7576/7615/6706
f 7575/7614/6705 7574/7613/6704 7577/7616/6707
f 7578/7617/6708 7579/7618/6709 7580/7619/6710
f 7579/7618/6709 7578/7617/6708 7581/7620/6711
f 7582/7621/6712 7583/7622/6713 7584/7623/6714
f 7584/7623/6714 7585/7624/6715 7582/7621/6712
f 7586/7625/6716 7587/7626/6717 7588/7627/6718
f 7588/7627/6718 7589/7628/6719 7586/7625/6716
f 7590/7629/6720 7591/7630/6721 7592/7631/6722
f 7591/7630/6721 7590/7629/6720 7593/7632/6723
f 7594/7633/6724 7595/7634/6725 7596/7635/6726
f 7595/7634/6725 7594/7633/6724 7597/7636/6727
f 7598/7637/6728 7599/7638/6729 7600/7639/6730
f 7599/7638/6729 7598/7637/6728 7601/7640/6731
f 7602/7641/6732 7603/7642/6733 7604/7643/6734
f 7603/7642/6733 7602/7641/6732 7605/7644/6735
f 7606/7645/6736 7607/7646/6737 7608/7647/6738
f 7607/7646/6737 7606/7645/6736 7609/7648/6739
f 7610/7649/6740 7611/7650/6741 7612/7651/6742
f 7611/7650/6741 7610/7649/6740 7613/7652/6743
f 7614/7653/6744 7615/7654/6745 7616/7655/6746
f 7615/7654/6745 7614/7653/6744 7617/7656/6747
f 7618/7657/6748 7619/7658/6749 7620/7659/6750
f 7621/7660/6751 7620/7659/6750 7619/7658/6749
f 7622/7661/6752 7623/7662/6753 7624/7663/6754
f 7623/7662/6753 7622/7661/6752 7625/7664/6755
f 7626/7665/6756 7627/7666/6757 7628/7667/6758
f 7627/7666/6757 7626/7665/6756 7629/7668/6759
f 7630/7669/6760 7631/7670/6761 7632/7671/6762
f 7631/7670/6761 7630/7669/6760 7633/7672/6763
f 7634/7673/6764 7635/7674/6765 7636/7675/6766
f 7635/7674/6765 7634/7673/6764 7637/7676/6767
f 7638/7677/6768 7639/7678/6769 7640/7679/6770
f 7639/7678/6769 7638/7677/6768 7641/7680/6771
f 7642/7681/6772 7643/7682/6773 7644/7683/6774
f 7643/7682/6773 7642/7681/6772 7645/7684/6775
f 7646/7685/6776 7647/7686/6777 7648/7687/6778
f 7647/7686/6777 7646/7685/6776 7649/7688/6779
f 7650/7689/6780 7651/7690/6781 7652/7691/6782
f 7651/7690/6781 7650/7689/6780 7653/7692/6783
f 7654/7693/6784 7655/7694/6785 7656/7695/6786
f 7655/7694/6785 7654/7693/6784 7657/7696/6787
f 7658/7697/6788 7659/7698/6789 7660/7699/6790
f 7659/7698/6789 7658/7697/6788 7661/7700/6791
f 7662/7701/6792 7663/7702/6793 7664/7703/6794
f 7663/7702/6793 7662/7701/6792 7665/7704/6795
f 7666/7705/6796 7667/7706/6797 7668/7707/6798
f 7667/7706/6797 7666/7705/6796 7669/7708/6799
f 7670/7709/6800 7671/7710/6801 7672/7711/6802
f 7673/7712/6803 7672/7711/6802 7671/7710/6801
f 7674/7713/6804 7675/7714/6805 7676/7715/6806
f 7675/7714/6805 7674/7713/6804 7677/7716/6807
f 7678/7717/6808 7679/7718/6809 7680/7719/6810
f 7678/7717/6808 7681/7720/6811 7679/7718/6809
f 7682/7721/6812 7683/7722/6813 7684/7723/6814
f 7682/7721/6812 7684/7723/6814 7685/7724/6815
f 7686/7725/6816 7687/7726/6817 7688/7727/6818
f 7688/7727/6818 7689/7728/6819 7686/7725/6816
f 7690/7729/6820 7691/7730/6821 7692/7731/6822
f 7692/7731/6822 7693/7732/6823 7690/7729/6820
f 7694/7733/6824 7695/7734/6825 7696/7735/6826
f 7695/7734/6825 7694/7733/6824 7697/7736/6827
f 7698/7737/6828 7699/7738/6829 7700/7739/6830
f 7699/7738/6829 7698/7737/6828 7701/7740/6831
f 7702/7741/6832 7703/7742/6833 7704/7743/6834
f 7703/7742/6833 7702/7741/6832 7705/7744/6835
f 7706/7745/6836 7707/7746/6837 7708/7747/6838
f 7708/7747/6838 7709/7748/6839 7706/7745/6836
f 7710/7749/6840 7711/7750/6841 7712/7751/6842
f 7711/7750/6841 7710/7749/6840 7713/7752/6843
f 7714/7753/6844 7715/7754/6845 7716/7755/6846
f 7715/7754/6845 7714/7753/6844 7717/7756/6847
f 7718/7757/6848 7719/7758/6849 7720/7759/6850
f 7719/7758/6849 7718/7757/6848 7721/7760/6851
f 7734/7761/6852 7735/7762/6853 7736/7763/6854
f 7737/7764/6855 7736/7763/6854 7735/7762/6853
f 7738/7765/6856 7739/7766/6857 7740/7767/6858
f 7741/7768/6859 7738/7765/6856 7740/7767/6858
f 7742/7769/6860 7743/7770/6861 7744/7771/6862
f 7745/7772/6863 7744/7771/6862 7743/7770/6861
f 7746/7773/6864 7747/7774/6865 7748/7775/6866
f 7749/7776/6867 7746/7773/6864 7748/7775/6866
f 7750/7777/6868 7751/7778/6869 7752/7779/6870
f 7751/7778/6869 7750/7777/6868 7753/7780/6871
f 7754/7781/6872 7755/7782/6873 7756/7783/6874
f 7757/7784/6875 7755/7782/6873 7754/7781/6872
f 7758/7785/6876 7759/7786/6877 7760/7787/6878
f 7760/7787/6878 7761/7788/6879 7758/7785/6876
f 7762/7789/6880 7763/7790/6881 7764/7791/6882
f 7765/7792/6883 7762/7789/6880 7764/7791/6882
f 7766/7793/6884 7767/7794/6885 7768/7795/6886
f 7767/7794/6885 7766/7793/6884 7769/7796/6887
f 7770/7797/6888 7771/7798/6889 7772/7799/6890
f 7773/7800/6891 7771/7798/6889 7770/7797/6888
f 7774/7801/6892 7775/7802/6893 7776/7803/6894
f 7775/7802/6893 7774/7801/6892 7777/7804/6895
f 7778/7805/6896 7779/7806/6897 7780/7807/6898
f 7780/7807/6898 7781/7808/6899 7778/7805/6896
f 7782/7809/6900 7783/7810/6901 7784/7811/6902
f 7785/7812/6903 7782/7809/6900 7784/7811/6902
f 7786/7813/6904 7787/7814/6905 7788/7815/6906
f 7787/7814/6905 7786/7813/6904 7789/7816/6907
f 7790/7817/6908 7791/7818/6909 7792/7819/6910
f 7790/7817/6908 7793/7820/6911 7791/7818/6909
f 7794/7821/6912 7795/7822/6913 7796/7823/6914
f 7795/7822/6913 7794/7821/6912 7797/7824/6915
f 7798/7825/6916 7799/7826/6917 7800/7827/6918
f 7799/7826/6917 7798/7825/6916 7801/7828/6919
f 7802/7829/6920 7803/7830/6921 7804/7831/6922
f 7803/7830/6921 7802/7829/6920 7805/7832/6923
f 7806/7833/6924 7807/7834/6925 7808/7835/6926
f 7807/7834/6925 7806/7833/6924 7809/7836/6927
f 7810/7837/6928 7811/7838/6929 7812/7839/6930
f 7813/7840/6931 7810/7837/6928 7812/7839/6930
f 7814/7841/6932 7815/7842/6933 7816/7843/6934
f 7817/7844/6935 7814/7841/6932 7816/7843/6934
f 7818/7845/6936 7819/7846/6937 7820/7847/6938
f 7819/7846/6937 7818/7845/6936 7821/7848/6939
f 7822/7849/6940 7823/7850/6941 7824/7851/6942
f 7823/7850/6941 7822/7849/6940 7825/7852/6943
f 7826/7853/6944 7827/7854/6945 7828/7855/6946
f 7827/7854/6945 7826/7853/6944 7829/7856/6947
f 7830/7857/6948 7831/7858/6949 7832/7859/6950
f 7831/7858/6949 7830/7857/6948 7833/7860/6951
f 7840/7861/6952 7841/7862/6953 7842/7863/6954
f 7841/7862/6953 7840/7861/6952 7843/7864/6955
f 7844/7865/6956 7845/7866/6957 7846/7867/6958
f 7845/7866/6957 7844/7865/6956 7847/7868/6959
f 7851/7869/6960 7852/7870/6961 7853/7871/6962
f 7852/7870/6961 7851/7869/6960 7854/7872/6963
f 7855/7873/6964 7856/7874/6964 7857/7875/6964
f 7856/7874/6964 7855/7873/6964 7858/7876/6965
f 7859/7877/6966 7860/7878/6967 7861/7879/6968
f 7862/7880/6969 7859/7877/6966 7861/7879/6968
f 7863/7881/6970 7864/7882/6971 7865/7883/6972
f 7864/7882/6971 7863/7881/6970 7866/7884/6973
f 7867/7885/6974 7868/7886/6975 7869/7887/6976
f 7868/7886/6975 7867/7885/6974 7870/7888/6977
f 7871/7889/6978 7872/7890/6979 7873/7891/6980
f 7872/7890/6979 7871/7889/6978 7874/7892/6981
f 7875/7893/6982 7876/7894/6983 7877/7895/6984
f 7876/7894/6983 7875/7893/6982 7878/7896/6985
f 7879/7897/6986 7880/7898/6987 7881/7899/6988
f 7882/7900/6989 7879/7897/6986 7881/7899/6988
f 7883/7901/6990 7884/7902/6991 7885/7903/6992
f 7884/7902/6991 7883/7901/6990 7886/7904/6993
f 7887/7905/6994 7888/7906/6994 7889/7907/6994
f 7888/7906/6994 7887/7905/6994 7890/7908/6994
f 7891/7909/6995 7892/7910/6995 7893/7911/6995
f 7894/7912/6995 7892/7910/6995 7891/7909/6995
f 7895/7913/6996 7896/7914/6997 7897/7915/6998
f 7896/7914/6997 7895/7913/6996 7898/7916/6999
f 7899/7917/7000 7900/7918/7001 7901/7919/7002
f 7902/7920/7003 7901/7919/7002 7900/7918/7001
f 7903/7921/7004 7904/7922/7005 7905/7923/7006
f 7904/7922/7005 7903/7921/7004 7906/7924/7007
f 7907/7925/7008 7908/7926/7009 7909/7927/7010
f 7908/7926/7009 7907/7925/7008 7910/7928/7011
f 7911/7929/7012 7912/7930/7013 7913/7931/7014
f 7914/7932/7015 7913/7931/7014 7912/7930/7013
f 7915/7933/7016 7916/7934/7017 7917/7935/7018
f 7918/7936/7019 7917/7935/7018 7916/7934/7017
f 7919/7937/7020 7920/7938/7021 7921/7939/7022
f 7920/7938/7021 7919/7937/7020 7922/7940/7023
f 7923/7941/7024 7924/7942/7025 7925/7943/7026
f 7924/7942/7025 7923/7941/7024 7926/7944/7027
f 7927/7945/7028 7928/7946/7029 7929/7947/7030
f 7930/7948/7031 7929/7947/7030 7928/7946/7029
f 7931/7949/7032 7932/7950/7033 7933/7951/7032
f 7932/7950/7033 7931/7949/7032 7934/7952/7033
f 7935/7953/7034 7936/7954/7035 7937/7955/7036
f 7936/7954/7035 7935/7953/7034 7938/7956/7037
f 7939/7957/7038 7940/7958/7039 7941/7959/7040
f 7940/7958/7039 7939/7957/7038 7942/7960/7041
f 7943/7961/7042 7944/7962/7043 7945/7963/7044
f 7944/7962/7043 7943/7961/7042 7946/7964/7045
f 7947/7965/7046 7948/7966/7047 7949/7967/7048
f 7948/7966/7047 7947/7965/7046 7950/7968/7049
f 7951/7969/7050 7952/7970/7051 7953/7971/7051
f 7952/7970/7051 7951/7969/7050 7954/7972/7051
f 7955/7973/7052 7956/7974/7052 7957/7975/7052
f 7956/7974/7052 7955/7973/7052 7958/7976/7052
f 7959/7977/7053 7960/7978/7053 7961/7979/7053
f 7960/7978/7053 7959/7977/7053 7962/7980/7053
f 7963/7981/7054 7964/7982/7054 7965/7983/7054
f 7964/7982/7054 7963/7981/7054 7966/7984/7054
f 7967/7985/7055 7968/7986/7055 7969/7987/7055
f 7969/7987/7055 7970/7988/7055 7967/7985/7055
f 7971/7989/7056 7972/7990/7057 7973/7991/7056
f 7974/7992/7057 7973/7991/7056 7972/7990/7057
f 7975/7993/7058 7976/7994/7059 7977/7995/7060
f 7976/7994/7059 7975/7993/7058 7978/7996/7061
f 7979/7997/7062 7980/7998/7063 7981/7999/7064
f 7980/7998/7063 7979/7997/7062 7982/8000/7065
f 7986/8001/7066 7987/8002/7067 7988/8003/7068
f 7989/8004/7069 7988/8003/7068 7987/8002/7067
f 7990/8005/7070 7991/8006/7071 7992/8007/7072
f 7991/8006/7071 7990/8005/7070 7993/8008/7073
f 7994/8009/7074 7995/8010/7075 7996/8011/7076
f 7995/8010/7075 7994/8009/7074 7997/8012/7075
f 7998/8013/7077 7999/8014/7078 8000/8015/7079
f 7999/8014/7078 7998/8013/7077 8001/8016/7080
f 8002/8017/7081 8003/8018/7081 8004/8019/7081
f 8002/8017/7081 8005/8020/7081 8003/8018/7081
f 8006/8021/7082 8007/8022/7083 8008/8023/7084
f 8007/8022/7083 8006/8021/7082 8009/8024/7085
f 8010/8025/7086 8011/8026/7087 8012/8027/7088
f 8011/8026/7087 8010/8025/7086 8013/8028/7089
f 8014/8029/7090 8015/8030/7091 8016/8031/7092
f 8015/8030/7091 8014/8029/7090 8017/8032/7093
f 8018/8033/7094 8019/8034/7095 8020/8035/7096
f 8019/8034/7095 8018/8033/7094 8021/8036/7097
f 8025/8037/7098 8026/8038/7099 8027/8039/7100
f 8026/8038/7099 8025/8037/7098 8028/8040/7101
f 8029/8041/7102 8030/8042/7103 8031/8043/7104
f 8030/8042/7103 8029/8041/7102 8032/8044/7105
f 8036/8045/7106 8037/8046/7107 8038/8047/7108
f 8039/8048/7109 8038/8047/7108 8037/8046/7107
f 8040/8049/7110 8041/8050/7111 8042/8051/7112
f 8041/8050/7111 8040/8049/7110 8043/8052/7113
f 8044/8053/7114 8045/8054/7115 8046/8055/7116
f 8047/8056/7117 8046/8055/7116 8045/8054/7115
f 8048/8057/7118 8049/8058/7119 8050/8059/7120
f 8051/8060/7121 8050/8059/7120 8049/8058/7119
f 8052/8061/7122 8053/8062/7123 8054/8063/7124
f 8053/8062/7123 8052/8061/7122 8055/8064/7124
f 8056/8065/7125 8057/8066/7126 8058/8067/7127
f 8057/8066/7126 8056/8065/7125 8059/8068/7128
f 8060/8069/7129 8061/8070/7130 8062/8071/7131
f 8061/8070/7130 8060/8069/7129 8063/8072/7132
f 8064/8073/7133 8065/8074/7134 8066/8075/7135
f 8065/8074/7134 8064/8073/7133 8067/8076/7136
f 8068/8077/7137 8069/8078/7138 8070/8079/7139
f 8071/8080/7140 8069/8078/7138 8068/8077/7137
f 8072/8081/7141 8073/8082/7142 8074/8083/7143
f 8075/8084/7144 8073/8082/7142 8072/8081/7141
f 8076/8085/7145 8077/8086/7146 8078/8087/7147
f 8077/8086/7146 8076/8085/7145 8079/8088/7147
f 8080/8089/7148 8081/8090/7149 8082/8091/7150
f 8083/8092/7151 8082/8091/7150 8081/8090/7149
f 8084/8093/7152 8085/8094/7153 8086/8095/7154
f 8085/8094/7153 8084/8093/7152 8087/8096/7155
f 8088/8097/7156 8089/8098/7157 8090/8099/7158
f 8089/8098/7157 8088/8097/7156 8091/8100/7159
f 8092/8101/7160 8093/8102/7161 8094/8103/7162
f 8092/8101/7160 8094/8103/7162 8095/8104/7163
f 8096/8105/7164 8097/8106/7165 8098/8107/7166
f 8097/8106/7165 8096/8105/7164 8099/8108/7167
f 8100/8109/7168 8101/8110/7169 8102/8111/7170
f 8100/8109/7168 8102/8111/7170 8103/8112/7171
f 8104/8113/7172 8105/8114/7172 8106/8115/7172
f 8105/8114/7172 8104/8113/7172 8107/8116/7172
f 8108/8117/7173 8109/8118/7174 8110/8119/7175
f 8109/8118/7174 8108/8117/7173 8111/8120/7176
f 8112/8121/7177 8113/8122/7177 8114/8123/7178
f 8113/8122/7177 8112/8121/7177 8115/8124/7179
f 8116/8125/7180 8117/8126/7181 8118/8127/7182
f 8117/8126/7181 8116/8125/7180 8119/8128/7183
f 8120/8129/7184 8121/8130/7185 8122/8131/7186
f 8121/8130/7185 8120/8129/7184 8123/8132/7187
f 8124/8133/7188 8125/8134/7189 8126/8135/7190
f 8125/8134/7189 8124/8133/7188 8127/8136/7191
f 8128/8137/7192 8129/8138/7192 8130/8139/7192
f 8129/8138/7192 8128/8137/7192 8131/8140/7192
f 8132/8141/7193 8133/8142/7194 8134/8143/7195
f 8135/8144/7196 8133/8142/7194 8132/8141/7193
f 8136/8145/7197 8137/8146/7198 8138/8147/7199
f 8137/8146/7198 8136/8145/7197 8139/8148/7200
f 8140/8149/7201 8141/8150/7202 8142/8151/7203
f 8141/8150/7202 8140/8149/7201 8143/8152/7204
f 8144/8153/7205 8145/8154/7206 8146/8155/7207
f 8145/8154/7206 8144/8153/7205 8147/8156/7208
f 8148/8157/7209 8149/8158/7210 8150/8159/7211
f 8149/8158/7210 8148/8157/7209 8151/8160/7212
f 8152/8161/7213 8153/8162/7214 8154/8163/7215
f 8152/8161/7213 8155/8164/7216 8153/8162/7214
f 8156/8165/7217 8157/8166/7218 8158/8167/7219
f 8157/8166/7218 8156/8165/7217 8159/8168/7220
f 8160/8169/7221 8161/8170/7222 8162/8171/7223
f 8161/8170/7222 8160/8169/7221 8163/8172/7224
f 8164/8173/7225 8165/8174/7226 8166/8175/7225
f 8165/8174/7226 8164/8173/7225 8167/8176/7227
f 8168/8177/7228 8169/8178/7229 8170/8179/7230
f 8171/8180/7231 8170/8179/7230 8169/8178/7229
f 8172/8181/7232 8173/8182/7232 8174/8183/7232
f 8173/8182/7232 8172/8181/7232 8175/8184/7232
f 8176/8185/7233 8177/8186/7234 8178/8187/7235
f 8179/8188/7236 8178/8187/7235 8177/8186/7234
f 8180/8189/7237 8181/8190/7238 8182/8191/7239
f 8183/8192/7240 8182/8191/7239 8181/8190/7238
f 8184/8193/7241 8185/8194/7242 8186/8195/7243
f 8187/8196/7244 8184/8193/7241 8186/8195/7243
f 8188/8197/7245 8189/8198/7246 8190/8199/7247
f 8189/8198/7246 8188/8197/7245 8191/8200/7248
f 8192/8201/7249 8193/8202/7250 8194/8203/7251
f 8195/8204/7252 8193/8202/7250 8192/8201/7249
f 8196/8205/7253 8197/8206/7254 8198/8207/7255
f 8199/8208/7256 8198/8207/7255 8197/8206/7254
f 8200/8209/7257 8201/8210/7258 8202/8211/7259
f 8201/8210/7258 8200/8209/7257 8203/8212/7260
f 8204/8213/7261 8205/8214/7262 8206/8215/7263
f 8207/8216/7264 8206/8215/7263 8205/8214/7262
f 8208/8217/7265 8209/8218/7266 8210/8219/7267
f 8209/8218/7266 8208/8217/7265 8211/8220/7268
f 8212/8221/7269 8213/8222/7270 8214/8223/7271
f 8213/8222/7270 8212/8221/7269 8215/8224/7272
f 8216/8225/7273 8217/8226/7274 8218/8227/7275
f 8217/8226/7274 8216/8225/7273 8219/8228/7274
f 8220/8229/7276 8221/8230/7277 8222/8231/7278
f 8221/8230/7277 8220/8229/7276 8223/8232/7279
f 8224/8233/7280 8225/8234/7281 8226/8235/7282
f 8225/8234/7281 8224/8233/7280 8227/8236/7283
f 8228/8237/7284 8229/8238/7285 8230/8239/7286
f 8229/8238/7285 8228/8237/7284 8231/8240/7287
f 8232/8241/7288 8233/8242/7289 8234/8243/7290
f 8235/8244/7291 8234/8243/7290 8233/8242/7289
f 8239/8245/7292 8240/8246/7293 8241/8247/7294
f 8240/8246/7293 8239/8245/7292 8242/8248/7295
f 8243/8249/7296 8244/8250/7297 8245/8251/7298
f 8244/8250/7297 8243/8249/7296 8246/8252/7299
f 8247/8253/7300 8248/8254/7301 8249/8255/7302
f 8248/8254/7301 8247/8253/7300 8250/8256/7302
f 8251/8257/7303 8252/8258/7304 8253/8259/7305
f 8252/8258/7304 8251/8257/7303 8254/8260/7304
f 8258/8261/7306 8259/8262/7306 8260/8263/7306
f 8258/8261/7306 8261/8264/7307 8259/8262/7306
f 8262/8265/7308 8263/8266/7309 8264/8267/7310
f 8263/8266/7309 8262/8265/7308 8265/8268/7311
f 8266/8269/7312 8267/8270/7313 8268/8271/7314
f 8269/8272/7315 8268/8271/7314 8267/8270/7313
f 8270/8273/7316 8271/8274/7317 8272/8275/7318
f 8271/8274/7317 8270/8273/7316 8273/8276/7319
f 8274/8277/7320 8275/8278/7321 8276/8279/7322
f 8275/8278/7321 8274/8277/7320 8277/8280/7323
f 8278/8281/7324 8279/8282/7324 8280/8283/7325
f 8281/8284/7324 8280/8283/7325 8279/8282/7324
f 8282/8285/7326 8283/8286/7327 8284/8287/7328
f 8283/8286/7327 8282/8285/7326 8285/8288/7329
f 8286/8289/7330 8287/8290/7330 8288/8291/7330
f 8289/8292/7331 8288/8291/7330 8287/8290/7330
f 8290/8293/7332 8291/8294/7332 8292/8295/7333
f 8290/8293/7332 8293/8296/7332 8291/8294/7332
f 8294/8297/7334 8295/8298/7335 8296/8299/7336
f 8295/8298/7335 8294/8297/7334 8297/8300/7337
f 8298/8301/7338 8299/8302/7339 8300/8303/7340
f 8301/8304/7341 8298/8301/7338 8300/8303/7340
f 8302/8305/7342 8303/8306/7343 8304/8307/7344
f 8303/8306/7343 8302/8305/7342 8305/8308/7345
f 8306/8309/7346 8307/8310/7347 8308/8311/7346
f 8307/8310/7347 8306/8309/7346 8309/8312/7347
f 8310/8313/7348 8311/8314/7349 8312/8315/7350
f 8310/8313/7348 8312/8315/7350 8313/8316/7351
f 8314/8317/7352 8315/8318/7353 8316/8319/7354
f 8314/8317/7352 8316/8319/7354 8317/8320/7355
f 8318/8321/7356 8319/8322/7357 8320/8323/7358
f 8318/8321/7356 8321/8324/7359 8319/8322/7357
f 8322/8325/7360 8323/8326/7361 8324/8327/7362
f 8323/8326/7361 8322/8325/7360 8325/8328/7363
f 8326/8329/7364 8327/8330/7365 8328/8331/7366
f 8327/8330/7365 8326/8329/7364 8329/8332/7367
f 8330/8333/7368 8331/8334/7369 8332/8335/7370
f 8331/8334/7369 8330/8333/7368 8333/8336/7371
f 8334/8337/7372 8335/8338/7373 8336/8339/7374
f 8335/8338/7373 8334/8337/7372 8337/8340/7375
f 8338/8341/7376 8339/8342/7377 8340/8343/7378
f 8339/8342/7377 8338/8341/7376 8341/8344/7379
f 8342/8345/7380 8343/8346/7381 8344/8347/7382
f 8343/8346/7381 8342/8345/7380 8345/8348/7383
f 8346/8349/7384 8347/8350/7385 8348/8351/7386
f 8347/8350/7385 8346/8349/7384 8349/8352/7387
f 8350/8353/7388 8351/8354/7389 8352/8355/7390
f 8353/8356/7391 8350/8353/7388 8352/8355/7390
f 8354/8357/7392 8355/8358/7393 8356/8359/7394
f 8354/8357/7392 8356/8359/7394 8357/8360/7395
f 8358/8361/7396 8359/8362/7397 8360/8363/7398
f 8358/8361/7396 8360/8363/7398 8361/8364/7399
f 8362/8365/7400 8363/8366/7400 8364/8367/7400
f 8363/8366/7400 8362/8365/7400 8365/8368/7400
f 8366/8369/7401 8367/8370/7402 8368/8371/7403
f 8367/8370/7402 8366/8369/7401 8369/8372/7404
f 8370/8373/7405 8371/8374/7406 8372/8375/7407
f 8371/8374/7406 8370/8373/7405 8373/8376/7408
f 8374/8377/7409 8375/8378/7410 8376/8379/7411
f 8375/8378/7410 8374/8377/7409 8377/8380/7412
f 8378/8381/7413 8379/8382/7414 8380/8383/7415
f 8379/8382/7414 8378/8381/7413 8381/8384/7416
f 8382/8385/7417 8383/8386/7417 8384/8387/7417
f 8383/8386/7417 8382/8385/7417 8385/8388/7418
f 8386/8389/7419 8387/8390/7420 8388/8391/7421
f 8387/8390/7420 8386/8389/7419 8389/8392/7422
f 8390/8393/7423 8391/8394/7424 8392/8395/7425
f 8391/8394/7424 8390/8393/7423 8393/8396/7426
f 8394/8397/7427 8395/8398/7428 8396/8399/7429
f 8396/8399/7429 8395/8398/7428 8397/8400/7430
f 8398/8401/7431 8399/8402/7432 8400/8403/7433
f 8399/8402/7432 8398/8401/7431 8401/8404/7434
f 8402/8405/7435 8403/8406/7435 8404/8407/7435
f 8402/8405/7435 8405/8408/7435 8403/8406/7435
f 8406/8409/7436 8407/8410/7437 8408/8411/7438
f 8406/8409/7436 8408/8411/7438 8409/8412/7439
f 8410/8413/7440 8411/8414/7441 8412/8415/7442
f 8410/8413/7440 8412/8415/7442 8413/8416/7443
f 8414/8417/7444 8415/8418/7445 8416/8419/7446
f 8414/8417/7444 8416/8419/7446 8417/8420/7447
f 8418/8421/7448 8419/8422/7449 8420/8423/7450
f 8419/8422/7449 8418/8421/7448 8421/8424/7451
f 8422/8425/7452 8423/8426/7453 8424/8427/7454
f 8423/8426/7453 8422/8425/7452 8425/8428/7455
f 8429/8429/7456 8430/8430/7457 8431/8431/7458
f 8429/8429/7456 8431/8431/7458 8432/8432/7459
f 8433/8433/7460 8434/8434/7461 8435/8435/7462
f 8433/8433/7460 8435/8435/7462 8436/8436/7463
f 8437/8437/7464 8438/8438/7465 8439/8439/7466
f 8440/8440/7467 8437/8437/7464 8439/8439/7466
f 8441/8441/7468 8442/8442/7469 8443/8443/7470
f 8444/8444/7471 8441/8441/7468 8443/8443/7470
f 8445/8445/7472 8446/8446/7473 8447/8447/7474
f 8446/8446/7473 8445/8445/7472 8448/8448/7475
f 8449/8449/7476 8450/8450/7477 8451/8451/7478
f 8450/8450/7477 8449/8449/7476 8452/8452/7479
f 8453/8453/7480 8454/8454/7481 8455/8455/7482
f 8456/8456/7483 8453/8453/7480 8455/8455/7482
f 8457/8457/7484 8458/8458/7485 8459/8459/7486
f 8458/8458/7485 8457/8457/7484 8460/8460/7487
f 8461/8461/7488 8462/8462/7489 8463/8463/7490
f 8462/8462/7489 8461/8461/7488 8464/8464/7491
f 8465/8465/7492 8466/8466/7493 8467/8467/7494
f 8466/8466/7493 8465/8465/7492 8468/8468/7495
f 8469/8469/7496 8470/8470/7496 8471/8471/7496
f 8470/8470/7496 8469/8469/7496 8472/8472/7496
f 8473/8473/7497 8474/8474/7497 8475/8475/7497
f 8474/8474/7497 8473/8473/7497 8476/8476/7497
f 8477/8477/7498 8478/8478/7499 8479/8479/7498
f 8478/8478/7499 8477/8477/7498 8480/8480/7498
f 8481/8481/7500 8482/8482/7500 8483/8483/7500
f 8482/8482/7500 8481/8481/7500 8484/8484/7501
f 8485/8485/7502 8486/8486/7502 8487/8487/7502
f 8486/8486/7502 8485/8485/7502 8488/8488/7502
f 8489/8489/7503 8490/8490/7503 8491/8491/7503
f 8490/8490/7503 8489/8489/7503 8492/8492/7503
f 8493/8493/7504 8494/8494/7504 8495/8495/7504
f 8496/8496/7505 8493/8493/7504 8495/8495/7504
f 8497/8497/7506 8498/8498/7506 8499/8499/7507
f 8498/8498/7506 8497/8497/7506 8500/8500/7506
f 8501/8501/7508 8502/8502/7509 8503/8503/7510
f 8502/8502/7509 8501/8501/7508 8504/8504/7511
f 8505/8505/7512 8506/8506/7513 8507/8507/7514
f 8506/8506/7513 8505/8505/7512 8508/8508/7515
f 8509/8509/7516 8510/8510/7517 8511/8511/7518
f 8510/8510/7517 8509/8509/7516 8512/8512/7519
f 8513/8513/7520 8514/8514/7521 8515/8515/7522
f 8516/8516/7523 8513/8513/7520 8515/8515/7522
f 8517/8517/7524 8518/8518/7525 8519/8519/7526
f 8518/8518/7525 8517/8517/7524 8520/8520/7527
f 8521/8521/7528 8522/8522/7529 8523/8523/7530
f 8522/8522/7529 8521/8521/7528 8524/8524/7531
f 8525/8525/7532 8526/8526/7533 8527/8527/7534
f 8528/8528/7535 8525/8525/7532 8527/8527/7534
f 8529/8529/7536 8530/8530/7537 8531/8531/7538
f 8531/8531/7538 8532/8532/7539 8529/8529/7536
f 8533/8533/7540 8534/8534/7540 8535/8535/7540
f 8534/8534/7540 8533/8533/7540 8536/8536/7540
f 8537/8537/7541 8538/8538/7541 8539/8539/7541
f 8537/8537/7541 8539/8539/7541 8540/8540/7541
f 8541/8541/7542 8542/8542/7542 8543/8543/7542
f 8543/8543/7542 8544/8544/7542 8541/8541/7542
f 8545/8545/7543 8546/8546/7543 8547/8547/7543
f 8546/8546/7543 8545/8545/7543 8548/8548/7543
f 8549/8549/7544 8550/8550/7544 8551/8551/7544
f 8550/8550/7544 8549/8549/7544 8552/8552/7544
f 8553/8553/7545 8554/8554/7545 8555/8555/7545
f 8555/8555/7545 8556/8556/7545 8553/8553/7545
f 8557/8557/7546 8558/8558/7546 8559/8559/7546
f 8558/8558/7546 8557/8557/7546 8560/8560/7546
f 8561/8561/7547 8562/8562/7548 8563/8563/7549
f 8562/8562/7548 8561/8561/7547 8564/8564/7550
f 8565/8565/7551 8566/8566/7552 8567/8567/7553
f 8568/8568/7554 8565/8565/7551 8567/8567/7553
f 8569/8569/7555 8570/8570/7556 8571/8571/7557
f 8570/8570/7556 8569/8569/7555 8572/8572/7558
f 8573/8573/7559 8574/8574/7560 8575/8575/7561
f 8574/8574/7560 8573/8573/7559 8576/8576/7562
f 8577/8577/7563 8578/8578/7564 8579/8579/7565
f 8578/8578/7564 8577/8577/7563 8580/8580/7566
f 8581/8581/7567 8582/8582/7568 8583/8583/7569
f 8582/8582/7568 8581/8581/7567 8584/8584/7570
f 8585/8585/7571 8586/8586/7572 8587/8587/7573
f 8588/8588/7574 8585/8585/7571 8587/8587/7573
f 8589/8589/7575 8590/8590/7576 8591/8591/7577
f 8589/8589/7575 8591/8591/7577 8592/8592/7578
f 8593/8593/7579 8594/8594/7580 8595/8595/7581
f 8596/8596/7582 8593/8593/7579 8595/8595/7581
f 8597/8597/7583 8598/8598/7584 8599/8599/7585
f 8598/8598/7584 8597/8597/7583 8600/8600/7586
f 8601/8601/7587 8602/8602/7588 8603/8603/7589
f 8602/8602/7588 8601/8601/7587 8604/8604/7590
f 8605/8605/7591 8606/8606/7592 8607/8607/7593
f 8606/8606/7592 8605/8605/7591 8608/8608/7594
f 8609/8609/7595 8610/8610/7596 8611/8611/7597
f 8612/8612/7598 8610/8610/7596 8609/8609/7595
f 8613/8613/7599 8614/8614/7600 8615/8615/7601
f 8616/8616/7602 8613/8613/7599 8615/8615/7601
f 8617/8617/7603 8618/8618/7604 8619/8619/7605
f 8620/8620/7606 8617/8617/7603 8619/8619/7605
f 8621/8621/7607 8622/8622/7608 8623/8623/7609
f 8622/8622/7608 8621/8621/7607 8624/8624/7610
f 8625/8625/7611 8626/8626/7612 8627/8627/7613
f 8628/8628/7614 8625/8625/7611 8627/8627/7613
f 8629/8629/7615 8630/8630/7616 8631/8631/7617
f 8630/8630/7616 8629/8629/7615 8632/8632/7618
f 8633/8633/7619 8634/8634/7620 8635/8635/7621
f 8634/8634/7620 8633/8633/7619 8636/8636/7622
f 8637/8637/7623 8638/8638/7624 8639/8639/7625
f 8638/8638/7624 8637/8637/7623 8640/8640/7626
f 8641/8641/7627 8642/8642/7628 8643/8643/7629
f 8642/8642/7628 8641/8641/7627 8644/8644/7630
f 8645/8645/7631 8646/8646/7632 8647/8647/7633
f 8648/8648/7634 8645/8645/7631 8647/8647/7633
f 8649/8649/7635 8650/8650/7636 8651/8651/7637
f 8650/8650/7636 8649/8649/7635 8652/8652/7638
f 8653/8653/7639 8654/8654/7640 8655/8655/7641
f 8654/8654/7640 8653/8653/7639 8656/8656/7642
f 8657/8657/7643 8658/8658/7644 8659/8659/7645
f 8660/8660/7646 8657/8657/7643 8659/8659/7645
f 8661/8661/7647 8662/8662/7648 8663/8663/7649
f 8662/8662/7648 8661/8661/7647 8664/8664/7650
f 8665/8665/7651 8666/8666/7652 8667/8667/7653
f 8666/8666/7652 8665/8665/7651 8668/8668/7654
f 8669/8669/7655 8670/8670/7656 8671/8671/7657
f 8670/8670/7656 8669/8669/7655 8672/8672/7658
o Worker_Head
v 0.031694 0.015664 1.827982
v 0.027693 0.065134 1.843636
v 0.027703 0.011749 1.835092
v 0.031685 0.065154 1.835744
v 0.031689 -0.021425 1.799694
v 0.027703 0.011749 1.835092
v 0.027697 -0.028122 1.803084
v 0.031694 0.015664 1.827982
v 0.031509 -0.049635 1.752383
v 0.027697 -0.028122 1.803084
v 0.027506 -0.058291 1.749347
v 0.031689 -0.021425 1.799694
v 0.031651 0.148203 1.808270
v 0.034141 0.170010 1.772725
v 0.027655 0.154962 1.811828
v 0.030272 0.178721 1.771196
v 0.031504 -0.050197 1.715256
v 0.027506 -0.058291 1.749347
v 0.027499 -0.058673 1.707047
v 0.031509 -0.049635 1.752383
v 0.034141 0.170010 1.772725
v 0.034243 0.177781 1.738115
v 0.030272 0.178721 1.771196
v 0.030378 0.187320 1.731711
v 0.031651 0.148203 1.808270
v 0.027679 0.113764 1.838946
v 0.031672 0.110176 1.831867
v 0.027655 0.154962 1.811828
v 0.031672 0.110176 1.831867
v 0.027693 0.065134 1.843636
v 0.031685 0.065154 1.835744
v 0.027679 0.113764 1.838946
v 0.027655 0.154962 1.811828
v 0.000171 0.113194 1.848431
v 0.027679 0.113764 1.838946
v 0.000146 0.158690 1.821294
v 0.000171 0.113194 1.848431
v 0.027693 0.065134 1.843636
v 0.027679 0.113764 1.838946
v 0.000186 0.062916 1.852967
v 0.000186 0.062916 1.852967
v 0.027703 0.011749 1.835092
v 0.027693 0.065134 1.843636
v 0.000195 0.011181 1.844578
v 0.000195 0.011181 1.844578
v 0.027697 -0.028122 1.803084
v 0.027703 0.011749 1.835092
v 0.000189 -0.028764 1.812561
v 0.000168 -0.064475 1.751865
v 0.027697 -0.028122 1.803084
v 0.000189 -0.028764 1.812561
v 0.027506 -0.058291 1.749347
v 0.000116 0.189399 1.775797
v 0.027655 0.154962 1.811828
v 0.030272 0.178721 1.771196
v 0.000146 0.158690 1.821294
v 0.000146 -0.064603 1.706466
v 0.027506 -0.058291 1.749347
v 0.000168 -0.064475 1.751865
v 0.027499 -0.058673 1.707047
v 0.030272 0.178721 1.771196
v 0.030378 0.187320 1.731711
v 0.000092 0.198657 1.732864
v 0.000116 0.189399 1.775797
v 0.032058 0.150719 1.808938
v 0.000168 0.111105 1.841775
v 0.032079 0.111602 1.833211
v 0.000145 0.154319 1.817505
v 0.000168 0.111105 1.841775
v 0.032093 0.065289 1.837199
v 0.032079 0.111602 1.833211
v 0.000182 0.063222 1.845616
v 0.000182 0.063222 1.845616
v 0.032102 0.014378 1.829215
v 0.032093 0.065289 1.837199
v 0.000190 0.013884 1.837780
v 0.000190 0.013884 1.837780
v 0.032097 -0.023774 1.800115
v 0.032102 0.014378 1.829215
v 0.000186 -0.024340 1.808672
v 0.000167 -0.058674 1.753692
v 0.032097 -0.023774 1.800115
v 0.000186 -0.024340 1.808672
v 0.031912 -0.052794 1.751447
v 0.000117 0.183349 1.776585
v 0.032058 0.150719 1.808938
v 0.034619 0.173153 1.772373
v 0.000145 0.154319 1.817505
v 0.000147 -0.059026 1.712704
v 0.031912 -0.052794 1.751447
v 0.000167 -0.058674 1.753692
v 0.031907 -0.053372 1.713255
v 0.050648 0.168416 1.770416
v 0.050811 0.176126 1.736257
v 0.034724 0.181146 1.736769
v 0.034619 0.173153 1.772373
v 0.053046 0.238976 1.730405
v 0.034724 0.181146 1.736769
v 0.050811 0.176126 1.736257
v 0.036245 0.243808 1.730898
v 0.000147 -0.059026 1.712704
v 0.032241 -0.075623 1.698869
v 0.031907 -0.053372 1.713255
v 0.000146 -0.081885 1.698258
v 0.032241 -0.075623 1.698869
v 0.000146 -0.081885 1.698258
v 0.032238 -0.075015 1.692809
v 0.000143 -0.081278 1.692198
v 0.036245 0.243808 1.730898
v 0.053046 0.238976 1.730405
v 0.036241 0.244416 1.724837
v 0.053043 0.239584 1.724344
v 0.099512 -0.032950 1.696992
v 0.047148 -0.072106 1.693093
v 0.067995 -0.032623 1.709195
v 0.032238 -0.075015 1.692809
v 0.081450 0.085537 1.721036
v 0.111958 0.021405 1.702436
v 0.076489 0.021730 1.714641
v 0.119230 0.085212 1.708830
v 0.071914 0.193893 1.731906
v 0.053043 0.239584 1.724344
v 0.105274 0.193567 1.719703
v 0.036241 0.244416 1.724837
v 0.099512 -0.032950 1.696992
v 0.067995 -0.032623 1.709195
v 0.076489 0.021730 1.714641
v 0.111958 0.021405 1.702436
v 0.078221 0.143307 1.726831
v 0.105274 0.193567 1.719703
v 0.114505 0.142982 1.714625
v 0.071914 0.193893 1.731906
v 0.081450 0.085537 1.721036
v 0.114505 0.142982 1.714625
v 0.119230 0.085212 1.708830
v 0.078221 0.143307 1.726831
v 0.078221 0.143307 1.726831
v 0.000115 0.085516 1.721076
v 0.000103 0.143287 1.726869
v 0.071914 0.193893 1.731906
v 0.000103 0.143287 1.726869
v 0.000093 0.193875 1.731942
v 0.000093 0.193875 1.731942
v 0.036241 0.244416 1.724837
v 0.071914 0.193893 1.731906
v 0.000074 0.254818 1.725899
v 0.000139 -0.032640 1.709228
v 0.032238 -0.075015 1.692809
v 0.000143 -0.081278 1.692198
v 0.067995 -0.032623 1.709195
v 0.053046 0.238976 1.730405
v 0.105277 0.192960 1.725764
v 0.053043 0.239584 1.724344
v 0.105274 0.193567 1.719703
v 0.000078 0.254210 1.731960
v 0.036245 0.243808 1.730898
v 0.000074 0.254818 1.725899
v 0.036241 0.244416 1.724837
v 0.119233 0.084604 1.714891
v 0.111961 0.020797 1.708497
v 0.119230 0.085212 1.708830
v 0.111958 0.021405 1.702436
v 0.099515 -0.033558 1.703053
v 0.047151 -0.072714 1.699154
v 0.099512 -0.032950 1.696992
v 0.047148 -0.072106 1.693093
v 0.114509 0.142374 1.720686
v 0.119230 0.085212 1.708830
v 0.114505 0.142982 1.714625
v 0.119233 0.084604 1.714891
v 0.047151 -0.072714 1.699154
v 0.032241 -0.075623 1.698869
v 0.047148 -0.072106 1.693093
v 0.032238 -0.075015 1.692809
v 0.105277 0.192960 1.725764
v 0.114505 0.142982 1.714625
v 0.105274 0.193567 1.719703
v 0.114509 0.142374 1.720686
v 0.111961 0.020797 1.708497
v 0.099515 -0.033558 1.703053
v 0.111958 0.021405 1.702436
v 0.099512 -0.032950 1.696992
v 0.114509 0.142374 1.720686
v 0.089713 0.154064 1.734025
v 0.096214 0.117756 1.730381
v 0.105277 0.192960 1.725764
v 0.031907 -0.053372 1.713255
v 0.047151 -0.072714 1.699154
v 0.046661 -0.050745 1.713511
v 0.032241 -0.075623 1.698869
v 0.096214 0.117756 1.730381
v 0.119233 0.084604 1.714891
v 0.114509 0.142374 1.720686
v 0.099541 0.076335 1.726226
v 0.046661 -0.050745 1.713511
v 0.047151 -0.072714 1.699154
v 0.099515 -0.033558 1.703053
v 0.085659 -0.025243 1.716048
v 0.099541 0.076335 1.726226
v 0.111961 0.020797 1.708497
v 0.119233 0.084604 1.714891
v 0.094420 0.030560 1.721638
v 0.036245 0.243808 1.730898
v 0.000096 0.191953 1.737871
v 0.034724 0.181146 1.736769
v 0.000078 0.254210 1.731960
v 0.105277 0.192960 1.725764
v 0.050811 0.176126 1.736257
v 0.089713 0.154064 1.734025
v 0.053046 0.238976 1.730405
v 0.094420 0.030560 1.721638
v 0.085659 -0.025243 1.716048
v 0.111961 0.020797 1.708497
v 0.099515 -0.033558 1.703053
v 0.034619 0.173153 1.772373
v 0.034724 0.181146 1.736769
v 0.000096 0.191953 1.737871
v 0.000117 0.183349 1.776585
v 0.088312 0.147369 1.766693
v 0.089713 0.154064 1.734025
v 0.050811 0.176126 1.736257
v 0.050648 0.168416 1.770416
v 0.092838 0.028399 1.757272
v 0.084417 -0.025182 1.751321
v 0.094420 0.030560 1.721638
v 0.085659 -0.025243 1.716048
v 0.088312 0.147369 1.766693
v 0.096214 0.117756 1.730381
v 0.089713 0.154064 1.734025
v 0.094560 0.112897 1.761572
v 0.031907 -0.053372 1.713255
v 0.046660 -0.050062 1.750404
v 0.031912 -0.052794 1.751447
v 0.046661 -0.050745 1.713511
v 0.094560 0.112897 1.761572
v 0.099541 0.076335 1.726226
v 0.096214 0.117756 1.730381
v 0.097760 0.072461 1.761096
v 0.046660 -0.050062 1.750404
v 0.046661 -0.050745 1.713511
v 0.085659 -0.025243 1.716048
v 0.084417 -0.025182 1.751321
v 0.092838 0.028399 1.757272
v 0.094420 0.030560 1.721638
v 0.099541 0.076335 1.726226
v 0.097760 0.072461 1.761096
v 0.046922 -0.023512 1.796140
v 0.080978 0.020628 1.795010
v 0.046927 0.014607 1.825236
v 0.069328 -0.013189 1.774937
v 0.046918 0.066249 1.833289
v 0.080978 0.020628 1.795010
v 0.085151 0.070472 1.805016
v 0.046927 0.014607 1.825236
v 0.046904 0.111832 1.829233
v 0.085151 0.070472 1.805016
v 0.083669 0.112158 1.797499
v 0.046918 0.066249 1.833289
v 0.078268 0.138526 1.792525
v 0.046904 0.111832 1.829233
v 0.083669 0.112158 1.797499
v 0.046883 0.149047 1.804958
v 0.069328 -0.013189 1.774937
v 0.092838 0.028399 1.757272
v 0.080978 0.020628 1.795010
v 0.084417 -0.025182 1.751321
v 0.097760 0.072461 1.761096
v 0.080978 0.020628 1.795010
v 0.092838 0.028399 1.757272
v 0.085151 0.070472 1.805016
v 0.084417 -0.025182 1.751321
v 0.069328 -0.013189 1.774937
v 0.046660 -0.050062 1.750404
v 0.046922 -0.023512 1.796140
v 0.097760 0.072461 1.761096
v 0.083669 0.112158 1.797499
v 0.085151 0.070472 1.805016
v 0.094560 0.112897 1.761572
v 0.078268 0.138526 1.792525
v 0.094560 0.112897 1.761572
v 0.088312 0.147369 1.766693
v 0.083669 0.112158 1.797499
v 0.050648 0.168416 1.770416
v 0.078268 0.138526 1.792525
v 0.088312 0.147369 1.766693
v 0.046883 0.149047 1.804958
v 0.034619 0.173153 1.772373
v 0.046883 0.149047 1.804958
v 0.050648 0.168416 1.770416
v 0.032058 0.150719 1.808938
v 0.031912 -0.052794 1.751447
v 0.046922 -0.023512 1.796140
v 0.032097 -0.023774 1.800115
v 0.046660 -0.050062 1.750404
v 0.032102 0.014378 1.829215
v 0.046922 -0.023512 1.796140
v 0.046927 0.014607 1.825236
v 0.032097 -0.023774 1.800115
v 0.032093 0.065289 1.837199
v 0.046927 0.014607 1.825236
v 0.046918 0.066249 1.833289
v 0.032102 0.014378 1.829215
v 0.032079 0.111602 1.833211
v 0.046918 0.066249 1.833289
v 0.046904 0.111832 1.829233
v 0.032093 0.065289 1.837199
v 0.046883 0.149047 1.804958
v 0.032079 0.111602 1.833211
v 0.046904 0.111832 1.829233
v 0.032058 0.150719 1.808938
v -0.031323 0.015648 1.828013
v -0.027333 0.065120 1.843663
v -0.031332 0.065139 1.835775
v -0.027323 0.011735 1.835119
v -0.027323 0.011735 1.835119
v -0.031328 -0.021441 1.799725
v -0.027329 -0.028136 1.803111
v -0.031323 0.015648 1.828013
v -0.027329 -0.028136 1.803111
v -0.031180 -0.049651 1.752414
v -0.027176 -0.058305 1.749373
v -0.031328 -0.021441 1.799725
v -0.033903 0.169993 1.772759
v -0.027371 0.154948 1.811856
v -0.030040 0.178706 1.771225
v -0.031367 0.148187 1.808301
v -0.031211 -0.050212 1.715287
v -0.027176 -0.058305 1.749373
v -0.031180 -0.049651 1.752414
v -0.027210 -0.058687 1.707073
v -0.030040 0.178706 1.771225
v -0.030189 0.187305 1.731741
v -0.034043 0.177764 1.738148
v -0.033903 0.169993 1.772759
v -0.031367 0.148187 1.808301
v -0.031345 0.110160 1.831898
v -0.027347 0.113750 1.838973
v -0.027371 0.154948 1.811856
v -0.027333 0.065120 1.843663
v -0.031345 0.110160 1.831898
v -0.031332 0.065139 1.835775
v -0.027347 0.113750 1.838973
v -0.027371 0.154948 1.811856
v 0.000171 0.113194 1.848431
v 0.000146 0.158690 1.821294
v -0.027347 0.113750 1.838973
v -0.027333 0.065120 1.843663
v 0.000171 0.113194 1.848431
v -0.027347 0.113750 1.838973
v 0.000186 0.062916 1.852967
v -0.027323 0.011735 1.835119
v 0.000186 0.062916 1.852967
v -0.027333 0.065120 1.843663
v 0.000195 0.011181 1.844578
v -0.027329 -0.028136 1.803111
v 0.000189 -0.028764 1.812561
v 0.000195 0.011181 1.844578
v -0.027323 0.011735 1.835119
v 0.000168 -0.064475 1.751865
v -0.027329 -0.028136 1.803111
v -0.027176 -0.058305 1.749373
v 0.000189 -0.028764 1.812561
v -0.027371 0.154948 1.811856
v 0.000146 0.158690 1.821294
v 0.000116 0.189399 1.775797
v -0.030040 0.178706 1.771225
v 0.000146 -0.064603 1.706466
v -0.027176 -0.058305 1.749373
v -0.027210 -0.058687 1.707073
v 0.000168 -0.064475 1.751865
v -0.030040 0.178706 1.771225
v 0.000092 0.198657 1.732864
v -0.030189 0.187305 1.731741
v 0.000116 0.189399 1.775797
v -0.031774 0.150703 1.808969
v 0.000168 0.111105 1.841775
v 0.000145 0.154319 1.817505
v -0.031752 0.111586 1.833243
v -0.031739 0.065272 1.837231
v 0.000168 0.111105 1.841775
v -0.031752 0.111586 1.833243
v 0.000182 0.063222 1.845616
v -0.031730 0.014362 1.829247
v 0.000190 0.013884 1.837780
v 0.000182 0.063222 1.845616
v -0.031739 0.065272 1.837231
v -0.031734 -0.023791 1.800147
v 0.000186 -0.024340 1.808672
v 0.000190 0.013884 1.837780
v -0.031730 0.014362 1.829247
v 0.000167 -0.058674 1.753692
v -0.031734 -0.023791 1.800147
v -0.031583 -0.052810 1.751478
v 0.000186 -0.024340 1.808672
v -0.031774 0.150703 1.808969
v 0.000117 0.183349 1.776585
v -0.034383 0.173135 1.772407
v 0.000145 0.154319 1.817505
v 0.000147 -0.059026 1.712704
v -0.031583 -0.052810 1.751478
v -0.031614 -0.053388 1.713286
v 0.000167 -0.058674 1.753692
v -0.050411 0.168390 1.770466
v -0.034527 0.181129 1.736803
v -0.050612 0.176100 1.736307
v -0.034383 0.173135 1.772407
v -0.052885 0.238949 1.730457
v -0.034527 0.181129 1.736803
v -0.036085 0.243790 1.730934
v -0.050612 0.176100 1.736307
v -0.031951 -0.075639 1.698901
v 0.000147 -0.059026 1.712704
v -0.031614 -0.053388 1.713286
v 0.000146 -0.081885 1.698258
v 0.000146 -0.081885 1.698258
v -0.031955 -0.075032 1.692840
v 0.000143 -0.081278 1.692198
v -0.031951 -0.075639 1.698901
v -0.052885 0.238949 1.730457
v -0.036088 0.244398 1.724873
v -0.052888 0.239557 1.724396
v -0.036085 0.243790 1.730934
v -0.046866 -0.072130 1.693139
v -0.099246 -0.033000 1.697090
v -0.067717 -0.032658 1.709262
v -0.031955 -0.075032 1.692840
v -0.111714 0.021348 1.702546
v -0.081220 0.085496 1.721116
v -0.076233 0.021692 1.714716
v -0.119012 0.085152 1.708948
v -0.105100 0.193514 1.719806
v -0.052888 0.239557 1.724396
v -0.071729 0.193857 1.731977
v -0.036088 0.244398 1.724873
v -0.099246 -0.033000 1.697090
v -0.076233 0.021692 1.714716
v -0.067717 -0.032658 1.709262
v -0.111714 0.021348 1.702546
v -0.105100 0.193514 1.719806
v -0.078015 0.143267 1.726908
v -0.114311 0.142924 1.714738
v -0.071729 0.193857 1.731977
v -0.081220 0.085496 1.721116
v -0.114311 0.142924 1.714738
v -0.078015 0.143267 1.726908
v -0.119012 0.085152 1.708948
v -0.078015 0.143267 1.726908
v 0.081450 0.085537 1.721036
v -0.081220 0.085496 1.721116
v -0.071729 0.193857 1.731977
v 0.078221 0.143307 1.726831
v -0.078015 0.143267 1.726908
v -0.067717 -0.032658 1.709262
v 0.000128 0.021711 1.714679
v 0.000139 -0.032640 1.709228
v -0.076233 0.021692 1.714716
v 0.067995 -0.032623 1.709195
v 0.076489 0.021730 1.714641
v -0.036088 0.244398 1.724873
v 0.000093 0.193875 1.731942
v -0.071729 0.193857 1.731977
v 0.000074 0.254818 1.725899
v -0.076233 0.021692 1.714716
v 0.000115 0.085516 1.721076
v 0.000128 0.021711 1.714679
v 0.081450 0.085537 1.721036
v 0.076489 0.021730 1.714641
v -0.081220 0.085496 1.721116
v -0.031955 -0.075032 1.692840
v 0.000139 -0.032640 1.709228
v 0.000143 -0.081278 1.692198
v -0.067717 -0.032658 1.709262
v -0.105097 0.192907 1.725867
v -0.052885 0.238949 1.730457
v -0.052888 0.239557 1.724396
v -0.105100 0.193514 1.719806
v -0.036085 0.243790 1.730934
v 0.000078 0.254210 1.731960
v 0.000074 0.254818 1.725899
v -0.036088 0.244398 1.724873
v -0.111711 0.020741 1.708607
v -0.119009 0.084544 1.715008
v -0.119012 0.085152 1.708948
v -0.111714 0.021348 1.702546
v -0.046863 -0.072738 1.699200
v -0.099246 -0.033000 1.697090
v -0.046866 -0.072130 1.693139
v -0.099243 -0.033608 1.703151
v -0.114308 0.142316 1.720799
v -0.119012 0.085152 1.708948
v -0.119009 0.084544 1.715008
v -0.114311 0.142924 1.714738
v -0.031951 -0.075639 1.698901
v -0.046866 -0.072130 1.693139
v -0.031955 -0.075032 1.692840
v -0.046863 -0.072738 1.699200
v -0.105097 0.192907 1.725867
v -0.114311 0.142924 1.714738
v -0.114308 0.142316 1.720799
v -0.105100 0.193514 1.719806
v -0.099243 -0.033608 1.703151
v -0.111711 0.020741 1.708607
v -0.111714 0.021348 1.702546
v -0.099246 -0.033000 1.697090
v -0.089505 0.154018 1.734113
v -0.114308 0.142316 1.720799
v -0.095991 0.117707 1.730476
v -0.105097 0.192907 1.725867
v -0.046863 -0.072738 1.699200
v -0.031614 -0.053388 1.713286
v -0.046370 -0.050768 1.713557
v -0.031951 -0.075639 1.698901
v -0.095991 0.117707 1.730476
v -0.119009 0.084544 1.715008
v -0.099301 0.076285 1.726324
v -0.114308 0.142316 1.720799
v -0.099243 -0.033608 1.703151
v -0.046863 -0.072738 1.699200
v -0.046370 -0.050768 1.713557
v -0.085378 -0.025286 1.716132
v -0.099301 0.076285 1.726324
v -0.111711 0.020741 1.708607
v -0.094162 0.030512 1.721732
v -0.119009 0.084544 1.715008
v -0.036085 0.243790 1.730934
v 0.000096 0.191953 1.737871
v 0.000078 0.254210 1.731960
v -0.034527 0.181129 1.736803
v -0.105097 0.192907 1.725867
v -0.050612 0.176100 1.736307
v -0.052885 0.238949 1.730457
v -0.089505 0.154018 1.734113
v -0.085378 -0.025286 1.716132
v -0.094162 0.030512 1.721732
v -0.111711 0.020741 1.708607
v -0.099243 -0.033608 1.703151
v -0.034383 0.173135 1.772407
v 0.000096 0.191953 1.737871
v -0.034527 0.181129 1.736803
v 0.000117 0.183349 1.776585
v -0.088069 0.147325 1.766780
v -0.050612 0.176100 1.736307
v -0.089505 0.154018 1.734113
v -0.050411 0.168390 1.770466
v -0.084101 -0.025224 1.751404
v -0.094162 0.030512 1.721732
v -0.085378 -0.025286 1.716132
v -0.092544 0.028352 1.757363
v -0.095991 0.117707 1.730476
v -0.088069 0.147325 1.766780
v -0.089505 0.154018 1.734113
v -0.094305 0.112849 1.761665
v -0.031614 -0.053388 1.713286
v -0.046332 -0.050085 1.750449
v -0.046370 -0.050768 1.713557
v -0.031583 -0.052810 1.751478
v -0.099301 0.076285 1.726324
v -0.094305 0.112849 1.761665
v -0.095991 0.117707 1.730476
v -0.097484 0.072411 1.761192
v -0.046332 -0.050085 1.750449
v -0.085378 -0.025286 1.716132
v -0.046370 -0.050768 1.713557
v -0.084101 -0.025224 1.751404
v -0.092544 0.028352 1.757363
v -0.099301 0.076285 1.726324
v -0.094162 0.030512 1.721732
v -0.097484 0.072411 1.761192
v -0.080642 0.020587 1.795090
v -0.046563 -0.023535 1.796186
v -0.046559 0.014584 1.825283
v -0.068995 -0.013224 1.775005
v -0.080642 0.020587 1.795090
v -0.046559 0.014584 1.825283
v -0.046568 0.066225 1.833335
v -0.084831 0.070429 1.805100
v -0.084831 0.070429 1.805100
v -0.046581 0.111809 1.829279
v -0.083377 0.112116 1.797582
v -0.046568 0.066225 1.833335
v -0.077995 0.138487 1.792602
v -0.046581 0.111809 1.829279
v -0.046603 0.149024 1.805004
v -0.083377 0.112116 1.797582
v -0.092544 0.028352 1.757363
v -0.084101 -0.025224 1.751404
v -0.068995 -0.013224 1.775005
v -0.080642 0.020587 1.795090
v -0.080642 0.020587 1.795090
v -0.097484 0.072411 1.761192
v -0.092544 0.028352 1.757363
v -0.084831 0.070429 1.805100
v -0.046332 -0.050085 1.750449
v -0.068995 -0.013224 1.775005
v -0.084101 -0.025224 1.751404
v -0.046563 -0.023535 1.796186
v -0.097484 0.072411 1.761192
v -0.083377 0.112116 1.797582
v -0.094305 0.112849 1.761665
v -0.084831 0.070429 1.805100
v -0.094305 0.112849 1.761665
v -0.077995 0.138487 1.792602
v -0.088069 0.147325 1.766780
v -0.083377 0.112116 1.797582
v -0.050411 0.168390 1.770466
v -0.088069 0.147325 1.766780
v -0.077995 0.138487 1.792602
v -0.046603 0.149024 1.805004
v -0.034383 0.173135 1.772407
v -0.050411 0.168390 1.770466
v -0.046603 0.149024 1.805004
v -0.031774 0.150703 1.808969
v -0.031583 -0.052810 1.751478
v -0.046563 -0.023535 1.796186
v -0.046332 -0.050085 1.750449
v -0.031734 -0.023791 1.800147
v -0.046563 -0.023535 1.796186
v -0.031730 0.014362 1.829247
v -0.046559 0.014584 1.825283
v -0.031734 -0.023791 1.800147
v -0.046559 0.014584 1.825283
v -0.031739 0.065272 1.837231
v -0.046568 0.066225 1.833335
v -0.031730 0.014362 1.829247
v -0.046568 0.066225 1.833335
v -0.031752 0.111586 1.833243
v -0.046581 0.111809 1.829279
v -0.031739 0.065272 1.837231
v -0.046603 0.149024 1.805004
v -0.031752 0.111586 1.833243
v -0.031774 0.150703 1.808969
v -0.046581 0.111809 1.829279
v 0.090948 0.097874 1.695307
v 0.081880 0.109215 1.691440
v 0.077666 0.101334 1.692245
v 0.094080 0.103372 1.694671
v 0.107226 0.095203 1.677460
v 0.094783 0.094088 1.657403
v 0.097469 0.098771 1.656833
v 0.105260 0.091496 1.677903
v 0.105260 0.091496 1.677903
v 0.106355 0.095583 1.687951
v 0.104312 0.091710 1.688407
v 0.107226 0.095203 1.677460
v 0.084433 0.104256 1.646397
v 0.094783 0.094088 1.657403
v 0.080895 0.097996 1.647113
v 0.097469 0.098771 1.656833
v 0.071750 0.110039 1.642358
v 0.080895 0.097996 1.647113
v 0.067328 0.102061 1.643233
v 0.084433 0.104256 1.646397
v 0.104312 0.091710 1.688407
v 0.094080 0.103372 1.694671
v 0.090948 0.097874 1.695307
v 0.106355 0.095583 1.687951
v 0.090223 0.097669 1.676924
v 0.077666 0.101334 1.692245
v 0.075940 0.101831 1.675971
v 0.090948 0.097874 1.695307
v 0.080895 0.097996 1.647113
v 0.075940 0.101831 1.675971
v 0.067328 0.102061 1.643233
v 0.090223 0.097669 1.676924
v 0.094783 0.094088 1.657403
v 0.090223 0.097669 1.676924
v 0.080895 0.097996 1.647113
v 0.105260 0.091496 1.677903
v 0.104312 0.091710 1.688407
v 0.090223 0.097669 1.676924
v 0.105260 0.091496 1.677903
v 0.090948 0.097874 1.695307
v 0.093413 0.103136 1.676276
v 0.081880 0.109215 1.691440
v 0.094080 0.103372 1.694671
v 0.080281 0.109607 1.675139
v 0.080281 0.109607 1.675139
v 0.084433 0.104256 1.646397
v 0.071750 0.110039 1.642358
v 0.093413 0.103136 1.676276
v 0.093413 0.103136 1.676276
v 0.097469 0.098771 1.656833
v 0.084433 0.104256 1.646397
v 0.107226 0.095203 1.677460
v 0.093413 0.103136 1.676276
v 0.106355 0.095583 1.687951
v 0.107226 0.095203 1.677460
v 0.094080 0.103372 1.694671
v 0.000073 0.182813 1.686539
v 0.010469 0.192146 1.632974
v 0.000043 0.193996 1.631410
v 0.007218 0.180854 1.688227
v 0.000049 0.172801 1.631685
v 0.010469 0.192146 1.632974
v 0.011459 0.169801 1.633097
v 0.000043 0.193996 1.631410
v 0.008143 0.173735 1.682745
v 0.011459 0.169801 1.633097
v 0.010469 0.192146 1.632974
v 0.007218 0.180854 1.688227
v -0.090750 0.097828 1.695396
v -0.081691 0.109173 1.691521
v -0.093886 0.103324 1.694763
v -0.077473 0.101295 1.692322
v -0.094621 0.094040 1.657496
v -0.107044 0.095149 1.677566
v -0.097310 0.098722 1.656929
v -0.105076 0.091443 1.678007
v -0.105076 0.091443 1.678007
v -0.106163 0.095529 1.688056
v -0.107044 0.095149 1.677566
v -0.104117 0.091657 1.688510
v -0.084287 0.104213 1.646480
v -0.080745 0.097955 1.647193
v -0.094621 0.094040 1.657496
v -0.097310 0.098722 1.656929
v -0.071610 0.110002 1.642429
v -0.067183 0.102027 1.643299
v -0.080745 0.097955 1.647193
v -0.084287 0.104213 1.646480
v -0.104117 0.091657 1.688510
v -0.093886 0.103324 1.694763
v -0.106163 0.095529 1.688056
v -0.090750 0.097828 1.695396
v -0.090043 0.097624 1.677013
v -0.077473 0.101295 1.692322
v -0.090750 0.097828 1.695396
v -0.075763 0.101793 1.676046
v -0.075763 0.101793 1.676046
v -0.080745 0.097955 1.647193
v -0.067183 0.102027 1.643299
v -0.090043 0.097624 1.677013
v -0.090043 0.097624 1.677013
v -0.094621 0.094040 1.657496
v -0.080745 0.097955 1.647193
v -0.105076 0.091443 1.678007
v -0.090043 0.097624 1.677013
v -0.104117 0.091657 1.688510
v -0.105076 0.091443 1.678007
v -0.090750 0.097828 1.695396
v -0.093237 0.103088 1.676368
v -0.081691 0.109173 1.691521
v -0.080109 0.109567 1.675218
v -0.093886 0.103324 1.694763
v -0.084287 0.104213 1.646480
v -0.080109 0.109567 1.675218
v -0.071610 0.110002 1.642429
v -0.093237 0.103088 1.676368
v -0.097310 0.098722 1.656929
v -0.093237 0.103088 1.676368
v -0.084287 0.104213 1.646480
v -0.107044 0.095149 1.677566
v -0.106163 0.095529 1.688056
v -0.093237 0.103088 1.676368
v -0.107044 0.095149 1.677566
v -0.093886 0.103324 1.694763
v 0.000073 0.182813 1.686539
v -0.010380 0.192141 1.632985
v -0.007069 0.180850 1.688234
v 0.000043 0.193996 1.631410
v 0.000049 0.172801 1.631685
v -0.010380 0.192141 1.632985
v 0.000043 0.193996 1.631410
v -0.011359 0.169795 1.633108
v -0.007996 0.173730 1.682753
v -0.010380 0.192141 1.632985
v -0.011359 0.169795 1.633108
v -0.007069 0.180850 1.688234
v 0.051477 0.050659 1.445357
v 0.000007 0.089561 1.443540
v 0.048370 0.063821 1.444767
v 0.028598 0.087501 1.443588
v 0.044302 0.076793 1.444180
v -0.028583 0.087993 1.443901
v -0.048342 0.064177 1.444860
v -0.044280 0.077191 1.444374
v -0.049808 0.032108 1.446056
v -0.025302 0.005545 1.446889
v -0.046073 0.019068 1.446490
v 0.000031 0.002117 1.446925
v -0.051441 0.050929 1.445367
v 0.025363 0.005525 1.446907
v 0.049854 0.031967 1.446097
v 0.046126 0.018996 1.446528
v 0.000022 0.093117 1.506930
v 0.028598 0.087501 1.443588
v 0.000007 0.089561 1.443540
v 0.028614 0.091196 1.507157
v -0.049792 0.035267 1.512079
v -0.051441 0.050929 1.445367
v -0.049808 0.032108 1.446056
v -0.051426 0.054151 1.510453
v 0.044317 0.080324 1.508128
v 0.048370 0.063821 1.444767
v 0.044302 0.076793 1.444180
v 0.048386 0.067357 1.509268
v 0.000048 0.005121 1.514668
v -0.025302 0.005545 1.446889
v 0.000031 0.002117 1.446925
v -0.025286 0.008629 1.514349
v -0.051426 0.054151 1.510453
v -0.048342 0.064177 1.444860
v -0.051441 0.050929 1.445367
v -0.048326 0.067331 1.509307
v 0.051493 0.054178 1.510425
v 0.049854 0.031967 1.446097
v 0.051477 0.050659 1.445357
v 0.049870 0.035292 1.512064
v -0.044265 0.080301 1.508178
v -0.028583 0.087993 1.443901
v -0.044280 0.077191 1.444374
v -0.028568 0.091180 1.507205
v 0.025379 0.008642 1.514344
v 0.000031 0.002117 1.446925
v 0.025363 0.005525 1.446907
v 0.000048 0.005121 1.514668
v 0.048386 0.067357 1.509268
v 0.051477 0.050659 1.445357
v 0.048370 0.063821 1.444767
v 0.051493 0.054178 1.510425
v -0.046057 0.022199 1.513187
v -0.049808 0.032108 1.446056
v -0.046073 0.019068 1.446490
v -0.049792 0.035267 1.512079
v 0.028614 0.091196 1.507157
v 0.044302 0.076793 1.444180
v 0.028598 0.087501 1.443588
v 0.044317 0.080324 1.508128
v -0.025286 0.008629 1.514349
v -0.046073 0.019068 1.446490
v -0.025302 0.005545 1.446889
v -0.046057 0.022199 1.513187
v 0.049870 0.035292 1.512064
v 0.046126 0.018996 1.446528
v 0.049854 0.031967 1.446097
v 0.046142 0.022222 1.513176
v -0.028568 0.091180 1.507205
v 0.000007 0.089561 1.443540
v -0.028583 0.087993 1.443901
v 0.000022 0.093117 1.506930
v 0.046142 0.022222 1.513176
v 0.025363 0.005525 1.446907
v 0.046126 0.018996 1.446528
v 0.025379 0.008642 1.514344
v -0.048326 0.067331 1.509307
v -0.044280 0.077191 1.444374
v -0.048342 0.064177 1.444860
v -0.044265 0.080301 1.508178
v 0.037765 0.161358 1.567804
v 0.000033 0.174069 1.600268
v 0.044689 0.160793 1.604030
v 0.000016 0.169374 1.562007
v 0.035928 0.153327 1.560612
v 0.055688 0.125413 1.590971
v 0.051239 0.118216 1.582638
v 0.037765 0.161358 1.567804
v 0.000016 0.169374 1.562007
v 0.037765 0.161358 1.567804
v 0.000015 0.160868 1.554749
v 0.035928 0.153327 1.560612
v 0.051239 0.118216 1.582638
v 0.063679 0.106705 1.602642
v 0.057646 0.102157 1.592523
v 0.055688 0.125413 1.590971
v 0.063679 0.106705 1.602642
v 0.055069 0.076045 1.598094
v 0.057646 0.102157 1.592523
v 0.076946 0.080843 1.631933
v 0.041593 0.085261 1.578327
v 0.055069 0.076045 1.598094
v 0.047179 0.064228 1.580611
v 0.057646 0.102157 1.592523
v 0.025379 0.008642 1.514344
v 0.000058 0.012033 1.561023
v 0.000048 0.005121 1.514668
v 0.024945 0.014245 1.562019
v 0.089939 0.076597 1.669382
v 0.090779 0.104476 1.701235
v 0.094384 0.076002 1.707921
v 0.086223 0.102319 1.664017
v 0.056337 0.162407 1.643061
v 0.000068 0.178005 1.674358
v 0.063927 0.163151 1.680345
v 0.000049 0.177760 1.635335
v 0.080218 0.127156 1.653694
v 0.063927 0.163151 1.680345
v 0.086502 0.126251 1.692342
v 0.056337 0.162407 1.643061
v 0.089939 0.076597 1.669382
v 0.092394 0.061188 1.709751
v 0.089482 0.043733 1.675195
v 0.094384 0.076002 1.707921
v 0.063930 0.176304 1.704772
v 0.079322 0.151004 1.743013
v 0.084358 0.132802 1.712080
v 0.053156 0.171130 1.744492
v 0.000080 0.191323 1.704566
v 0.053156 0.171130 1.744492
v 0.063930 0.176304 1.704772
v 0.000105 0.181300 1.751017
v 0.063927 0.163151 1.680345
v 0.084358 0.132802 1.712080
v 0.086502 0.126251 1.692342
v 0.063930 0.176304 1.704772
v 0.063927 0.163151 1.680345
v 0.000080 0.191323 1.704566
v 0.063930 0.176304 1.704772
v 0.000068 0.178005 1.674358
v 0.076946 0.080843 1.631933
v 0.086223 0.102319 1.664017
v 0.089939 0.076597 1.669382
v 0.074143 0.105316 1.626126
v 0.071541 0.037674 1.638597
v 0.089939 0.076597 1.669382
v 0.089482 0.043733 1.675195
v 0.076946 0.080843 1.631933
v 0.065904 0.131649 1.615791
v 0.056337 0.162407 1.643061
v 0.080218 0.127156 1.653694
v 0.044689 0.160793 1.604030
v 0.044689 0.160793 1.604030
v 0.000049 0.177760 1.635335
v 0.056337 0.162407 1.643061
v 0.000033 0.174069 1.600268
v 0.080218 0.127156 1.653694
v 0.074143 0.105316 1.626126
v 0.065904 0.131649 1.615791
v 0.086223 0.102319 1.664017
v 0.050794 0.021570 1.608642
v 0.071541 0.037674 1.638597
v 0.060249 0.007930 1.637364
v 0.059320 0.040744 1.606460
v 0.026821 0.110666 1.565521
v 0.035928 0.153327 1.560612
v 0.051239 0.118216 1.582638
v 0.036322 0.105240 1.571659
v 0.059320 0.040744 1.606460
v 0.076946 0.080843 1.631933
v 0.071541 0.037674 1.638597
v 0.055069 0.076045 1.598094
v 0.000032 0.110689 1.564328
v 0.035928 0.153327 1.560612
v 0.026821 0.110666 1.565521
v 0.000015 0.160868 1.554749
v 0.047179 0.064228 1.580611
v 0.059320 0.040744 1.606460
v 0.046732 0.042467 1.580502
v 0.055069 0.076045 1.598094
v 0.036322 0.105240 1.571659
v 0.051239 0.118216 1.582638
v 0.057646 0.102157 1.592523
v 0.041593 0.085261 1.578327
v 0.063679 0.106705 1.602642
v 0.065904 0.131649 1.615791
v 0.074143 0.105316 1.626126
v 0.055688 0.125413 1.590971
v 0.027574 0.003842 1.605504
v 0.000097 -0.019576 1.632340
v 0.000078 -0.001142 1.603934
v 0.034012 -0.013890 1.634010
v 0.038349 0.024752 1.580355
v 0.059320 0.040744 1.606460
v 0.050794 0.021570 1.608642
v 0.046732 0.042467 1.580502
v 0.055688 0.125413 1.590971
v 0.044689 0.160793 1.604030
v 0.065904 0.131649 1.615791
v 0.037765 0.161358 1.567804
v 0.050794 0.021570 1.608642
v 0.034012 -0.013890 1.634010
v 0.027574 0.003842 1.605504
v 0.060249 0.007930 1.637364
v 0.063679 0.106705 1.602642
v 0.074143 0.105316 1.626126
v 0.076946 0.080843 1.631933
v 0.000031 0.102224 1.550830
v 0.026821 0.110666 1.565521
v 0.030725 0.102265 1.551757
v 0.000032 0.110689 1.564328
v 0.030725 0.102265 1.551757
v 0.036322 0.105240 1.571659
v 0.038541 0.091879 1.556577
v 0.026821 0.110666 1.565521
v 0.044351 0.041058 1.564157
v 0.038349 0.024752 1.580355
v 0.035771 0.023741 1.564084
v 0.046732 0.042467 1.580502
v 0.038541 0.091879 1.556577
v 0.041593 0.085261 1.578327
v 0.042868 0.075193 1.562108
v 0.036322 0.105240 1.571659
v 0.022924 0.014112 1.578521
v 0.000078 -0.001142 1.603934
v 0.000063 0.011525 1.577496
v 0.027574 0.003842 1.605504
v 0.038349 0.024752 1.580355
v 0.027574 0.003842 1.605504
v 0.022924 0.014112 1.578521
v 0.050794 0.021570 1.608642
v 0.042868 0.075193 1.562108
v 0.047179 0.064228 1.580611
v 0.045731 0.060112 1.564897
v 0.041593 0.085261 1.578327
v 0.045731 0.060112 1.564897
v 0.046732 0.042467 1.580502
v 0.044351 0.041058 1.564157
v 0.047179 0.064228 1.580611
v 0.051493 0.054178 1.510425
v 0.044351 0.041058 1.564157
v 0.049870 0.035292 1.512064
v 0.045731 0.060112 1.564897
v 0.048386 0.067357 1.509268
v 0.038541 0.091879 1.556577
v 0.042868 0.075193 1.562108
v 0.044317 0.080324 1.508128
v 0.035771 0.023741 1.564084
v 0.022924 0.014112 1.578521
v 0.024945 0.014245 1.562019
v 0.038349 0.024752 1.580355
v 0.028614 0.091196 1.507157
v 0.000031 0.102224 1.550830
v 0.030725 0.102265 1.551757
v 0.000022 0.093117 1.506930
v 0.022924 0.014112 1.578521
v 0.000058 0.012033 1.561023
v 0.024945 0.014245 1.562019
v 0.000063 0.011525 1.577496
v 0.024945 0.014245 1.562019
v 0.046142 0.022222 1.513176
v 0.035771 0.023741 1.564084
v 0.025379 0.008642 1.514344
v 0.049870 0.035292 1.512064
v 0.035771 0.023741 1.564084
v 0.046142 0.022222 1.513176
v 0.044351 0.041058 1.564157
v 0.044317 0.080324 1.508128
v 0.030725 0.102265 1.551757
v 0.038541 0.091879 1.556577
v 0.028614 0.091196 1.507157
v 0.051493 0.054178 1.510425
v 0.042868 0.075193 1.562108
v 0.045731 0.060112 1.564897
v 0.048386 0.067357 1.509268
v -0.037724 0.161338 1.567839
v 0.000033 0.174069 1.600268
v 0.000016 0.169374 1.562007
v -0.044613 0.160770 1.604071
v -0.055607 0.125385 1.591020
v -0.035889 0.153308 1.560645
v -0.051162 0.118190 1.582682
v -0.037724 0.161338 1.567839
v -0.037724 0.161338 1.567839
v 0.000016 0.169374 1.562007
v 0.000015 0.160868 1.554749
v -0.035889 0.153308 1.560645
v -0.063578 0.106674 1.602698
v -0.051162 0.118190 1.582682
v -0.057552 0.102128 1.592573
v -0.055607 0.125385 1.591020
v -0.076804 0.080807 1.632005
v -0.063578 0.106674 1.602698
v -0.054957 0.076019 1.598142
v -0.057552 0.102128 1.592573
v -0.041504 0.085240 1.578360
v -0.047078 0.064204 1.580650
v -0.054957 0.076019 1.598142
v -0.057552 0.102128 1.592573
v 0.000058 0.012033 1.561023
v -0.025286 0.008629 1.514349
v 0.000048 0.005121 1.514668
v -0.024831 0.014234 1.562031
v -0.089756 0.076558 1.669469
v -0.090578 0.104430 1.701324
v -0.086059 0.102281 1.664099
v -0.094162 0.075954 1.708014
v -0.056224 0.162381 1.643113
v 0.000068 0.178005 1.674358
v 0.000049 0.177760 1.635335
v -0.063776 0.163119 1.680408
v -0.080077 0.127120 1.653768
v -0.063776 0.163119 1.680408
v -0.056224 0.162381 1.643113
v -0.086321 0.126207 1.692427
v -0.089756 0.076558 1.669469
v -0.089276 0.043688 1.675284
v -0.092163 0.061142 1.709842
v -0.094162 0.075954 1.708014
v -0.063762 0.176271 1.704835
v -0.084161 0.132760 1.712163
v -0.079103 0.150964 1.743091
v -0.052946 0.171104 1.744544
v 0.000080 0.191323 1.704566
v -0.063762 0.176271 1.704835
v -0.052946 0.171104 1.744544
v 0.000105 0.181300 1.751017
v -0.063776 0.163119 1.680408
v -0.086321 0.126207 1.692427
v -0.084161 0.132760 1.712163
v -0.063762 0.176271 1.704835
v -0.063776 0.163119 1.680408
v 0.000080 0.191323 1.704566
v 0.000068 0.178005 1.674358
v -0.063762 0.176271 1.704835
v -0.076804 0.080807 1.632005
v -0.086059 0.102281 1.664099
v -0.074019 0.105281 1.626195
v -0.089756 0.076558 1.669469
v -0.071369 0.037642 1.638667
v -0.089756 0.076558 1.669469
v -0.076804 0.080807 1.632005
v -0.089276 0.043688 1.675284
v -0.065802 0.131616 1.615852
v -0.056224 0.162381 1.643113
v -0.044613 0.160770 1.604071
v -0.080077 0.127120 1.653768
v -0.044613 0.160770 1.604071
v 0.000049 0.177760 1.635335
v 0.000033 0.174069 1.600268
v -0.056224 0.162381 1.643113
v -0.074019 0.105281 1.626195
v -0.080077 0.127120 1.653768
v -0.065802 0.131616 1.615852
v -0.086059 0.102281 1.664099
v -0.050644 0.021546 1.608692
v -0.071369 0.037642 1.638667
v -0.059183 0.040717 1.606517
v -0.060064 0.007902 1.637424
v -0.026755 0.110653 1.565544
v -0.051162 0.118190 1.582682
v -0.035889 0.153308 1.560645
v -0.036248 0.105221 1.571689
v -0.059183 0.040717 1.606517
v -0.076804 0.080807 1.632005
v -0.054957 0.076019 1.598142
v -0.071369 0.037642 1.638667
v -0.035889 0.153308 1.560645
v 0.000015 0.160868 1.554749
v 0.000032 0.110689 1.564328
v -0.026755 0.110653 1.565544
v -0.059183 0.040717 1.606517
v -0.054957 0.076019 1.598142
v -0.047078 0.064204 1.580650
v -0.046620 0.042443 1.580542
v -0.036248 0.105221 1.571689
v -0.057552 0.102128 1.592573
v -0.051162 0.118190 1.582682
v -0.041504 0.085240 1.578360
v -0.063578 0.106674 1.602698
v -0.065802 0.131616 1.615852
v -0.055607 0.125385 1.591020
v -0.074019 0.105281 1.626195
v -0.027419 0.003829 1.605531
v 0.000097 -0.019576 1.632340
v -0.033820 -0.013906 1.634044
v 0.000078 -0.001142 1.603934
v -0.038228 0.024732 1.580389
v -0.059183 0.040717 1.606517
v -0.046620 0.042443 1.580542
v -0.050644 0.021546 1.608692
v -0.055607 0.125385 1.591020
v -0.044613 0.160770 1.604071
v -0.037724 0.161338 1.567839
v -0.065802 0.131616 1.615852
v -0.050644 0.021546 1.608692
v -0.027419 0.003829 1.605531
v -0.033820 -0.013906 1.634044
v -0.060064 0.007902 1.637424
v -0.063578 0.106674 1.602698
v -0.076804 0.080807 1.632005
v -0.074019 0.105281 1.626195
v 0.000031 0.102224 1.550830
v -0.030663 0.102252 1.551784
v -0.026755 0.110653 1.565544
v 0.000032 0.110689 1.564328
v -0.030663 0.102252 1.551784
v -0.036248 0.105221 1.571689
v -0.026755 0.110653 1.565544
v -0.038471 0.091863 1.556608
v -0.038228 0.024732 1.580389
v -0.044249 0.041038 1.564182
v -0.035660 0.023724 1.564103
v -0.046620 0.042443 1.580542
v -0.038471 0.091863 1.556608
v -0.042785 0.075174 1.562140
v -0.041504 0.085240 1.578360
v -0.036248 0.105221 1.571689
v -0.022799 0.014100 1.578541
v 0.000078 -0.001142 1.603934
v -0.027419 0.003829 1.605531
v 0.000063 0.011525 1.577496
v -0.038228 0.024732 1.580389
v -0.022799 0.014100 1.578541
v -0.027419 0.003829 1.605531
v -0.050644 0.021546 1.608692
v -0.042785 0.075174 1.562140
v -0.045638 0.060091 1.564927
v -0.047078 0.064204 1.580650
v -0.041504 0.085240 1.578360
v -0.046620 0.042443 1.580542
v -0.045638 0.060091 1.564927
v -0.044249 0.041038 1.564182
v -0.047078 0.064204 1.580650
v -0.044249 0.041038 1.564182
v -0.051426 0.054151 1.510453
v -0.049792 0.035267 1.512079
v -0.045638 0.060091 1.564927
v -0.048326 0.067331 1.509307
v -0.038471 0.091863 1.556608
v -0.044265 0.080301 1.508178
v -0.042785 0.075174 1.562140
v -0.022799 0.014100 1.578541
v -0.035660 0.023724 1.564103
v -0.024831 0.014234 1.562031
v -0.038228 0.024732 1.580389
v -0.028568 0.091180 1.507205
v 0.000031 0.102224 1.550830
v 0.000022 0.093117 1.506930
v -0.030663 0.102252 1.551784
v 0.000058 0.012033 1.561023
v -0.022799 0.014100 1.578541
v -0.024831 0.014234 1.562031
v 0.000063 0.011525 1.577496
v -0.024831 0.014234 1.562031
v -0.046057 0.022199 1.513187
v -0.025286 0.008629 1.514349
v -0.035660 0.023724 1.564103
v -0.035660 0.023724 1.564103
v -0.049792 0.035267 1.512079
v -0.046057 0.022199 1.513187
v -0.044249 0.041038 1.564182
v -0.044265 0.080301 1.508178
v -0.030663 0.102252 1.551784
v -0.028568 0.091180 1.507205
v -0.038471 0.091863 1.556608
v -0.051426 0.054151 1.510453
v -0.042785 0.075174 1.562140
v -0.048326 0.067331 1.509307
v -0.045638 0.060091 1.564927
v 0.020388 0.180128 1.698842
v 0.064242 0.165738 1.701330
v 0.023111 0.187579 1.696784
v 0.066965 0.175137 1.699219
v 0.020388 0.180128 1.698842
v 0.024410 0.183779 1.688427
v 0.021687 0.176328 1.690485
v 0.023111 0.187579 1.696784
v 0.067333 0.172735 1.691420
v 0.064242 0.165738 1.701330
v 0.064610 0.163334 1.693532
v 0.066965 0.175137 1.699219
v 0.024410 0.183779 1.688427
v 0.064610 0.163334 1.693532
v 0.021687 0.176328 1.690485
v 0.067333 0.172735 1.691420
v 0.024410 0.183779 1.688427
v 0.066965 0.175137 1.699219
v 0.067333 0.172735 1.691420
v 0.023111 0.187579 1.696784
v 0.064242 0.165738 1.701330
v 0.020388 0.180128 1.698842
v 0.021687 0.176328 1.690485
v 0.064610 0.163334 1.693532
v -0.064072 0.165706 1.701393
v -0.022957 0.187567 1.696806
v -0.066802 0.175103 1.699285
v -0.020228 0.180118 1.698862
v -0.020228 0.180118 1.698862
v -0.021533 0.176317 1.690506
v -0.024262 0.183766 1.688451
v -0.022957 0.187567 1.696806
v -0.064072 0.165706 1.701393
v -0.067177 0.172701 1.691486
v -0.064447 0.163301 1.693595
v -0.066802 0.175103 1.699285
v -0.064447 0.163301 1.693595
v -0.024262 0.183766 1.688451
v -0.021533 0.176317 1.690506
v -0.067177 0.172701 1.691486
v -0.066802 0.175103 1.699285
v -0.024262 0.183766 1.688451
v -0.067177 0.172701 1.691486
v -0.022957 0.187567 1.696806
v -0.021533 0.176317 1.690506
v -0.064072 0.165706 1.701393
v -0.064447 0.163301 1.693595
v -0.020228 0.180118 1.698862
v 0.071838 0.036041 1.781427
v 0.045066 -0.005063 1.786915
v 0.059955 0.002075 1.769723
v 0.045065 0.033988 1.805025
v 0.045053 0.083185 1.805728
v 0.071838 0.036041 1.781427
v 0.076094 0.083791 1.783802
v 0.045065 0.033988 1.805025
v 0.074582 0.121847 1.773718
v 0.045053 0.083185 1.805728
v 0.076094 0.083791 1.783802
v 0.045039 0.125292 1.797864
v 0.069068 0.144594 1.761200
v 0.045039 0.125292 1.797864
v 0.074582 0.121847 1.773718
v 0.045017 0.155892 1.769542
v 0.083949 0.038954 1.755983
v 0.059955 0.002075 1.769723
v 0.075358 -0.011818 1.756691
v 0.071838 0.036041 1.781427
v 0.083949 0.038954 1.755983
v 0.076094 0.083791 1.783802
v 0.071838 0.036041 1.781427
v 0.088969 0.080550 1.753515
v 0.044527 -0.030014 1.759114
v 0.075358 -0.011818 1.756691
v 0.045066 -0.005063 1.786915
v 0.059955 0.002075 1.769723
v 0.088969 0.080550 1.753515
v 0.074582 0.121847 1.773718
v 0.076094 0.083791 1.783802
v 0.085701 0.111847 1.743668
v 0.069068 0.144594 1.761200
v 0.085701 0.111847 1.743668
v 0.079322 0.151004 1.743013
v 0.074582 0.121847 1.773718
v 0.053156 0.171130 1.744492
v 0.069068 0.144594 1.761200
v 0.079322 0.151004 1.743013
v 0.045017 0.155892 1.769542
v 0.000105 0.181300 1.751017
v 0.045017 0.155892 1.769542
v 0.053156 0.171130 1.744492
v 0.000125 0.156708 1.779152
v 0.000166 -0.031814 1.765410
v 0.045066 -0.005063 1.786915
v 0.000175 -0.004359 1.796528
v 0.044527 -0.030014 1.759114
v 0.045065 0.033988 1.805025
v 0.000175 -0.004359 1.796528
v 0.045066 -0.005063 1.786915
v 0.000174 0.034791 1.814636
v 0.000162 0.081811 1.815415
v 0.045065 0.033988 1.805025
v 0.045053 0.083185 1.805728
v 0.000174 0.034791 1.814636
v 0.000147 0.126092 1.807474
v 0.045053 0.083185 1.805728
v 0.045039 0.125292 1.797864
v 0.000162 0.081811 1.815415
v 0.045017 0.155892 1.769542
v 0.000147 0.126092 1.807474
v 0.045039 0.125292 1.797864
v 0.000125 0.156708 1.779152
v 0.086223 0.102319 1.664017
v 0.086502 0.126251 1.692342
v 0.090779 0.104476 1.701235
v 0.080218 0.127156 1.653694
v 0.089482 0.043733 1.675195
v 0.078241 -0.013337 1.711661
v 0.072254 -0.008607 1.672055
v 0.092394 0.061188 1.709751
v 0.076183 -0.013420 1.726151
v 0.044527 -0.030014 1.759114
v 0.042651 -0.035300 1.722116
v 0.075358 -0.011818 1.756691
v 0.083949 0.038954 1.755983
v 0.076183 -0.013420 1.726151
v 0.091032 0.066189 1.723496
v 0.075358 -0.011818 1.756691
v 0.084358 0.132802 1.712080
v 0.085701 0.111847 1.743668
v 0.088671 0.104978 1.716340
v 0.079322 0.151004 1.743013
v 0.092316 0.075797 1.722301
v 0.085701 0.111847 1.743668
v 0.088969 0.080550 1.753515
v 0.088671 0.104978 1.716340
v 0.091032 0.066189 1.723496
v 0.088969 0.080550 1.753515
v 0.083949 0.038954 1.755983
v 0.092316 0.075797 1.722301
v 0.040015 -0.030245 1.668578
v 0.000140 -0.040712 1.706352
v 0.000119 -0.035896 1.666820
v 0.042644 -0.035206 1.708079
v 0.094384 0.076002 1.707921
v 0.091032 0.066189 1.723496
v 0.092394 0.061188 1.709751
v 0.092316 0.075797 1.722301
v 0.000146 -0.040806 1.720389
v 0.044527 -0.030014 1.759114
v 0.000166 -0.031814 1.765410
v 0.042651 -0.035300 1.722116
v 0.092394 0.061188 1.709751
v 0.076183 -0.013420 1.726151
v 0.078241 -0.013337 1.711661
v 0.091032 0.066189 1.723496
v 0.090779 0.104476 1.701235
v 0.084358 0.132802 1.712080
v 0.088671 0.104978 1.716340
v 0.086502 0.126251 1.692342
v 0.072254 -0.008607 1.672055
v 0.042644 -0.035206 1.708079
v 0.040015 -0.030245 1.668578
v 0.078241 -0.013337 1.711661
v 0.094384 0.076002 1.707921
v 0.088671 0.104978 1.716340
v 0.092316 0.075797 1.722301
v 0.090779 0.104476 1.701235
v 0.078241 -0.013337 1.711661
v 0.042651 -0.035300 1.722116
v 0.042644 -0.035206 1.708079
v 0.076183 -0.013420 1.726151
v 0.042644 -0.035206 1.708079
v 0.000146 -0.040806 1.720389
v 0.000140 -0.040712 1.706352
v 0.042651 -0.035300 1.722116
v 0.060249 0.007930 1.637364
v 0.089482 0.043733 1.675195
v 0.072254 -0.008607 1.672055
v 0.071541 0.037674 1.638597
v 0.060249 0.007930 1.637364
v 0.040015 -0.030245 1.668578
v 0.034012 -0.013890 1.634010
v 0.072254 -0.008607 1.672055
v 0.034012 -0.013890 1.634010
v 0.000119 -0.035896 1.666820
v 0.000097 -0.019576 1.632340
v 0.040015 -0.030245 1.668578
v -0.071524 0.036005 1.781498
v -0.044726 -0.005086 1.786959
v -0.044727 0.033965 1.805070
v -0.059635 0.002044 1.769782
v -0.071524 0.036005 1.781498
v -0.044739 0.083163 1.805772
v -0.075802 0.083752 1.783877
v -0.044727 0.033965 1.805070
v -0.074318 0.121810 1.773791
v -0.044739 0.083163 1.805772
v -0.044753 0.125270 1.797909
v -0.075802 0.083752 1.783877
v -0.068828 0.144559 1.761267
v -0.044753 0.125270 1.797909
v -0.044775 0.155870 1.769586
v -0.074318 0.121810 1.773791
v -0.083661 0.038912 1.756066
v -0.075044 -0.011856 1.756766
v -0.059635 0.002044 1.769782
v -0.071524 0.036005 1.781498
v -0.083661 0.038912 1.756066
v -0.075802 0.083752 1.783877
v -0.088705 0.080505 1.753602
v -0.071524 0.036005 1.781498
v -0.075044 -0.011856 1.756766
v -0.044202 -0.030036 1.759157
v -0.044726 -0.005086 1.786959
v -0.059635 0.002044 1.769782
v -0.088705 0.080505 1.753602
v -0.074318 0.121810 1.773791
v -0.085463 0.111804 1.743752
v -0.075802 0.083752 1.783877
v -0.068828 0.144559 1.761267
v -0.085463 0.111804 1.743752
v -0.074318 0.121810 1.773791
v -0.079103 0.150964 1.743091
v -0.052946 0.171104 1.744544
v -0.079103 0.150964 1.743091
v -0.068828 0.144559 1.761267
v -0.044775 0.155870 1.769586
v 0.000105 0.181300 1.751017
v -0.052946 0.171104 1.744544
v -0.044775 0.155870 1.769586
v 0.000125 0.156708 1.779152
v 0.000166 -0.031814 1.765410
v -0.044726 -0.005086 1.786959
v -0.044202 -0.030036 1.759157
v 0.000175 -0.004359 1.796528
v -0.044727 0.033965 1.805070
v 0.000175 -0.004359 1.796528
v 0.000174 0.034791 1.814636
v -0.044726 -0.005086 1.786959
v -0.044727 0.033965 1.805070
v 0.000162 0.081811 1.815415
v -0.044739 0.083163 1.805772
v 0.000174 0.034791 1.814636
v -0.044739 0.083163 1.805772
v 0.000147 0.126092 1.807474
v -0.044753 0.125270 1.797909
v 0.000162 0.081811 1.815415
v -0.044775 0.155870 1.769586
v 0.000147 0.126092 1.807474
v 0.000125 0.156708 1.779152
v -0.044753 0.125270 1.797909
v -0.086059 0.102281 1.664099
v -0.086321 0.126207 1.692427
v -0.080077 0.127120 1.653768
v -0.090578 0.104430 1.701324
v -0.077970 -0.013377 1.711738
v -0.089276 0.043688 1.675284
v -0.072025 -0.008643 1.672126
v -0.092163 0.061142 1.709842
v -0.044202 -0.030036 1.759157
v -0.075898 -0.013458 1.726225
v -0.042359 -0.035321 1.722158
v -0.075044 -0.011856 1.756766
v -0.075898 -0.013458 1.726225
v -0.083661 0.038912 1.756066
v -0.090790 0.066143 1.723586
v -0.075044 -0.011856 1.756766
v -0.084161 0.132760 1.712163
v -0.088456 0.104933 1.716428
v -0.085463 0.111804 1.743752
v -0.079103 0.150964 1.743091
v -0.092080 0.075750 1.722392
v -0.085463 0.111804 1.743752
v -0.088456 0.104933 1.716428
v -0.088705 0.080505 1.753602
v -0.090790 0.066143 1.723586
v -0.088705 0.080505 1.753602
v -0.092080 0.075750 1.722392
v -0.083661 0.038912 1.756066
v 0.000140 -0.040712 1.706352
v -0.042366 -0.035227 1.708121
v -0.039779 -0.030263 1.668620
v 0.000119 -0.035896 1.666820
v -0.094162 0.075954 1.708014
v -0.092163 0.061142 1.709842
v -0.090790 0.066143 1.723586
v -0.092080 0.075750 1.722392
v 0.000146 -0.040806 1.720389
v -0.044202 -0.030036 1.759157
v -0.042359 -0.035321 1.722158
v 0.000166 -0.031814 1.765410
v -0.075898 -0.013458 1.726225
v -0.090790 0.066143 1.723586
v -0.092163 0.061142 1.709842
v -0.077970 -0.013377 1.711738
v -0.090578 0.104430 1.701324
v -0.084161 0.132760 1.712163
v -0.086321 0.126207 1.692427
v -0.088456 0.104933 1.716428
v -0.042366 -0.035227 1.708121
v -0.072025 -0.008643 1.672126
v -0.039779 -0.030263 1.668620
v -0.077970 -0.013377 1.711738
v -0.094162 0.075954 1.708014
v -0.088456 0.104933 1.716428
v -0.090578 0.104430 1.701324
v -0.092080 0.075750 1.722392
v -0.077970 -0.013377 1.711738
v -0.042359 -0.035321 1.722158
v -0.075898 -0.013458 1.726225
v -0.042366 -0.035227 1.708121
v -0.042366 -0.035227 1.708121
v 0.000146 -0.040806 1.720389
v -0.042359 -0.035321 1.722158
v 0.000140 -0.040712 1.706352
v -0.060064 0.007902 1.637424
v -0.089276 0.043688 1.675284
v -0.071369 0.037642 1.638667
v -0.072025 -0.008643 1.672126
v -0.060064 0.007902 1.637424
v -0.033820 -0.013906 1.634044
v -0.039779 -0.030263 1.668620
v -0.072025 -0.008643 1.672126
v -0.033820 -0.013906 1.634044
v 0.000119 -0.035896 1.666820
v -0.039779 -0.030263 1.668620
v 0.000097 -0.019576 1.632340
v 0.050364 0.154713 1.696590
v 0.056321 0.173134 1.692744
v 0.037521 0.178786 1.690693
v 0.031563 0.160365 1.694539
v 0.038334 0.174503 1.671441
v 0.051177 0.150431 1.677339
v 0.032377 0.156082 1.675288
v 0.057135 0.168851 1.673493
v 0.037521 0.178786 1.690693
v 0.057135 0.168851 1.673493
v 0.038334 0.174503 1.671441
v 0.056321 0.173134 1.692744
v 0.057135 0.168851 1.673493
v 0.050364 0.154713 1.696590
v 0.051177 0.150431 1.677339
v 0.056321 0.173134 1.692744
v 0.051177 0.150431 1.677339
v 0.031563 0.160365 1.694539
v 0.032377 0.156082 1.675288
v 0.050364 0.154713 1.696590
v 0.038334 0.174503 1.671441
v 0.032377 0.156082 1.675288
v 0.031563 0.160365 1.694539
v 0.037521 0.178786 1.690693
v -0.050193 0.154688 1.696640
v -0.037368 0.178767 1.690729
v -0.056164 0.173106 1.692800
v -0.031398 0.160349 1.694570
v -0.051024 0.150405 1.677389
v -0.038198 0.174484 1.671479
v -0.032228 0.156066 1.675319
v -0.056994 0.168823 1.673549
v -0.056994 0.168823 1.673549
v -0.037368 0.178767 1.690729
v -0.038198 0.174484 1.671479
v -0.056164 0.173106 1.692800
v -0.050193 0.154688 1.696640
v -0.056994 0.168823 1.673549
v -0.051024 0.150405 1.677389
v -0.056164 0.173106 1.692800
v -0.051024 0.150405 1.677389
v -0.031398 0.160349 1.694570
v -0.050193 0.154688 1.696640
v -0.032228 0.156066 1.675319
v -0.038198 0.174484 1.671479
v -0.031398 0.160349 1.694570
v -0.032228 0.156066 1.675319
v -0.037368 0.178767 1.690729
v -0.034553 0.170480 1.605600
v -0.032257 0.168873 1.603608
v -0.038329 0.166736 1.602317
v -0.032257 0.168873 1.603608
v -0.033525 0.167133 1.606289
v -0.038329 0.166736 1.602317
v -0.033525 0.167133 1.606289
v -0.035821 0.168740 1.608280
v -0.038329 0.166736 1.602317
v -0.035821 0.168740 1.608280
v -0.034553 0.170480 1.605600
v -0.038329 0.166736 1.602317
v -0.030809 0.173928 1.608282
v -0.026810 0.170660 1.604171
v -0.032257 0.168873 1.603608
v -0.034553 0.170480 1.605600
v -0.028893 0.167475 1.609564
v -0.032257 0.168873 1.603608
v -0.026810 0.170660 1.604171
v -0.033525 0.167133 1.606289
v -0.028893 0.167475 1.609564
v -0.032892 0.170742 1.613675
v -0.035821 0.168740 1.608280
v -0.033525 0.167133 1.606289
v -0.030809 0.173928 1.608282
v -0.035821 0.168740 1.608280
v -0.032892 0.170742 1.613675
v -0.034553 0.170480 1.605600
v -0.026875 0.176988 1.610469
v -0.022020 0.172045 1.604191
v -0.026810 0.170660 1.604171
v -0.030809 0.173928 1.608282
v -0.024408 0.167752 1.612146
v -0.026810 0.170660 1.604171
v -0.022020 0.172045 1.604191
v -0.028893 0.167475 1.609564
v -0.024408 0.167752 1.612146
v -0.029264 0.172695 1.618425
v -0.032892 0.170742 1.613675
v -0.028893 0.167475 1.609564
v -0.026875 0.176988 1.610469
v -0.032892 0.170742 1.613675
v -0.029264 0.172695 1.618425
v -0.030809 0.173928 1.608282
v -0.022542 0.179550 1.612231
v -0.017804 0.173049 1.603944
v -0.022020 0.172045 1.604191
v -0.026875 0.176988 1.610469
v -0.020034 0.167972 1.614075
v -0.022020 0.172045 1.604191
v -0.017804 0.173049 1.603944
v -0.024408 0.167752 1.612146
v -0.024772 0.174473 1.622363
v -0.024408 0.167752 1.612146
v -0.020034 0.167972 1.614075
v -0.029264 0.172695 1.618425
v -0.022542 0.179550 1.612231
v -0.029264 0.172695 1.618425
v -0.024772 0.174473 1.622363
v -0.026875 0.176988 1.610469
v -0.017659 0.181467 1.613597
v -0.013903 0.173753 1.603751
v -0.017804 0.173049 1.603944
v -0.022542 0.179550 1.612231
v -0.015674 0.168182 1.615429
v -0.017804 0.173049 1.603944
v -0.013903 0.173753 1.603751
v -0.020034 0.167972 1.614075
v -0.019430 0.175896 1.625275
v -0.020034 0.167972 1.614075
v -0.015674 0.168182 1.615429
v -0.024772 0.174473 1.622363
v -0.017659 0.181467 1.613597
v -0.024772 0.174473 1.622363
v -0.019430 0.175896 1.625275
v -0.022542 0.179550 1.612231
v -0.012171 0.182570 1.614577
v -0.009896 0.174224 1.603897
v -0.013903 0.173753 1.603751
v -0.017659 0.181467 1.613597
v -0.011135 0.168447 1.616306
v -0.013903 0.173753 1.603751
v -0.009896 0.174224 1.603897
v -0.015674 0.168182 1.615429
v -0.013410 0.176792 1.626986
v -0.015674 0.168182 1.615429
v -0.011135 0.168447 1.616306
v -0.019430 0.175896 1.625275
v -0.012171 0.182570 1.614577
v -0.019430 0.175896 1.625275
v -0.013410 0.176792 1.626986
v -0.017659 0.181467 1.613597
v -0.006102 0.182705 1.615202
v -0.005339 0.174460 1.604586
v -0.009896 0.174224 1.603897
v -0.012171 0.182570 1.614577
v -0.005339 0.174460 1.604586
v -0.011135 0.168447 1.616306
v -0.009896 0.174224 1.603897
v -0.006149 0.168820 1.616784
v -0.011135 0.168447 1.616306
v -0.006912 0.177064 1.627400
v -0.013410 0.176792 1.626986
v -0.006149 0.168820 1.616784
v -0.006912 0.177064 1.627400
v -0.006102 0.182705 1.615202
v -0.012171 0.182570 1.614577
v -0.013410 0.176792 1.626986
v 0.000036 0.174390 1.605960
v -0.006102 0.182705 1.615202
v 0.000038 0.181749 1.615531
v -0.005339 0.174460 1.604586
v 0.000036 0.174390 1.605960
v -0.006149 0.168820 1.616784
v -0.005339 0.174460 1.604586
v 0.000042 0.169321 1.616913
v -0.006149 0.168820 1.616784
v 0.000045 0.176681 1.626484
v -0.006912 0.177064 1.627400
v 0.000042 0.169321 1.616913
v 0.000045 0.176681 1.626484
v 0.000038 0.181749 1.615531
v -0.006102 0.182705 1.615202
v -0.006912 0.177064 1.627400
v 0.034626 0.170498 1.605566
v 0.038400 0.166756 1.602279
v 0.032329 0.168889 1.603576
v 0.032329 0.168889 1.603576
v 0.038400 0.166756 1.602279
v 0.033600 0.167150 1.606256
v 0.033600 0.167150 1.606256
v 0.038400 0.166756 1.602279
v 0.035897 0.168758 1.608245
v 0.035897 0.168758 1.608245
v 0.038400 0.166756 1.602279
v 0.034626 0.170498 1.605566
v 0.032329 0.168889 1.603576
v 0.030883 0.173943 1.608251
v 0.034626 0.170498 1.605566
v 0.026881 0.170674 1.604144
v 0.032329 0.168889 1.603576
v 0.028971 0.167490 1.609535
v 0.026881 0.170674 1.604144
v 0.033600 0.167150 1.606256
v 0.028971 0.167490 1.609535
v 0.035897 0.168758 1.608245
v 0.032973 0.170759 1.613643
v 0.033600 0.167150 1.606256
v 0.035897 0.168758 1.608245
v 0.030883 0.173943 1.608251
v 0.032973 0.170759 1.613643
v 0.034626 0.170498 1.605566
v 0.026950 0.177002 1.610443
v 0.026881 0.170674 1.604144
v 0.022090 0.172056 1.604169
v 0.030883 0.173943 1.608251
v 0.026881 0.170674 1.604144
v 0.024489 0.167764 1.612122
v 0.022090 0.172056 1.604169
v 0.028971 0.167490 1.609535
v 0.024489 0.167764 1.612122
v 0.032973 0.170759 1.613643
v 0.029348 0.172709 1.618396
v 0.028971 0.167490 1.609535
v 0.032973 0.170759 1.613643
v 0.026950 0.177002 1.610443
v 0.029348 0.172709 1.618396
v 0.030883 0.173943 1.608251
v 0.022617 0.179561 1.612209
v 0.022090 0.172056 1.604169
v 0.017874 0.173058 1.603926
v 0.026950 0.177002 1.610443
v 0.022090 0.172056 1.604169
v 0.020117 0.167982 1.614055
v 0.017874 0.173058 1.603926
v 0.024489 0.167764 1.612122
v 0.024859 0.174485 1.622338
v 0.024489 0.167764 1.612122
v 0.029348 0.172709 1.618396
v 0.020117 0.167982 1.614055
v 0.029348 0.172709 1.618396
v 0.022617 0.179561 1.612209
v 0.024859 0.174485 1.622338
v 0.026950 0.177002 1.610443
v 0.017734 0.181476 1.613579
v 0.017874 0.173058 1.603926
v 0.013972 0.173760 1.603737
v 0.022617 0.179561 1.612209
v 0.017874 0.173058 1.603926
v 0.015758 0.168190 1.615413
v 0.013972 0.173760 1.603737
v 0.020117 0.167982 1.614055
v 0.020117 0.167982 1.614055
v 0.019520 0.175905 1.625256
v 0.015758 0.168190 1.615413
v 0.024859 0.174485 1.622338
v 0.017734 0.181476 1.613579
v 0.024859 0.174485 1.622338
v 0.022617 0.179561 1.612209
v 0.019520 0.175905 1.625256
v 0.012247 0.182576 1.614565
v 0.013972 0.173760 1.603737
v 0.009966 0.174229 1.603887
v 0.017734 0.181476 1.613579
v 0.013972 0.173760 1.603737
v 0.011220 0.168452 1.616295
v 0.009966 0.174229 1.603887
v 0.015758 0.168190 1.615413
v 0.015758 0.168190 1.615413
v 0.013501 0.176799 1.626972
v 0.011220 0.168452 1.616295
v 0.019520 0.175905 1.625256
v 0.012247 0.182576 1.614565
v 0.019520 0.175905 1.625256
v 0.017734 0.181476 1.613579
v 0.013501 0.176799 1.626972
v 0.006179 0.182708 1.615196
v 0.009966 0.174229 1.603887
v 0.005409 0.174463 1.604581
v 0.012247 0.182576 1.614565
v 0.011220 0.168452 1.616295
v 0.005409 0.174463 1.604581
v 0.009966 0.174229 1.603887
v 0.006233 0.168823 1.616778
v 0.011220 0.168452 1.616295
v 0.007003 0.177068 1.627393
v 0.006233 0.168823 1.616778
v 0.013501 0.176799 1.626972
v 0.007003 0.177068 1.627393
v 0.012247 0.182576 1.614565
v 0.006179 0.182708 1.615196
v 0.013501 0.176799 1.626972
v 0.000036 0.174390 1.605960
v 0.006179 0.182708 1.615196
v 0.005409 0.174463 1.604581
v 0.000038 0.181749 1.615531
v 0.006233 0.168823 1.616778
v 0.000042 0.169321 1.616913
v 0.000036 0.174390 1.605960
v 0.005409 0.174463 1.604581
v 0.006233 0.168823 1.616778
v 0.000045 0.176681 1.626484
v 0.000042 0.169321 1.616913
v 0.007003 0.177068 1.627393
v 0.000045 0.176681 1.626484
v 0.006179 0.182708 1.615196
v 0.000038 0.181749 1.615531
v 0.007003 0.177068 1.627393
vt 0.000000 0.000000
vt 0.000000 0.000000
vt 0.000000 0.000000
vt 0.000000 0.000000
vt 0.000000 0.000000
vt 0.000000 0.000000
vt 0.000000 0.000000
vt 0.000000 0.000000
vt 0.000000 0.000000
vt 0.000000 0.000000
vt 0.000000 0.000000
vt 0.000000 0.000000
vt 0.000000 0.000000
vt 0.000000 0.000000
vt 0.000000 0.000000
vt 0.000000 0.000000
vt 0.000000 0.000000
vt 0.000000 0.000000
vt 0.000000 0.000000
vt 0.000000 0.000000
vt 0.000000 0.000000
vt 0.000000 0.000000
vt 0.000000 0.000000
vt 0.000000 0.000000
vt 0.000000 0.000000
vt 0.000000 0.000000
vt 0.000000 0.000000
vt 0.000000 0.000000
vt 0.000000 0.000000
vt 0.000000 0.000000
vt 0.000000 0.000000
vt 0.000000 0.000000
vt 0.000000 0.000000
vt 0.000000 0.000000
vt 0.000000 0.000000
vt 0.000000 0.000000
vt 0.000000 0.000000
vt 0.000000 0.000000
vt 0.000000 0.000000
vt 0.000000 0.000000
vt 0.000000 0.000000
vt 0.000000 0.000000
vt 0.000000 0.000000
vt 0.000000 0.000000
vt 0.000000 0.000000
vt 0.000000 0.000000
vt 0.000000 0.000000
vt 0.000000 0.000000
vt 0.000000 0.000000
vt 0.000000 0.000000
vt 0.000000 0.000000
vt 0.000000 0.000000
vt 0.000000 0.000000
vt 0.000000 0.000000
vt 0.000000 0.000000
vt 0.000000 0.000000
vt 0.000000 0.000000
vt 0.000000 0.000000
vt 0.000000 0.000000
vt 0.000000 0.000000
vt 0.000000 0.000000
vt 0.000000 0.000000
vt 0.000000 0.000000
vt 0.000000 0.000000
vt 0.000000 0.000000
vt 0.000000 0.000000
vt 0.000000 0.000000
vt 0.000000 0.000000
vt 0.000000 0.000000
vt 0.000000 0.000000
vt 0.000000 0.000000
vt 0.000000 0.000000
vt 0.000000 0.000000
vt 0.000000 0.000000
vt 0.000000 0.000000
vt 0.000000 0.000000
vt 0.000000 0.000000
vt 0.000000 0.000000
vt 0.000000 0.000000
vt 0.000000 0.000000
vt 0.000000 0.000000
vt 0.000000 0.000000
vt 0.000000 0.000000
vt 0.000000 0.000000
vt 0.000000 0.000000
vt 0.000000 0.000000
vt 0.000000 0.000000
vt 0.000000 0.000000
vt 0.000000 0.000000
vt 0.000000 0.000000
vt 0.000000 0.000000
vt 0.000000 0.000000
vt 0.000000 0.000000
vt 0.000000 0.000000
vt 0.000000 0.000000
vt 0.000000 0.000000
vt 0.000000 0.000000
vt 0.000000 0.000000
vt 0.000000 0.000000
vt 0.000000 0.000000
vt 0.000000 0.000000
vt 0.000000 0.000000
vt 0.000000 0.000000
vt 0.000000 0.000000
vt 0.000000 0.000000
vt 0.000000 0.000000
vt 0.000000 0.000000
vt 0.000000 0.000000
vt 0.000000 0.000000
vt 0.000000 0.000000
vt 0.000000 0.000000
vt 0.000000 0.000000
vt 0.000000 0.000000
vt 0.000000 0.000000
vt 0.000000 0.000000
vt 0.000000 0.000000
vt 0.000000 0.000000
vt 0.000000 0.000000
vt 0.000000 0.000000
vt 0.000000 0.000000
vt 0.000000 0.000000
vt 0.000000 0.000000
vt 0.000000 0.000000
vt 0.000000 0.000000
vt 0.000000 0.000000
vt 0.000000 0.000000
vt 0.000000 0.000000
vt 0.000000 0.000000
vt 0.000000 0.000000
vt 0.000000 0.000000
vt 0.000000 0.000000
vt 0.000000 0.000000
vt 0.000000 0.000000
vt 0.000000 0.000000
vt 0.000000 0.000000
vt 0.000000 0.000000
vt 0.000000 0.000000
vt 0.000000 0.000000
vt 0.000000 0.000000
vt 0.000000 0.000000
vt 0.000000 0.000000
vt 0.000000 0.000000
vt 0.000000 0.000000
vt 0.000000 0.000000
vt 0.000000 0.000000
vt 0.000000 0.000000
vt 0.000000 0.000000
vt 0.000000 0.000000
vt 0.000000 0.000000
vt 0.000000 0.000000
vt 0.000000 0.000000
vt 0.000000 0.000000
vt 0.000000 0.000000
vt 0.000000 0.000000
vt 0.000000 0.000000
vt 0.000000 0.000000
vt 0.000000 0.000000
vt 0.000000 0.000000
vt 0.000000 0.000000
vt 0.000000 0.000000
vt 0.000000 0.000000
vt 0.000000 0.000000
vt 0.000000 0.000000
vt 0.000000 0.000000
vt 0.000000 0.000000
vt 0.000000 0.000000
vt 0.000000 0.000000
vt 0.000000 0.000000
vt 0.000000 0.000000
vt 0.000000 0.000000
vt 0.000000 0.000000
vt 0.000000 0.000000
vt 0.000000 0.000000
vt 0.000000 0.000000
vt 0.000000 0.000000
vt 0.000000 0.000000
vt 0.000000 0.000000
vt 0.000000 0.000000
vt 0.000000 0.000000
vt 0.000000 0.000000
vt 0.000000 0.000000
vt 0.000000 0.000000
vt 0.000000 0.000000
vt 0.000000 0.000000
vt 0.000000 0.000000
vt 0.000000 0.000000
vt 0.000000 0.000000
vt 0.000000 0.000000
vt 0.000000 0.000000
vt 0.000000 0.000000
vt 0.000000 0.000000
vt 0.000000 0.000000
vt 0.000000 0.000000
vt 0.000000 0.000000
vt 0.000000 0.000000
vt 0.000000 0.000000
vt 0.000000 0.000000
vt 0.000000 0.000000
vt 0.000000 0.000000
vt 0.000000 0.000000
vt 0.000000 0.000000
vt 0.000000 0.000000
vt 0.000000 0.000000
vt 0.000000 0.000000
vt 0.000000 0.000000
vt 0.000000 0.000000
vt 0.000000 0.000000
vt 0.000000 0.000000
vt 0.000000 0.000000
vt 0.000000 0.000000
vt 0.000000 0.000000
vt 0.000000 0.000000
vt 0.000000 0.000000
vt 0.000000 0.000000
vt 0.000000 0.000000
vt 0.000000 0.000000
vt 0.000000 0.000000
vt 0.000000 0.000000
vt 0.000000 0.000000
vt 0.000000 0.000000
vt 0.000000 0.000000
vt 0.000000 0.000000
vt 0.000000 0.000000
vt 0.000000 0.000000
vt 0.000000 0.000000
vt 0.000000 0.000000
vt 0.000000 0.000000
vt 0.000000 0.000000
vt 0.000000 0.000000
vt 0.000000 0.000000
vt 0.000000 0.000000
vt 0.000000 0.000000
vt 0.000000 0.000000
vt 0.000000 0.000000
vt 0.000000 0.000000
vt 0.000000 0.000000
vt 0.000000 0.000000
vt 0.000000 0.000000
vt 0.000000 0.000000
vt 0.000000 0.000000
vt 0.000000 0.000000
vt 0.000000 0.000000
vt 0.000000 0.000000
vt 0.000000 0.000000
vt 0.000000 0.000000
vt 0.000000 0.000000
vt 0.000000 0.000000
vt 0.000000 0.000000
vt 0.000000 0.000000
vt 0.000000 0.000000
vt 0.000000 0.000000
vt 0.000000 0.000000
vt 0.000000 0.000000
vt 0.000000 0.000000
vt 0.000000 0.000000
vt 0.000000 0.000000
vt 0.000000 0.000000
vt 0.000000 0.000000
vt 0.000000 0.000000
vt 0.000000 0.000000
vt 0.000000 0.000000
vt 0.000000 0.000000
vt 0.000000 0.000000
vt 0.000000 0.000000
vt 0.000000 0.000000
vt 0.000000 0.000000
vt 0.000000 0.000000
vt 0.000000 0.000000
vt 0.000000 0.000000
vt 0.000000 0.000000
vt 0.000000 0.000000
vt 0.000000 0.000000
vt 0.000000 0.000000
vt 0.000000 0.000000
vt 0.000000 0.000000
vt 0.000000 0.000000
vt 0.000000 0.000000
vt 0.000000 0.000000
vt 0.000000 0.000000
vt 0.000000 0.000000
vt 0.000000 0.000000
vt 0.000000 0.000000
vt 0.000000 0.000000
vt 0.000000 0.000000
vt 0.000000 0.000000
vt 0.000000 0.000000
vt 0.000000 0.000000
vt 0.000000 0.000000
vt 0.000000 0.000000
vt 0.000000 0.000000
vt 0.000000 0.000000
vt 0.000000 0.000000
vt 0.000000 0.000000
vt 0.000000 0.000000
vt 0.000000 0.000000
vt 0.000000 0.000000
vt 0.000000 0.000000
vt 0.000000 0.000000
vt 0.000000 0.000000
vt 0.000000 0.000000
vt 0.000000 0.000000
vt 0.000000 0.000000
vt 0.000000 0.000000
vt 0.000000 0.000000
vt 0.000000 0.000000
vt 0.000000 0.000000
vt 0.000000 0.000000
vt 0.000000 0.000000
vt 0.000000 0.000000
vt 0.000000 0.000000
vt 0.000000 0.000000
vt 0.000000 0.000000
vt 0.000000 0.000000
vt 0.000000 0.000000
vt 0.000000 0.000000
vt 0.000000 0.000000
vt 0.000000 0.000000
vt 0.000000 0.000000
vt 0.000000 0.000000
vt 0.000000 0.000000
vt 0.000000 0.000000
vt 0.000000 0.000000
vt 0.000000 0.000000
vt 0.000000 0.000000
vt 0.000000 0.000000
vt 0.000000 0.000000
vt 0.000000 0.000000
vt 0.000000 0.000000
vt 0.000000 0.000000
vt 0.000000 0.000000
vt 0.000000 0.000000
vt 0.000000 0.000000
vt 0.000000 0.000000
vt 0.000000 0.000000
vt 0.000000 0.000000
vt 0.000000 0.000000
vt 0.000000 0.000000
vt 0.000000 0.000000
vt 0.000000 0.000000
vt 0.000000 0.000000
vt 0.000000 0.000000
vt 0.000000 0.000000
vt 0.000000 0.000000
vt 0.000000 0.000000
vt 0.000000 0.000000
vt 0.000000 0.000000
vt 0.000000 0.000000
vt 0.000000 0.000000
vt 0.000000 0.000000
vt 0.000000 0.000000
vt 0.000000 0.000000
vt 0.000000 0.000000
vt 0.000000 0.000000
vt 0.000000 0.000000
vt 0.000000 0.000000
vt 0.000000 0.000000
vt 0.000000 0.000000
vt 0.000000 0.000000
vt 0.000000 0.000000
vt 0.000000 0.000000
vt 0.000000 0.000000
vt 0.000000 0.000000
vt 0.000000 0.000000
vt 0.000000 0.000000
vt 0.000000 0.000000
vt 0.000000 0.000000
vt 0.000000 0.000000
vt 0.000000 0.000000
vt 0.000000 0.000000
vt 0.000000 0.000000
vt 0.000000 0.000000
vt 0.000000 0.000000
vt 0.000000 0.000000
vt 0.000000 0.000000
vt 0.000000 0.000000
vt 0.000000 0.000000
vt 0.000000 0.000000
vt 0.000000 0.000000
vt 0.000000 0.000000
vt 0.000000 0.000000
vt 0.000000 0.000000
vt 0.000000 0.000000
vt 0.000000 0.000000
vt 0.000000 0.000000
vt 0.000000 0.000000
vt 0.000000 0.000000
vt 0.000000 0.000000
vt 0.000000 0.000000
vt 0.000000 0.000000
vt 0.000000 0.000000
vt 0.000000 0.000000
vt 0.000000 0.000000
vt 0.000000 0.000000
vt 0.000000 0.000000
vt 0.000000 0.000000
vt 0.000000 0.000000
vt 0.000000 0.000000
vt 0.000000 0.000000
vt 0.000000 0.000000
vt 0.000000 0.000000
vt 0.000000 0.000000
vt 0.000000 0.000000
vt 0.000000 0.000000
vt 0.000000 0.000000
vt 0.000000 0.000000
vt 0.000000 0.000000
vt 0.000000 0.000000
vt 0.000000 0.000000
vt 0.000000 0.000000
vt 0.000000 0.000000
vt 0.000000 0.000000
vt 0.000000 0.000000
vt 0.000000 0.000000
vt 0.000000 0.000000
vt 0.000000 0.000000
vt 0.000000 0.000000
vt 0.000000 0.000000
vt 0.000000 0.000000
vt 0.000000 0.000000
vt 0.000000 0.000000
vt 0.000000 0.000000
vt 0.000000 0.000000
vt 0.000000 0.000000
vt 0.000000 0.000000
vt 0.000000 0.000000
vt 0.000000 0.000000
vt 0.000000 0.000000
vt 0.000000 0.000000
vt 0.000000 0.000000
vt 0.000000 0.000000
vt 0.000000 0.000000
vt 0.000000 0.000000
vt 0.000000 0.000000
vt 0.000000 0.000000
vt 0.000000 0.000000
vt 0.000000 0.000000
vt 0.000000 0.000000
vt 0.000000 0.000000
vt 0.000000 0.000000
vt 0.000000 0.000000
vt 0.000000 0.000000
vt 0.000000 0.000000
vt 0.000000 0.000000
vt 0.000000 0.000000
vt 0.000000 0.000000
vt 0.000000 0.000000
vt 0.000000 0.000000
vt 0.000000 0.000000
vt 0.000000 0.000000
vt 0.000000 0.000000
vt 0.000000 0.000000
vt 0.000000 0.000000
vt 0.000000 0.000000
vt 0.000000 0.000000
vt 0.000000 0.000000
vt 0.000000 0.000000
vt 0.000000 0.000000
vt 0.000000 0.000000
vt 0.000000 0.000000
vt 0.000000 0.000000
vt 0.000000 0.000000
vt 0.000000 0.000000
vt 0.000000 0.000000
vt 0.000000 0.000000
vt 0.000000 0.000000
vt 0.000000 0.000000
vt 0.000000 0.000000
vt 0.000000 0.000000
vt 0.000000 0.000000
vt 0.000000 0.000000
vt 0.000000 0.000000
vt 0.000000 0.000000
vt 0.000000 0.000000
vt 0.000000 0.000000
vt 0.000000 0.000000
vt 0.000000 0.000000
vt 0.000000 0.000000
vt 0.000000 0.000000
vt 0.000000 0.000000
vt 0.000000 0.000000
vt 0.000000 0.000000
vt 0.000000 0.000000
vt 0.000000 0.000000
vt 0.000000 0.000000
vt 0.000000 0.000000
vt 0.000000 0.000000
vt 0.000000 0.000000
vt 0.000000 0.000000
vt 0.000000 0.000000
vt 0.000000 0.000000
vt 0.000000 0.000000
vt 0.000000 0.000000
vt 0.000000 0.000000
vt 0.000000 0.000000
vt 0.000000 0.000000
vt 0.000000 0.000000
vt 0.000000 0.000000
vt 0.000000 0.000000
vt 0.000000 0.000000
vt 0.000000 0.000000
vt 0.000000 0.000000
vt 0.000000 0.000000
vt 0.000000 0.000000
vt 0.000000 0.000000
vt 0.000000 0.000000
vt 0.000000 0.000000
vt 0.000000 0.000000
vt 0.000000 0.000000
vt 0.000000 0.000000
vt 0.000000 0.000000
vt 0.000000 0.000000
vt 0.000000 0.000000
vt 0.000000 0.000000
vt 0.000000 0.000000
vt 0.000000 0.000000
vt 0.000000 0.000000
vt 0.000000 0.000000
vt 0.000000 0.000000
vt 0.000000 0.000000
vt 0.000000 0.000000
vt 0.000000 0.000000
vt 0.000000 0.000000
vt 0.000000 0.000000
vt 0.000000 0.000000
vt 0.000000 0.000000
vt 0.000000 0.000000
vt 0.000000 0.000000
vt 0.000000 0.000000
vt 0.000000 0.000000
vt 0.000000 0.000000
vt 0.000000 0.000000
vt 0.000000 0.000000
vt 0.000000 0.000000
vt 0.000000 0.000000
vt 0.000000 0.000000
vt 0.000000 0.000000
vt 0.000000 0.000000
vt 0.000000 0.000000
vt 0.000000 0.000000
vt 0.000000 0.000000
vt 0.000000 0.000000
vt 0.000000 0.000000
vt 0.000000 0.000000
vt 0.000000 0.000000
vt 0.000000 0.000000
vt 0.000000 0.000000
vt 0.000000 0.000000
vt 0.000000 0.000000
vt 0.000000 0.000000
vt 0.000000 0.000000
vt 0.000000 0.000000
vt 0.000000 0.000000
vt 0.000000 0.000000
vt 0.000000 0.000000
vt 0.000000 0.000000
vt 0.000000 0.000000
vt 0.000000 0.000000
vt 0.000000 0.000000
vt 0.000000 0.000000
vt 0.000000 0.000000
vt 0.000000 0.000000
vt 0.000000 0.000000
vt 0.000000 0.000000
vt 0.000000 0.000000
vt 0.000000 0.000000
vt 0.000000 0.000000
vt 0.000000 0.000000
vt 0.000000 0.000000
vt 0.000000 0.000000
vt 0.000000 0.000000
vt 0.000000 0.000000
vt 0.000000 0.000000
vt 0.000000 0.000000
vt 0.000000 0.000000
vt 0.000000 0.000000
vt 0.000000 0.000000
vt 0.000000 0.000000
vt 0.000000 0.000000
vt 0.000000 0.000000
vt 0.000000 0.000000
vt 0.000000 0.000000
vt 0.000000 0.000000
vt 0.000000 0.000000
vt 0.000000 0.000000
vt 0.000000 0.000000
vt 0.000000 0.000000
vt 0.000000 0.000000
vt 0.000000 0.000000
vt 0.000000 0.000000
vt 0.000000 0.000000
vt 0.000000 0.000000
vt 0.000000 0.000000
vt 0.000000 0.000000
vt 0.000000 0.000000
vt 0.000000 0.000000
vt 0.000000 0.000000
vt 0.000000 0.000000
vt 0.000000 0.000000
vt 0.000000 0.000000
vt 0.000000 0.000000
vt 0.000000 0.000000
vt 0.000000 0.000000
vt 0.000000 0.000000
vt 0.000000 0.000000
vt 0.000000 0.000000
vt 0.000000 0.000000
vt 0.000000 0.000000
vt 0.000000 0.000000
vt 0.000000 0.000000
vt 0.000000 0.000000
vt 0.000000 0.000000
vt 0.000000 0.000000
vt 0.000000 0.000000
vt 0.000000 0.000000
vt 0.000000 0.000000
vt 0.000000 0.000000
vt 0.000000 0.000000
vt 0.000000 0.000000
vt 0.000000 0.000000
vt 0.000000 0.000000
vt 0.000000 0.000000
vt 0.000000 0.000000
vt 0.000000 0.000000
vt 0.000000 0.000000
vt 0.000000 0.000000
vt 0.000000 0.000000
vt 0.000000 0.000000
vt 0.000000 0.000000
vt 0.000000 0.000000
vt 0.000000 0.000000
vt 0.000000 0.000000
vt 0.000000 0.000000
vt 0.000000 0.000000
vt 0.000000 0.000000
vt 0.000000 0.000000
vt 0.000000 0.000000
vt 0.000000 0.000000
vt 0.000000 0.000000
vt 0.000000 0.000000
vt 0.000000 0.000000
vt 0.000000 0.000000
vt 0.000000 0.000000
vt 0.000000 0.000000
vt 0.000000 0.000000
vt 0.000000 0.000000
vt 0.000000 0.000000
vt 0.000000 0.000000
vt 0.000000 0.000000
vt 0.000000 0.000000
vt 0.000000 0.000000
vt 0.000000 0.000000
vt 0.000000 0.000000
vt 0.000000 0.000000
vt 0.000000 0.000000
vt 0.000000 0.000000
vt 0.000000 0.000000
vt 0.000000 0.000000
vt 0.000000 0.000000
vt 0.000000 0.000000
vt 0.000000 0.000000
vt 0.000000 0.000000
vt 0.000000 0.000000
vt 0.000000 0.000000
vt 0.000000 0.000000
vt 0.000000 0.000000
vt 0.000000 0.000000
vt 0.000000 0.000000
vt 0.000000 0.000000
vt 0.000000 0.000000
vt 0.000000 0.000000
vt 0.000000 0.000000
vt 0.000000 0.000000
vt 0.000000 0.000000
vt 0.000000 0.000000
vt 0.000000 0.000000
vt 0.000000 0.000000
vt 0.000000 0.000000
vt 0.000000 0.000000
vt 0.000000 0.000000
vt 0.000000 0.000000
vt 0.000000 0.000000
vt 0.000000 0.000000
vt 0.000000 0.000000
vt 0.000000 0.000000
vt 0.000000 0.000000
vt 0.000000 0.000000
vt 0.000000 0.000000
vt 0.000000 0.000000
vt 0.000000 0.000000
vt 0.000000 0.000000
vt 0.000000 0.000000
vt 0.000000 0.000000
vt 0.000000 0.000000
vt 0.000000 0.000000
vt 0.000000 0.000000
vt 0.000000 0.000000
vt 0.000000 0.000000
vt 0.000000 0.000000
vt 0.000000 0.000000
vt 0.000000 0.000000
vt 0.000000 0.000000
vt 0.000000 0.000000
vt 0.000000 0.000000
vt 0.000000 0.000000
vt 0.000000 0.000000
vt 0.000000 0.000000
vt 0.000000 0.000000
vt 0.000000 0.000000
vt 0.000000 0.000000
vt 0.000000 0.000000
vt 0.000000 0.000000
vt 0.000000 0.000000
vt 0.000000 0.000000
vt 0.000000 0.000000
vt 0.000000 0.000000
vt 0.000000 0.000000
vt 0.000000 0.000000
vt 0.000000 0.000000
vt 0.000000 0.000000
vt 0.000000 0.000000
vt 0.000000 0.000000
vt 0.000000 0.000000
vt 0.000000 0.000000
vt 0.000000 0.000000
vt 0.000000 0.000000
vt 0.000000 0.000000
vt 0.000000 0.000000
vt 0.000000 0.000000
vt 0.000000 0.000000
vt 0.000000 0.000000
vt 0.000000 0.000000
vt 0.000000 0.000000
vt 0.000000 0.000000
vt 0.000000 0.000000
vt 0.000000 0.000000
vt 0.000000 0.000000
vt 0.000000 0.000000
vt 0.000000 0.000000
vt 0.000000 0.000000
vt 0.000000 0.000000
vt 0.000000 0.000000
vt 0.000000 0.000000
vt 0.000000 0.000000
vt 0.000000 0.000000
vt 0.000000 0.000000
vt 0.000000 0.000000
vt 0.000000 0.000000
vt 0.000000 0.000000
vt 0.000000 0.000000
vt 0.000000 0.000000
vt 0.000000 0.000000
vt 0.000000 0.000000
vt 0.000000 0.000000
vt 0.000000 0.000000
vt 0.000000 0.000000
vt 0.000000 0.000000
vt 0.000000 0.000000
vt 0.000000 0.000000
vt 0.000000 0.000000
vt 0.000000 0.000000
vt 0.000000 0.000000
vt 0.000000 0.000000
vt 0.000000 0.000000
vt 0.000000 0.000000
vt 0.000000 0.000000
vt 0.000000 0.000000
vt 0.000000 0.000000
vt 0.000000 0.000000
vt 0.000000 0.000000
vt 0.000000 0.000000
vt 0.000000 0.000000
vt 0.000000 0.000000
vt 0.000000 0.000000
vt 0.000000 0.000000
vt 0.000000 0.000000
vt 0.000000 0.000000
vt 0.000000 0.000000
vt 0.000000 0.000000
vt 0.000000 0.000000
vt 0.000000 0.000000
vt 0.000000 0.000000
vt 0.000000 0.000000
vt 0.000000 0.000000
vt 0.000000 0.000000
vt 0.000000 0.000000
vt 0.000000 0.000000
vt 0.000000 0.000000
vt 0.000000 0.000000
vt 0.000000 0.000000
vt 0.000000 0.000000
vt 0.000000 0.000000
vt 0.000000 0.000000
vt 0.000000 0.000000
vt 0.000000 0.000000
vt 0.000000 0.000000
vt 0.000000 0.000000
vt 0.000000 0.000000
vt 0.000000 0.000000
vt 0.000000 0.000000
vt 0.000000 0.000000
vt 0.000000 0.000000
vt 0.000000 0.000000
vt 0.000000 0.000000
vt 0.000000 0.000000
vt 0.000000 0.000000
vt 0.000000 0.000000
vt 0.000000 0.000000
vt 0.000000 0.000000
vt 0.000000 0.000000
vt 0.000000 0.000000
vt 0.000000 0.000000
vt 0.000000 0.000000
vt 0.000000 0.000000
vt 0.000000 0.000000
vt 0.000000 0.000000
vt 0.000000 0.000000
vt 0.000000 0.000000
vt 0.000000 0.000000
vt 0.000000 0.000000
vt 0.000000 0.000000
vt 0.000000 0.000000
vt 0.000000 0.000000
vt 0.000000 0.000000
vt 0.000000 0.000000
vt 0.000000 0.000000
vt 0.000000 0.000000
vt 0.000000 0.000000
vt 0.000000 0.000000
vt 0.000000 0.000000
vt 0.000000 0.000000
vt 0.000000 0.000000
vt 0.000000 0.000000
vt 0.000000 0.000000
vt 0.000000 0.000000
vt 0.000000 0.000000
vt 0.000000 0.000000
vt 0.000000 0.000000
vt 0.000000 0.000000
vt 0.000000 0.000000
vt 0.000000 0.000000
vt 0.000000 0.000000
vt 0.000000 0.000000
vt 0.000000 0.000000
vt 0.000000 0.000000
vt 0.000000 0.000000
vt 0.000000 0.000000
vt 0.000000 0.000000
vt 0.000000 0.000000
vt 0.000000 0.000000
vt 0.000000 0.000000
vt 0.000000 0.000000
vt 0.000000 0.000000
vt 0.000000 0.000000
vt 0.000000 0.000000
vt 0.000000 0.000000
vt 0.000000 0.000000
vt 0.000000 0.000000
vt 0.000000 0.000000
vt 0.000000 0.000000
vt 0.000000 0.000000
vt 0.000000 0.000000
vt 0.000000 0.000000
vt 0.000000 0.000000
vt 0.000000 0.000000
vt 0.000000 0.000000
vt 0.000000 0.000000
vt 0.000000 0.000000
vt 0.000000 0.000000
vt 0.000000 0.000000
vt 0.000000 0.000000
vt 0.000000 0.000000
vt 0.000000 0.000000
vt 0.000000 0.000000
vt 0.000000 0.000000
vt 0.000000 0.000000
vt 0.000000 0.000000
vt 0.000000 0.000000
vt 0.000000 0.000000
vt 0.000000 0.000000
vt 0.000000 0.000000
vt 0.000000 0.000000
vt 0.000000 0.000000
vt 0.000000 0.000000
vt 0.000000 0.000000
vt 0.000000 0.000000
vt 0.000000 0.000000
vt 0.000000 0.000000
vt 0.000000 0.000000
vt 0.000000 0.000000
vt 0.000000 0.000000
vt 0.000000 0.000000
vt 0.000000 0.000000
vt 0.000000 0.000000
vt 0.000000 0.000000
vt 0.000000 0.000000
vt 0.000000 0.000000
vt 0.000000 0.000000
vt 0.000000 0.000000
vt 0.000000 0.000000
vt 0.000000 0.000000
vt 0.000000 0.000000
vt 0.000000 0.000000
vt 0.000000 0.000000
vt 0.000000 0.000000
vt 0.000000 0.000000
vt 0.000000 0.000000
vt 0.000000 0.000000
vt 0.000000 0.000000
vt 0.000000 0.000000
vt 0.000000 0.000000
vt 0.000000 0.000000
vt 0.000000 0.000000
vt 0.000000 0.000000
vt 0.000000 0.000000
vt 0.000000 0.000000
vt 0.000000 0.000000
vt 0.000000 0.000000
vt 0.000000 0.000000
vt 0.000000 0.000000
vt 0.000000 0.000000
vt 0.000000 0.000000
vt 0.000000 0.000000
vt 0.000000 0.000000
vt 0.000000 0.000000
vt 0.000000 0.000000
vt 0.000000 0.000000
vt 0.000000 0.000000
vt 0.000000 0.000000
vt 0.000000 0.000000
vt 0.000000 0.000000
vt 0.000000 0.000000
vt 0.000000 0.000000
vt 0.000000 0.000000
vt 0.000000 0.000000
vt 0.000000 0.000000
vt 0.000000 0.000000
vt 0.000000 0.000000
vt 0.000000 0.000000
vt 0.000000 0.000000
vt 0.000000 0.000000
vt 0.000000 0.000000
vt 0.000000 0.000000
vt 0.000000 0.000000
vt 0.000000 0.000000
vt 0.000000 0.000000
vt 0.000000 0.000000
vt 0.000000 0.000000
vt 0.000000 0.000000
vt 0.000000 0.000000
vt 0.000000 0.000000
vt 0.000000 0.000000
vt 0.000000 0.000000
vt 0.000000 0.000000
vt 0.000000 0.000000
vt 0.000000 0.000000
vt 0.000000 0.000000
vt 0.000000 0.000000
vt 0.000000 0.000000
vt 0.000000 0.000000
vt 0.000000 0.000000
vt 0.000000 0.000000
vt 0.000000 0.000000
vt 0.000000 0.000000
vt 0.000000 0.000000
vt 0.000000 0.000000
vt 0.000000 0.000000
vt 0.000000 0.000000
vt 0.000000 0.000000
vt 0.000000 0.000000
vt 0.000000 0.000000
vt 0.000000 0.000000
vt 0.000000 0.000000
vt 0.000000 0.000000
vt 0.000000 0.000000
vt 0.000000 0.000000
vt 0.000000 0.000000
vt 0.000000 0.000000
vt 0.000000 0.000000
vt 0.000000 0.000000
vt 0.000000 0.000000
vt 0.000000 0.000000
vt 0.000000 0.000000
vt 0.000000 0.000000
vt 0.000000 0.000000
vt 0.000000 0.000000
vt 0.000000 0.000000
vt 0.000000 0.000000
vt 0.000000 0.000000
vt 0.000000 0.000000
vt 0.000000 0.000000
vt 0.000000 0.000000
vt 0.000000 0.000000
vt 0.000000 0.000000
vt 0.000000 0.000000
vt 0.000000 0.000000
vt 0.000000 0.000000
vt 0.000000 0.000000
vt 0.000000 0.000000
vt 0.000000 0.000000
vt 0.000000 0.000000
vt 0.000000 0.000000
vt 0.000000 0.000000
vt 0.000000 0.000000
vt 0.000000 0.000000
vt 0.000000 0.000000
vt 0.000000 0.000000
vt 0.000000 0.000000
vt 0.000000 0.000000
vt 0.000000 0.000000
vt 0.000000 0.000000
vt 0.000000 0.000000
vt 0.000000 0.000000
vt 0.000000 0.000000
vt 0.000000 0.000000
vt 0.000000 0.000000
vt 0.000000 0.000000
vt 0.000000 0.000000
vt 0.000000 0.000000
vt 0.000000 0.000000
vt 0.000000 0.000000
vt 0.000000 0.000000
vt 0.000000 0.000000
vt 0.000000 0.000000
vt 0.000000 0.000000
vt 0.000000 0.000000
vt 0.000000 0.000000
vt 0.000000 0.000000
vt 0.000000 0.000000
vt 0.000000 0.000000
vt 0.000000 0.000000
vt 0.000000 0.000000
vt 0.000000 0.000000
vt 0.000000 0.000000
vt 0.000000 0.000000
vt 0.000000 0.000000
vt 0.000000 0.000000
vt 0.000000 0.000000
vt 0.000000 0.000000
vt 0.000000 0.000000
vt 0.000000 0.000000
vt 0.000000 0.000000
vt 0.000000 0.000000
vt 0.000000 0.000000
vt 0.000000 0.000000
vt 0.000000 0.000000
vt 0.000000 0.000000
vt 0.000000 0.000000
vt 0.000000 0.000000
vt 0.000000 0.000000
vt 0.000000 0.000000
vt 0.000000 0.000000
vt 0.000000 0.000000
vt 0.000000 0.000000
vt 0.000000 0.000000
vt 0.000000 0.000000
vt 0.000000 0.000000
vt 0.000000 0.000000
vt 0.000000 0.000000
vt 0.000000 0.000000
vt 0.000000 0.000000
vt 0.000000 0.000000
vt 0.000000 0.000000
vt 0.000000 0.000000
vt 0.000000 0.000000
vt 0.000000 0.000000
vt 0.000000 0.000000
vt 0.000000 0.000000
vt 0.000000 0.000000
vt 0.000000 0.000000
vt 0.000000 0.000000
vt 0.000000 0.000000
vt 0.000000 0.000000
vt 0.000000 0.000000
vt 0.000000 0.000000
vt 0.000000 0.000000
vt 0.000000 0.000000
vt 0.000000 0.000000
vt 0.000000 0.000000
vt 0.000000 0.000000
vt 0.000000 0.000000
vt 0.000000 0.000000
vt 0.000000 0.000000
vt 0.000000 0.000000
vt 0.000000 0.000000
vt 0.000000 0.000000
vt 0.000000 0.000000
vt 0.000000 0.000000
vt 0.000000 0.000000
vt 0.000000 0.000000
vt 0.000000 0.000000
vt 0.000000 0.000000
vt 0.000000 0.000000
vt 0.000000 0.000000
vt 0.000000 0.000000
vt 0.000000 0.000000
vt 0.000000 0.000000
vt 0.000000 0.000000
vt 0.000000 0.000000
vt 0.000000 0.000000
vt 0.000000 0.000000
vt 0.000000 0.000000
vt 0.000000 0.000000
vt 0.000000 0.000000
vt 0.000000 0.000000
vt 0.000000 0.000000
vt 0.000000 0.000000
vt 0.000000 0.000000
vt 0.000000 0.000000
vt 0.000000 0.000000
vt 0.000000 0.000000
vt 0.000000 0.000000
vt 0.000000 0.000000
vt 0.000000 0.000000
vt 0.000000 0.000000
vt 0.000000 0.000000
vt 0.000000 0.000000
vt 0.000000 0.000000
vt 0.000000 0.000000
vt 0.000000 0.000000
vt 0.000000 0.000000
vt 0.000000 0.000000
vt 0.000000 0.000000
vt 0.000000 0.000000
vt 0.000000 0.000000
vt 0.000000 0.000000
vt 0.000000 0.000000
vt 0.000000 0.000000
vt 0.000000 0.000000
vt 0.000000 0.000000
vt 0.000000 0.000000
vt 0.000000 0.000000
vt 0.000000 0.000000
vt 0.000000 0.000000
vt 0.000000 0.000000
vt 0.000000 0.000000
vt 0.000000 0.000000
vt 0.000000 0.000000
vt 0.000000 0.000000
vt 0.000000 0.000000
vt 0.000000 0.000000
vt 0.000000 0.000000
vt 0.000000 0.000000
vt 0.000000 0.000000
vt 0.000000 0.000000
vt 0.000000 0.000000
vt 0.000000 0.000000
vt 0.000000 0.000000
vt 0.000000 0.000000
vt 0.000000 0.000000
vt 0.000000 0.000000
vt 0.000000 0.000000
vt 0.000000 0.000000
vt 0.000000 0.000000
vt 0.000000 0.000000
vt 0.000000 0.000000
vt 0.000000 0.000000
vt 0.000000 0.000000
vt 0.000000 0.000000
vt 0.000000 0.000000
vt 0.000000 0.000000
vt 0.000000 0.000000
vt 0.000000 0.000000
vt 0.000000 0.000000
vt 0.000000 0.000000
vt 0.000000 0.000000
vt 0.000000 0.000000
vt 0.000000 0.000000
vt 0.000000 0.000000
vt 0.000000 0.000000
vt 0.000000 0.000000
vt 0.000000 0.000000
vt 0.000000 0.000000
vt 0.000000 0.000000
vt 0.000000 0.000000
vt 0.000000 0.000000
vt 0.000000 0.000000
vt 0.000000 0.000000
vt 0.000000 0.000000
vt 0.000000 0.000000
vt 0.000000 0.000000
vt 0.000000 0.000000
vt 0.000000 0.000000
vt 0.000000 0.000000
vt 0.000000 0.000000
vt 0.000000 0.000000
vt 0.000000 0.000000
vt 0.000000 0.000000
vt 0.000000 0.000000
vt 0.000000 0.000000
vt 0.000000 0.000000
vt 0.000000 0.000000
vt 0.000000 0.000000
vt 0.000000 0.000000
vt 0.000000 0.000000
vt 0.000000 0.000000
vt 0.000000 0.000000
vt 0.000000 0.000000
vt 0.000000 0.000000
vt 0.000000 0.000000
vt 0.000000 0.000000
vt 0.000000 0.000000
vt 0.000000 0.000000
vt 0.000000 0.000000
vt 0.000000 0.000000
vt 0.000000 0.000000
vt 0.000000 0.000000
vt 0.000000 0.000000
vt 0.000000 0.000000
vt 0.000000 0.000000
vt 0.000000 0.000000
vt 0.000000 0.000000
vt 0.000000 0.000000
vt 0.000000 0.000000
vt 0.000000 0.000000
vt 0.000000 0.000000
vt 0.000000 0.000000
vt 0.000000 0.000000
vt 0.000000 0.000000
vt 0.000000 0.000000
vt 0.000000 0.000000
vt 0.000000 0.000000
vt 0.000000 0.000000
vt 0.000000 0.000000
vt 0.000000 0.000000
vt 0.000000 0.000000
vt 0.000000 0.000000
vt 0.000000 0.000000
vt 0.000000 0.000000
vt 0.000000 0.000000
vt 0.000000 0.000000
vt 0.000000 0.000000
vt 0.000000 0.000000
vt 0.000000 0.000000
vt 0.000000 0.000000
vt 0.000000 0.000000
vt 0.000000 0.000000
vt 0.000000 0.000000
vt 0.000000 0.000000
vt 0.000000 0.000000
vt 0.000000 0.000000
vt 0.000000 0.000000
vt 0.000000 0.000000
vt 0.000000 0.000000
vt 0.000000 0.000000
vt 0.000000 0.000000
vt 0.000000 0.000000
vt 0.000000 0.000000
vt 0.000000 0.000000
vt 0.000000 0.000000
vt 0.000000 0.000000
vt 0.000000 0.000000
vt 0.000000 0.000000
vt 0.000000 0.000000
vt 0.000000 0.000000
vt 0.000000 0.000000
vt 0.000000 0.000000
vt 0.000000 0.000000
vt 0.000000 0.000000
vt 0.000000 0.000000
vt 0.000000 0.000000
vt 0.000000 0.000000
vt 0.000000 0.000000
vt 0.000000 0.000000
vt 0.000000 0.000000
vt 0.000000 0.000000
vt 0.000000 0.000000
vt 0.000000 0.000000
vt 0.000000 0.000000
vt 0.000000 0.000000
vt 0.000000 0.000000
vt 0.000000 0.000000
vt 0.000000 0.000000
vt 0.000000 0.000000
vt 0.000000 0.000000
vt 0.000000 0.000000
vt 0.000000 0.000000
vt 0.000000 0.000000
vt 0.000000 0.000000
vt 0.000000 0.000000
vt 0.000000 0.000000
vt 0.000000 0.000000
vt 0.000000 0.000000
vt 0.000000 0.000000
vt 0.000000 0.000000
vt 0.000000 0.000000
vt 0.000000 0.000000
vt 0.000000 0.000000
vt 0.000000 0.000000
vt 0.000000 0.000000
vt 0.000000 0.000000
vt 0.000000 0.000000
vt 0.000000 0.000000
vt 0.000000 0.000000
vt 0.000000 0.000000
vt 0.000000 0.000000
vt 0.000000 0.000000
vt 0.000000 0.000000
vt 0.000000 0.000000
vt 0.000000 0.000000
vt 0.000000 0.000000
vt 0.000000 0.000000
vt 0.000000 0.000000
vt 0.000000 0.000000
vt 0.000000 0.000000
vt 0.000000 0.000000
vt 0.000000 0.000000
vt 0.000000 0.000000
vt 0.000000 0.000000
vt 0.000000 0.000000
vt 0.000000 0.000000
vt 0.000000 0.000000
vt 0.000000 0.000000
vt 0.000000 0.000000
vt 0.000000 0.000000
vt 0.000000 0.000000
vt 0.000000 0.000000
vt 0.000000 0.000000
vt 0.000000 0.000000
vt 0.000000 0.000000
vt 0.000000 0.000000
vt 0.000000 0.000000
vt 0.000000 0.000000
vt 0.000000 0.000000
vt 0.000000 0.000000
vt 0.000000 0.000000
vt 0.000000 0.000000
vt 0.000000 0.000000
vt 0.000000 0.000000
vt 0.000000 0.000000
vt 0.000000 0.000000
vt 0.000000 0.000000
vt 0.000000 0.000000
vt 0.000000 0.000000
vt 0.000000 0.000000
vt 0.000000 0.000000
vt 0.000000 0.000000
vt 0.000000 0.000000
vt 0.000000 0.000000
vt 0.000000 0.000000
vt 0.000000 0.000000
vt 0.000000 0.000000
vt 0.000000 0.000000
vt 0.000000 0.000000
vt 0.000000 0.000000
vt 0.000000 0.000000
vt 0.000000 0.000000
vt 0.000000 0.000000
vt 0.000000 0.000000
vt 0.000000 0.000000
vt 0.000000 0.000000
vt 0.000000 0.000000
vt 0.000000 0.000000
vt 0.000000 0.000000
vt 0.000000 0.000000
vt 0.000000 0.000000
vt 0.000000 0.000000
vt 0.000000 0.000000
vt 0.000000 0.000000
vt 0.000000 0.000000
vt 0.000000 0.000000
vt 0.000000 0.000000
vt 0.000000 0.000000
vt 0.000000 0.000000
vt 0.000000 0.000000
vt 0.000000 0.000000
vt 0.000000 0.000000
vt 0.000000 0.000000
vt 0.000000 0.000000
vt 0.000000 0.000000
vt 0.000000 0.000000
vt 0.000000 0.000000
vt 0.000000 0.000000
vt 0.000000 0.000000
vt 0.000000 0.000000
vt 0.000000 0.000000
vt 0.000000 0.000000
vt 0.000000 0.000000
vt 0.000000 0.000000
vt 0.000000 0.000000
vt 0.000000 0.000000
vt 0.000000 0.000000
vt 0.000000 0.000000
vt 0.000000 0.000000
vt 0.000000 0.000000
vt 0.000000 0.000000
vt 0.000000 0.000000
vt 0.000000 0.000000
vt 0.000000 0.000000
vt 0.000000 0.000000
vt 0.000000 0.000000
vt 0.000000 0.000000
vt 0.000000 0.000000
vt 0.000000 0.000000
vt 0.000000 0.000000
vt 0.000000 0.000000
vt 0.000000 0.000000
vt 0.000000 0.000000
vt 0.000000 0.000000
vt 0.000000 0.000000
vt 0.000000 0.000000
vt 0.000000 0.000000
vt 0.000000 0.000000
vt 0.000000 0.000000
vt 0.000000 0.000000
vt 0.000000 0.000000
vt 0.000000 0.000000
vt 0.000000 0.000000
vt 0.000000 0.000000
vt 0.000000 0.000000
vt 0.000000 0.000000
vt 0.000000 0.000000
vt 0.000000 0.000000
vt 0.000000 0.000000
vt 0.000000 0.000000
vt 0.000000 0.000000
vt 0.000000 0.000000
vt 0.000000 0.000000
vt 0.000000 0.000000
vt 0.000000 0.000000
vt 0.000000 0.000000
vt 0.000000 0.000000
vt 0.000000 0.000000
vt 0.000000 0.000000
vt 0.000000 0.000000
vt 0.000000 0.000000
vt 0.000000 0.000000
vt 0.000000 0.000000
vt 0.000000 0.000000
vt 0.000000 0.000000
vt 0.000000 0.000000
vt 0.000000 0.000000
vt 0.000000 0.000000
vt 0.000000 0.000000
vt 0.000000 0.000000
vt 0.000000 0.000000
vt 0.000000 0.000000
vt 0.000000 0.000000
vt 0.000000 0.000000
vt 0.000000 0.000000
vt 0.000000 0.000000
vt 0.000000 0.000000
vt 0.000000 0.000000
vt 0.000000 0.000000
vt 0.000000 0.000000
vt 0.000000 0.000000
vt 0.000000 0.000000
vt 0.000000 0.000000
vt 0.000000 0.000000
vt 0.000000 0.000000
vt 0.000000 0.000000
vt 0.000000 0.000000
vt 0.000000 0.000000
vt 0.000000 0.000000
vt 0.000000 0.000000
vt 0.000000 0.000000
vt 0.000000 0.000000
vt 0.000000 0.000000
vt 0.000000 0.000000
vt 0.000000 0.000000
vt 0.000000 0.000000
vt 0.000000 0.000000
vt 0.000000 0.000000
vt 0.000000 0.000000
vt 0.000000 0.000000
vt 0.000000 0.000000
vt 0.000000 0.000000
vt 0.000000 0.000000
vt 0.000000 0.000000
vt 0.000000 0.000000
vt 0.000000 0.000000
vt 0.000000 0.000000
vt 0.000000 0.000000
vt 0.000000 0.000000
vt 0.000000 0.000000
vt 0.000000 0.000000
vt 0.000000 0.000000
vt 0.000000 0.000000
vt 0.000000 0.000000
vt 0.000000 0.000000
vt 0.000000 0.000000
vt 0.000000 0.000000
vt 0.000000 0.000000
vt 0.000000 0.000000
vt 0.000000 0.000000
vt 0.000000 0.000000
vt 0.000000 0.000000
vt 0.000000 0.000000
vt 0.000000 0.000000
vt 0.000000 0.000000
vt 0.000000 0.000000
vt 0.000000 0.000000
vt 0.000000 0.000000
vt 0.000000 0.000000
vt 0.000000 0.000000
vt 0.000000 0.000000
vt 0.000000 0.000000
vt 0.000000 0.000000
vt 0.000000 0.000000
vt 0.000000 0.000000
vt 0.000000 0.000000
vt 0.000000 0.000000
vt 0.000000 0.000000
vt 0.000000 0.000000
vt 0.000000 0.000000
vt 0.000000 0.000000
vt 0.000000 0.000000
vt 0.000000 0.000000
vt 0.000000 0.000000
vt 0.000000 0.000000
vt 0.000000 0.000000
vt 0.000000 0.000000
vt 0.000000 0.000000
vt 0.000000 0.000000
vt 0.000000 0.000000
vt 0.000000 0.000000
vt 0.000000 0.000000
vt 0.000000 0.000000
vt 0.000000 0.000000
vt 0.000000 0.000000
vt 0.000000 0.000000
vt 0.000000 0.000000
vt 0.000000 0.000000
vt 0.000000 0.000000
vt 0.000000 0.000000
vt 0.000000 0.000000
vt 0.000000 0.000000
vt 0.000000 0.000000
vt 0.000000 0.000000
vt 0.000000 0.000000
vt 0.000000 0.000000
vt 0.000000 0.000000
vt 0.000000 0.000000
vt 0.000000 0.000000
vt 0.000000 0.000000
vt 0.000000 0.000000
vt 0.000000 0.000000
vt 0.000000 0.000000
vt 0.000000 0.000000
vt 0.000000 0.000000
vt 0.000000 0.000000
vt 0.000000 0.000000
vt 0.000000 0.000000
vt 0.000000 0.000000
vt 0.000000 0.000000
vt 0.000000 0.000000
vt 0.000000 0.000000
vt 0.000000 0.000000
vt 0.000000 0.000000
vt 0.000000 0.000000
vt 0.000000 0.000000
vt 0.000000 0.000000
vt 0.000000 0.000000
vt 0.000000 0.000000
vt 0.000000 0.000000
vt 0.000000 0.000000
vt 0.000000 0.000000
vt 0.000000 0.000000
vt 0.000000 0.000000
vt 0.000000 0.000000
vt 0.000000 0.000000
vt 0.000000 0.000000
vt 0.000000 0.000000
vt 0.000000 0.000000
vt 0.000000 0.000000
vt 0.000000 0.000000
vt 0.000000 0.000000
vt 0.000000 0.000000
vt 0.000000 0.000000
vt 0.000000 0.000000
vt 0.000000 0.000000
vt 0.000000 0.000000
vt 0.000000 0.000000
vt 0.000000 0.000000
vt 0.000000 0.000000
vt 0.000000 0.000000
vt 0.000000 0.000000
vt 0.000000 0.000000
vt 0.000000 0.000000
vt 0.000000 0.000000
vt 0.000000 0.000000
vt 0.000000 0.000000
vt 0.000000 0.000000
vt 0.000000 0.000000
vt 0.000000 0.000000
vt 0.000000 0.000000
vt 0.000000 0.000000
vt 0.000000 0.000000
vt 0.000000 0.000000
vt 0.000000 0.000000
vt 0.000000 0.000000
vt 0.000000 0.000000
vt 0.000000 0.000000
vt 0.000000 0.000000
vt 0.000000 0.000000
vt 0.000000 0.000000
vt 0.000000 0.000000
vt 0.000000 0.000000
vt 0.000000 0.000000
vt 0.000000 0.000000
vt 0.000000 0.000000
vt 0.000000 0.000000
vt 0.000000 0.000000
vt 0.000000 0.000000
vt 0.000000 0.000000
vt 0.000000 0.000000
vt 0.000000 0.000000
vt 0.000000 0.000000
vt 0.000000 0.000000
vt 0.000000 0.000000
vt 0.000000 0.000000
vt 0.000000 0.000000
vt 0.000000 0.000000
vt 0.000000 0.000000
vt 0.000000 0.000000
vt 0.000000 0.000000
vt 0.000000 0.000000
vt 0.000000 0.000000
vt 0.000000 0.000000
vt 0.000000 0.000000
vt 0.000000 0.000000
vt 0.000000 0.000000
vt 0.000000 0.000000
vt 0.000000 0.000000
vt 0.000000 0.000000
vt 0.000000 0.000000
vt 0.000000 0.000000
vt 0.000000 0.000000
vt 0.000000 0.000000
vt 0.000000 0.000000
vt 0.000000 0.000000
vt 0.000000 0.000000
vt 0.000000 0.000000
vt 0.000000 0.000000
vt 0.000000 0.000000
vt 0.000000 0.000000
vt 0.000000 0.000000
vt 0.000000 0.000000
vt 0.000000 0.000000
vt 0.000000 0.000000
vt 0.000000 0.000000
vt 0.000000 0.000000
vt 0.000000 0.000000
vt 0.000000 0.000000
vt 0.000000 0.000000
vt 0.000000 0.000000
vt 0.000000 0.000000
vt 0.000000 0.000000
vt 0.000000 0.000000
vt 0.000000 0.000000
vt 0.000000 0.000000
vt 0.000000 0.000000
vt 0.000000 0.000000
vt 0.000000 0.000000
vt 0.000000 0.000000
vt 0.000000 0.000000
vt 0.000000 0.000000
vt 0.000000 0.000000
vt 0.000000 0.000000
vt 0.000000 0.000000
vt 0.000000 0.000000
vt 0.000000 0.000000
vt 0.000000 0.000000
vt 0.000000 0.000000
vt 0.000000 0.000000
vt 0.000000 0.000000
vt 0.000000 0.000000
vt 0.000000 0.000000
vt 0.000000 0.000000
vt 0.000000 0.000000
vt 0.000000 0.000000
vt 0.000000 0.000000
vt 0.000000 0.000000
vt 0.000000 0.000000
vt 0.000000 0.000000
vt 0.000000 0.000000
vt 0.000000 0.000000
vt 0.000000 0.000000
vt 0.000000 0.000000
vt 0.000000 0.000000
vt 0.000000 0.000000
vt 0.000000 0.000000
vt 0.000000 0.000000
vt 0.000000 0.000000
vt 0.000000 0.000000
vt 0.000000 0.000000
vt 0.000000 0.000000
vt 0.000000 0.000000
vt 0.000000 0.000000
vt 0.000000 0.000000
vt 0.000000 0.000000
vt 0.000000 0.000000
vt 0.000000 0.000000
vt 0.000000 0.000000
vt 0.000000 0.000000
vt 0.000000 0.000000
vt 0.000000 0.000000
vt 0.000000 0.000000
vt 0.000000 0.000000
vt 0.000000 0.000000
vt 0.000000 0.000000
vt 0.000000 0.000000
vt 0.000000 0.000000
vt 0.000000 0.000000
vt 0.000000 0.000000
vt 0.000000 0.000000
vt 0.000000 0.000000
vt 0.000000 0.000000
vt 0.000000 0.000000
vt 0.000000 0.000000
vt 0.000000 0.000000
vt 0.000000 0.000000
vt 0.000000 0.000000
vt 0.000000 0.000000
vt 0.000000 0.000000
vt 0.000000 0.000000
vt 0.000000 0.000000
vt 0.000000 0.000000
vt 0.000000 0.000000
vt 0.000000 0.000000
vt 0.000000 0.000000
vt 0.000000 0.000000
vt 0.000000 0.000000
vt 0.000000 0.000000
vt 0.000000 0.000000
vt 0.000000 0.000000
vt 0.000000 0.000000
vt 0.000000 0.000000
vt 0.000000 0.000000
vt 0.000000 0.000000
vt 0.000000 0.000000
vt 0.000000 0.000000
vt 0.000000 0.000000
vt 0.000000 0.000000
vt 0.000000 0.000000
vt 0.000000 0.000000
vt 0.000000 0.000000
vt 0.000000 0.000000
vt 0.000000 0.000000
vt 0.000000 0.000000
vt 0.000000 0.000000
vt 0.000000 0.000000
vt 0.000000 0.000000
vt 0.000000 0.000000
vt 0.000000 0.000000
vt 0.000000 0.000000
vt 0.000000 0.000000
vt 0.000000 0.000000
vt 0.000000 0.000000
vt 0.000000 0.000000
vt 0.000000 0.000000
vt 0.000000 0.000000
vt 0.000000 0.000000
vt 0.000000 0.000000
vt 0.000000 0.000000
vt 0.000000 0.000000
vt 0.000000 0.000000
vt 0.000000 0.000000
vt 0.000000 0.000000
vt 0.000000 0.000000
vt 0.000000 0.000000
vt 0.000000 0.000000
vt 0.000000 0.000000
vt 0.000000 0.000000
vt 0.000000 0.000000
vt 0.000000 0.000000
vt 0.000000 0.000000
vt 0.000000 0.000000
vt 0.000000 0.000000
vt 0.000000 0.000000
vt 0.000000 0.000000
vt 0.000000 0.000000
vt 0.000000 0.000000
vt 0.000000 0.000000
vt 0.000000 0.000000
vt 0.000000 0.000000
vt 0.000000 0.000000
vt 0.000000 0.000000
vt 0.000000 0.000000
vt 0.000000 0.000000
vt 0.000000 0.000000
vt 0.000000 0.000000
vt 0.000000 0.000000
vt 0.000000 0.000000
vt 0.000000 0.000000
vt 0.000000 0.000000
vt 0.000000 0.000000
vt 0.000000 0.000000
vt 0.000000 0.000000
vt 0.000000 0.000000
vt 0.000000 0.000000
vt 0.000000 0.000000
vt 0.000000 0.000000
vt 0.000000 0.000000
vt 0.000000 0.000000
vt 0.000000 0.000000
vt 0.000000 0.000000
vt 0.000000 0.000000
vt 0.000000 0.000000
vt 0.000000 0.000000
vt 0.000000 0.000000
vt 0.000000 0.000000
vt 0.000000 0.000000
vt 0.000000 0.000000
vt 0.000000 0.000000
vt 0.000000 0.000000
vt 0.000000 0.000000
vt 0.000000 0.000000
vt 0.000000 0.000000
vt 0.000000 0.000000
vt 0.000000 0.000000
vt 0.000000 0.000000
vt 0.000000 0.000000
vt 0.000000 0.000000
vt 0.000000 0.000000
vt 0.000000 0.000000
vt 0.000000 0.000000
vt 0.000000 0.000000
vt 0.000000 0.000000
vt 0.000000 0.000000
vt 0.000000 0.000000
vt 0.000000 0.000000
vt 0.000000 0.000000
vt 0.000000 0.000000
vt 0.000000 0.000000
vt 0.000000 0.000000
vt 0.000000 0.000000
vt 0.000000 0.000000
vt 0.000000 0.000000
vt 0.000000 0.000000
vt 0.000000 0.000000
vt 0.000000 0.000000
vt 0.000000 0.000000
vt 0.000000 0.000000
vt 0.000000 0.000000
vt 0.000000 0.000000
vt 0.000000 0.000000
vt 0.000000 0.000000
vt 0.000000 0.000000
vt 0.000000 0.000000
vt 0.000000 0.000000
vt 0.000000 0.000000
vt 0.000000 0.000000
vt 0.000000 0.000000
vt 0.000000 0.000000
vt 0.000000 0.000000
vt 0.000000 0.000000
vt 0.000000 0.000000
vt 0.000000 0.000000
vt 0.000000 0.000000
vt 0.000000 0.000000
vt 0.000000 0.000000
vt 0.000000 0.000000
vt 0.000000 0.000000
vt 0.000000 0.000000
vt 0.000000 0.000000
vt 0.000000 0.000000
vt 0.000000 0.000000
vt 0.000000 0.000000
vt 0.000000 0.000000
vt 0.000000 0.000000
vt 0.000000 0.000000
vt 0.000000 0.000000
vn 0.1924 -0.9764 -0.0980
vn 0.2777 0.9559 0.0957
vn -0.0005 0.0998 -0.9950
vn 0.6629 0.7450 0.0744
vn 0.9936 -0.1121 -0.0118
vn 0.6008 -0.7954 -0.0801
vn 0.9967 0.0807 0.0076
vn 0.9839 0.1778 0.0173
vn 0.9867 -0.1586 0.0346
vn -0.1920 -0.9765 -0.0978
vn -0.2781 0.9557 0.0960
vn -0.6632 0.7446 0.0750
vn -0.9936 -0.1126 -0.0108
vn -0.6005 -0.7957 -0.0795
vn -0.6004 -0.7957 -0.0795
vn -0.9967 0.0802 0.0086
vn -0.9840 0.1773 0.0183
vn -0.9749 -0.2215 -0.0217
vn -0.9866 -0.1591 0.0357
vn -0.9926 -0.1150 0.0386
vn -0.9926 -0.1150 0.0385
vn 0.8882 -0.0718 0.4538
vn 0.8803 -0.2927 0.3735
vn 0.8803 -0.2927 0.3734
vn 0.8606 -0.4423 0.2524
vn 0.8606 -0.4424 0.2524
vn 0.8661 0.4013 0.2981
vn 0.8661 0.4012 0.2981
vn 0.9046 -0.4261 0.0049
vn 0.9047 -0.4261 0.0049
vn 0.9008 0.4235 0.0961
vn 0.8764 0.2600 0.4054
vn 0.8764 0.2600 0.4053
vn 0.8857 0.0425 0.4623
vn 0.8857 0.0426 0.4623
vn 0.3069 0.5050 0.8067
vn 0.3068 0.5050 0.8067
vn 0.3184 0.0881 0.9439
vn 0.3183 0.0881 0.9439
vn 0.3184 0.0882 0.9439
vn 0.3267 -0.1503 0.9331
vn 0.3265 -0.1504 0.9331
vn 0.3267 -0.1502 0.9331
vn 0.2721 -0.6021 0.7506
vn 0.2722 -0.6020 0.7507
vn 0.2719 -0.6022 0.7506
vn 0.2720 -0.6022 0.7506
vn 0.2120 -0.8471 0.4873
vn 0.3237 0.7952 0.5126
vn 0.2164 -0.9763 0.0056
vn 0.2164 -0.9763 0.0057
vn 0.3523 0.9146 0.1983
vn 0.3520 0.9147 0.1985
vn 0.3520 0.9147 0.1986
vn 0.3521 0.9147 0.1985
vn 0.2479 0.4921 0.8345
vn 0.2479 0.4922 0.8345
vn 0.2533 0.0802 0.9640
vn 0.2533 0.0802 0.9641
vn 0.2598 -0.1505 0.9539
vn 0.2594 -0.1507 0.9539
vn 0.2599 -0.1505 0.9539
vn 0.2179 -0.5917 0.7762
vn 0.2182 -0.5915 0.7762
vn 0.2180 -0.5916 0.7762
vn 0.1723 -0.8406 0.5135
vn 0.2695 0.7981 0.5389
vn 0.1790 -0.9838 0.0115
vn 0.1791 -0.9838 0.0114
vn 0.2989 0.9307 0.2107
vn 0.2990 0.9307 0.2107
vn 0.2990 0.9307 0.2106
vn 0.0577 0.0911 0.9942
vn 0.0849 -0.5360 0.8399
vn 0.0848 -0.5361 0.8399
vn 0.0848 -0.5362 0.8398
vn -0.2436 0.4738 -0.8463
vn -0.3127 0.1244 -0.9417
vn -0.3127 0.1243 -0.9417
vn -0.2620 -0.2620 -0.9288
vn -0.3367 0.1578 -0.9283
vn -0.3367 0.1579 -0.9283
vn -0.3301 0.0439 -0.9429
vn -0.3301 0.0440 -0.9429
vn -0.3116 0.0736 -0.9474
vn -0.3116 0.0736 -0.9473
vn -0.0220 -0.1237 -0.9921
vn -0.0166 0.3503 -0.9365
vn 0.9750 -0.2210 -0.0227
vn 0.4728 -0.0027 0.8812
vn 0.4727 -0.0028 0.8812
vn 0.4727 -0.0029 0.8812
vn 0.4727 -0.0027 0.8812
vn 0.0859 -0.5418 0.8361
vn 0.0859 -0.5419 0.8361
vn 0.5131 -0.0442 0.8572
vn 0.5127 -0.0446 0.8574
vn 0.5130 -0.0444 0.8573
vn 0.5129 -0.0444 0.8573
vn 0.3293 -0.5422 0.7731
vn 0.3293 -0.5422 0.7730
vn 0.5397 -0.1441 0.8294
vn 0.5396 -0.1441 0.8295
vn 0.5395 -0.1442 0.8296
vn 0.0582 0.0931 0.9940
vn 0.0583 0.0930 0.9940
vn 0.1555 0.1090 0.9818
vn 0.5618 -0.1888 0.8055
vn 0.5618 -0.1888 0.8054
vn 0.2990 0.9313 0.2083
vn 0.2989 0.9313 0.2084
vn 0.4926 0.8482 0.1945
vn 0.4927 0.8482 0.1944
vn 0.4927 0.8482 0.1943
vn 0.9867 -0.1587 0.0346
vn 0.9828 0.1675 0.0773
vn 0.9829 0.1674 0.0774
vn 0.9828 0.1674 0.0773
vn 0.1791 -0.9837 0.0165
vn 0.9952 0.0758 0.0618
vn 0.9952 0.0759 0.0618
vn 0.5481 -0.8362 0.0181
vn 0.9927 -0.1145 0.0375
vn 0.9927 -0.1145 0.0376
vn 0.9927 -0.1144 0.0376
vn 0.9927 -0.1146 0.0374
vn 0.6593 -0.4942 0.5667
vn 0.6346 -0.1605 0.7560
vn 0.6346 -0.1606 0.7560
vn 0.6165 0.1139 0.7791
vn 0.5413 0.3891 0.7454
vn 0.8603 -0.3166 0.3996
vn 0.8603 -0.3166 0.3997
vn 0.9538 -0.1322 0.2700
vn 0.9537 -0.1319 0.2703
vn 0.9537 -0.1321 0.2700
vn 0.5573 -0.6694 0.4912
vn 0.9556 0.0789 0.2839
vn 0.9555 0.0786 0.2842
vn 0.9556 0.0788 0.2839
vn 0.9236 0.1760 0.3404
vn 0.9237 0.1760 0.3404
vn 0.4559 0.7618 0.4603
vn 0.4560 0.7618 0.4602
vn 0.2677 0.8200 0.5059
vn 0.1708 -0.8495 0.4992
vn 0.1707 -0.8495 0.4992
vn 0.2176 -0.5922 0.7759
vn 0.2183 -0.5919 0.7759
vn 0.2178 -0.5921 0.7759
vn 0.2181 -0.5920 0.7759
vn 0.2600 -0.1491 0.9540
vn 0.2598 -0.1492 0.9541
vn 0.2531 0.0845 0.9638
vn 0.2531 0.0844 0.9638
vn 0.2530 0.0844 0.9638
vn 0.2449 0.5204 0.8180
vn -0.8877 -0.0722 0.4547
vn -0.8798 -0.2931 0.3743
vn -0.8797 -0.2931 0.3743
vn -0.8601 -0.4428 0.2533
vn -0.8601 -0.4428 0.2532
vn -0.8660 0.4008 0.2989
vn -0.9044 -0.4265 0.0058
vn -0.9044 -0.4266 0.0058
vn -0.9009 0.4230 0.0970
vn -0.8761 0.2595 0.4062
vn -0.8853 0.0421 0.4632
vn -0.8853 0.0421 0.4631
vn -0.3063 0.5049 0.8070
vn -0.3175 0.0880 0.9442
vn -0.3174 0.0880 0.9442
vn -0.3255 -0.1506 0.9335
vn -0.3257 -0.1504 0.9334
vn -0.2709 -0.6023 0.7509
vn -0.2710 -0.6023 0.7509
vn -0.2111 -0.8472 0.4875
vn -0.3236 0.7951 0.5129
vn -0.3236 0.7951 0.5130
vn -0.2159 -0.9764 0.0058
vn -0.3526 0.9144 0.1986
vn -0.3522 0.9145 0.1989
vn -0.3523 0.9145 0.1989
vn -0.2473 0.4920 0.8347
vn -0.2524 0.0801 0.9643
vn -0.2523 0.0800 0.9643
vn -0.2588 -0.1506 0.9541
vn -0.2587 -0.1507 0.9541
vn -0.2171 -0.5916 0.7764
vn -0.2169 -0.5918 0.7764
vn -0.2170 -0.5917 0.7764
vn -0.1713 -0.8407 0.5137
vn -0.1713 -0.8407 0.5136
vn -0.2693 0.7980 0.5392
vn -0.2694 0.7980 0.5392
vn -0.1785 -0.9839 0.0116
vn -0.1786 -0.9839 0.0116
vn -0.1785 -0.9839 0.0117
vn -0.2992 0.9306 0.2110
vn -0.2992 0.9306 0.2109
vn -0.2993 0.9306 0.2109
vn -0.0567 0.0911 0.9942
vn -0.0569 0.0911 0.9942
vn -0.0568 0.0911 0.9942
vn -0.0837 -0.5361 0.8400
vn -0.0837 -0.5362 0.8399
vn 0.2425 0.4739 -0.8465
vn 0.2426 0.4739 -0.8465
vn 0.3117 0.1245 -0.9420
vn 0.2613 -0.2618 -0.9291
vn 0.3357 0.1580 -0.9286
vn 0.3291 0.0441 -0.9432
vn 0.3291 0.0441 -0.9433
vn 0.3106 0.0737 -0.9477
vn 0.3107 0.0738 -0.9477
vn 0.3107 0.0737 -0.9477
vn 0.0211 -0.1237 -0.9921
vn 0.0210 -0.1237 -0.9921
vn 0.0155 0.3503 -0.9365
vn -0.4718 -0.0030 0.8817
vn -0.4719 -0.0028 0.8816
vn -0.4719 -0.0030 0.8817
vn -0.0848 -0.5419 0.8362
vn -0.0849 -0.5418 0.8362
vn -0.5119 -0.0448 0.8579
vn -0.5121 -0.0446 0.8578
vn -0.5120 -0.0447 0.8578
vn -0.3282 -0.5424 0.7734
vn -0.3282 -0.5424 0.7733
vn -0.5388 -0.1443 0.8300
vn -0.5386 -0.1444 0.8301
vn -0.0573 0.0930 0.9940
vn -0.1546 0.1089 0.9820
vn -0.5609 -0.1891 0.8060
vn -0.2992 0.9311 0.2086
vn -0.2991 0.9311 0.2087
vn -0.4929 0.8480 0.1949
vn -0.4930 0.8480 0.1948
vn -0.4928 0.8480 0.1950
vn -0.4929 0.8480 0.1948
vn -0.9866 -0.1592 0.0356
vn -0.9829 0.1669 0.0783
vn -0.9828 0.1670 0.0782
vn -0.1787 -0.9838 0.0167
vn -0.1786 -0.9838 0.0167
vn -0.9952 0.0753 0.0628
vn -0.9952 0.0754 0.0627
vn -0.9952 0.0753 0.0627
vn -0.5477 -0.8365 0.0186
vn -0.5477 -0.8365 0.0187
vn -0.5476 -0.8365 0.0186
vn -0.6585 -0.4946 0.5672
vn -0.6585 -0.4945 0.5674
vn -0.6337 -0.1609 0.7566
vn -0.6157 0.1136 0.7797
vn -0.6158 0.1136 0.7797
vn -0.5407 0.3888 0.7459
vn -0.5408 0.3888 0.7459
vn -0.8597 -0.3170 0.4005
vn -0.9534 -0.1326 0.2709
vn -0.9534 -0.1327 0.2709
vn -0.5565 -0.6697 0.4917
vn -0.9553 0.0781 0.2852
vn -0.9554 0.0784 0.2848
vn -0.9554 0.0783 0.2849
vn -0.9234 0.1756 0.3413
vn -0.9234 0.1755 0.3413
vn -0.4559 0.7615 0.4607
vn -0.2676 0.8199 0.5062
vn -0.2676 0.8199 0.5061
vn -0.1698 -0.8496 0.4994
vn -0.2169 -0.5921 0.7761
vn -0.2169 -0.5922 0.7761
vn -0.2172 -0.5921 0.7761
vn -0.2168 -0.5922 0.7761
vn -0.2588 -0.1493 0.9543
vn -0.2589 -0.1493 0.9543
vn -0.2521 0.0843 0.9640
vn -0.2443 0.5203 0.8183
vn 0.0017 -0.0444 -0.9990
vn -0.0020 -0.0514 -0.9987
vn 0.0088 -0.0424 -0.9991
vn -0.0056 -0.0356 -0.9993
vn -0.0031 -0.0342 -0.9994
vn -0.0038 -0.0387 -0.9992
vn -0.0062 -0.0371 -0.9993
vn 0.0107 -0.0405 -0.9991
vn 0.0041 -0.0344 -0.9994
vn 0.0065 -0.0381 -0.9993
vn -0.0109 -0.0312 -0.9995
vn -0.0072 -0.0377 -0.9993
vn -0.0082 -0.0363 -0.9993
vn 0.0045 -0.0387 -0.9992
vn 0.0718 0.9958 -0.0559
vn 0.0674 0.9960 -0.0579
vn -0.9963 -0.0863 0.0044
vn -0.9963 -0.0858 0.0045
vn 0.9543 0.2985 -0.0167
vn 0.9544 0.2980 -0.0166
vn -0.1340 -0.9900 0.0439
vn -0.1376 -0.9895 0.0453
vn -0.9737 0.2274 -0.0110
vn -0.9736 0.2280 -0.0109
vn 0.9963 -0.0863 0.0044
vn 0.9964 -0.0853 0.0041
vn 0.1332 -0.9900 0.0457
vn 0.1381 -0.9894 0.0438
vn 0.9733 0.2292 -0.0128
vn 0.9735 0.2284 -0.0126
vn -0.9614 -0.2750 0.0131
vn -0.9617 -0.2738 0.0133
vn 0.5640 0.8244 -0.0481
vn 0.5705 0.8200 -0.0454
vn -0.5457 -0.8371 0.0384
vn -0.5480 -0.8355 0.0394
vn 0.9611 -0.2758 0.0137
vn 0.9618 -0.2733 0.0130
vn -0.0553 0.9972 -0.0502
vn -0.0680 0.9961 -0.0559
vn 0.5444 -0.8379 0.0404
vn 0.5485 -0.8353 0.0385
vn -0.9546 0.2974 -0.0143
vn -0.9546 0.2977 -0.0143
vn 0.9136 0.0082 -0.4066
vn 0.9907 -0.0750 0.1134
vn 0.9907 -0.0753 0.1133
vn 0.9907 -0.0761 0.1131
vn -0.9140 0.0077 -0.4057
vn -0.9906 -0.0759 0.1138
vn -0.9906 -0.0767 0.1136
vn -0.1671 0.1959 0.9663
vn 0.7595 -0.4748 -0.4447
vn 0.7595 -0.4747 -0.4447
vn 0.8848 -0.4573 0.0896
vn 0.8847 -0.4574 0.0896
vn 0.8848 -0.4572 0.0896
vn 0.4831 -0.3682 -0.7944
vn 0.4831 -0.3681 -0.7944
vn 0.2048 -0.2210 -0.9535
vn 0.2047 -0.2210 -0.9535
vn 0.2047 -0.2211 -0.9535
vn 0.4127 -0.1227 0.9026
vn 0.4126 -0.1228 0.9026
vn 0.4127 -0.1228 0.9026
vn -0.2680 -0.9634 0.0108
vn -0.2679 -0.9634 0.0108
vn -0.2946 -0.9526 0.0760
vn -0.3579 -0.9297 0.0870
vn -0.3966 -0.9179 0.0103
vn -0.3965 -0.9180 0.0101
vn 0.4405 0.8974 -0.0248
vn 0.4405 0.8974 -0.0247
vn 0.4432 0.8906 -0.1018
vn 0.4780 0.8731 -0.0963
vn 0.4779 0.8731 -0.0963
vn 0.5138 0.8578 -0.0146
vn 0.5138 0.8578 -0.0147
vn 0.1718 0.9643 0.2014
vn 0.1337 -0.0060 -0.9910
vn 0.1338 -0.0060 -0.9910
vn 0.9964 0.0528 0.0661
vn 0.9964 0.0527 0.0661
vn 0.1679 0.1959 0.9661
vn 0.1679 0.1960 0.9661
vn -0.7597 -0.4751 -0.4440
vn -0.8844 -0.4579 0.0905
vn -0.8845 -0.4576 0.0904
vn -0.8845 -0.4577 0.0904
vn -0.8844 -0.4578 0.0905
vn -0.4837 -0.3684 -0.7939
vn -0.2056 -0.2211 -0.9533
vn -0.2055 -0.2212 -0.9533
vn -0.2056 -0.2212 -0.9533
vn -0.4117 -0.1229 0.9030
vn -0.4117 -0.1230 0.9030
vn 0.2684 -0.9632 0.0106
vn 0.2685 -0.9632 0.0106
vn 0.2951 -0.9525 0.0757
vn 0.2952 -0.9524 0.0757
vn 0.3585 -0.9295 0.0866
vn 0.3971 -0.9177 0.0099
vn -0.4411 0.8971 -0.0242
vn -0.4408 0.8973 -0.0244
vn -0.4410 0.8972 -0.0243
vn -0.4437 0.8904 -0.1014
vn -0.4438 0.8904 -0.1014
vn -0.4785 0.8728 -0.0958
vn -0.4785 0.8729 -0.0958
vn -0.5143 0.8575 -0.0141
vn -0.5143 0.8575 -0.0142
vn -0.1721 0.9642 0.2015
vn -0.1721 0.9643 0.2012
vn -0.1347 -0.0061 -0.9909
vn -0.1347 -0.0060 -0.9909
vn -0.9964 0.0522 0.0671
vn -0.9964 0.0523 0.0671
vn -0.5702 0.8205 -0.0409
vn -0.5679 0.8221 -0.0402
vn -0.5673 0.8226 -0.0400
vn -0.5709 0.8200 -0.0411
vn 0.2576 0.9631 -0.0778
vn 0.2581 0.9630 -0.0771
vn 0.2581 0.9630 -0.0778
vn 0.2577 0.9632 -0.0771
vn 0.8768 0.1126 -0.4675
vn 0.8775 0.1143 -0.4657
vn 0.8777 0.1139 -0.4654
vn 0.8765 0.1129 -0.4679
vn 0.2488 0.6215 -0.7429
vn 0.2489 0.6214 -0.7429
vn 0.8584 0.0386 -0.5116
vn 0.8581 0.0375 -0.5121
vn 0.8578 0.0360 -0.5126
vn 0.8586 0.0399 -0.5112
vn 0.8488 -0.1636 -0.5028
vn 0.8483 -0.1635 -0.5037
vn 0.8497 -0.1643 -0.5010
vn 0.8477 -0.1633 -0.5047
vn 0.8159 -0.0437 -0.5765
vn 0.8156 -0.0444 -0.5769
vn 0.8151 -0.0466 -0.5775
vn 0.8169 -0.0415 -0.5752
vn 0.1109 -0.9851 0.1317
vn 0.1106 -0.9851 0.1315
vn 0.1113 -0.9850 0.1320
vn 0.1102 -0.9852 0.1312
vn 0.9871 0.1067 -0.1194
vn 0.9871 0.1068 -0.1195
vn 0.9871 0.1069 -0.1196
vn 0.9871 0.1066 -0.1193
vn 0.2477 0.9681 -0.0370
vn 0.2475 0.9682 -0.0375
vn 0.2477 0.9681 -0.0368
vn 0.2475 0.9681 -0.0378
vn 0.8520 0.5002 -0.1548
vn 0.8521 0.5001 -0.1545
vn 0.8519 0.5002 -0.1550
vn 0.8522 0.5000 -0.1541
vn 0.9943 -0.0647 -0.0852
vn 0.9943 -0.0647 -0.0851
vn 0.8018 0.5935 0.0700
vn 0.2167 0.9564 0.1957
vn 0.8863 0.4375 -0.1522
vn 0.8862 0.4375 -0.1522
vn 0.2257 0.8767 -0.4248
vn 0.9490 0.0539 -0.3106
vn 0.9490 0.0543 -0.3107
vn 0.9489 0.0546 -0.3108
vn 0.9491 0.0536 -0.3104
vn 0.9157 -0.1328 -0.3793
vn 0.9155 -0.1323 -0.3800
vn 0.9158 -0.1333 -0.3789
vn 0.8308 0.4909 -0.2622
vn 0.8311 0.4906 -0.2618
vn 0.8307 0.4910 -0.2623
vn 0.2831 0.9525 -0.1126
vn 0.2829 0.9525 -0.1129
vn 0.2831 0.9525 -0.1124
vn 0.2827 0.9525 -0.1132
vn 0.9398 0.1349 -0.3140
vn 0.9400 0.1348 -0.3136
vn 0.9397 0.1351 -0.3143
vn 0.8474 -0.3512 -0.3982
vn 0.8475 -0.3510 -0.3982
vn 0.8475 -0.3503 -0.3988
vn 0.8473 -0.3520 -0.3977
vn 0.6010 -0.1752 -0.7798
vn 0.6009 -0.1734 -0.7803
vn 0.6008 -0.1754 -0.7799
vn 0.6010 -0.1779 -0.7792
vn 0.8850 -0.1002 -0.4547
vn 0.8845 -0.0985 -0.4561
vn 0.8859 -0.1016 -0.4527
vn 0.0913 -0.1625 -0.9825
vn 0.0909 -0.1622 -0.9826
vn 0.0922 -0.1632 -0.9823
vn 0.0903 -0.1617 -0.9827
vn 0.9048 -0.0011 -0.4259
vn 0.9045 -0.0018 -0.4265
vn 0.9035 -0.0046 -0.4287
vn 0.9055 0.0012 -0.4243
vn 0.6874 -0.1072 -0.7183
vn 0.6885 -0.1012 -0.7182
vn 0.6875 -0.1064 -0.7183
vn 0.6866 -0.1116 -0.7184
vn 0.9067 0.1306 -0.4010
vn 0.9065 0.1307 -0.4014
vn 0.9063 0.1309 -0.4017
vn 0.9069 0.1304 -0.4006
vn 0.1715 -0.8226 -0.5422
vn 0.1714 -0.8225 -0.5423
vn 0.1714 -0.8226 -0.5422
vn 0.1716 -0.8226 -0.5421
vn 0.8186 -0.3989 -0.4133
vn 0.8188 -0.3975 -0.4142
vn 0.8191 -0.3957 -0.4154
vn 0.8183 -0.4009 -0.4118
vn 0.8820 0.3782 -0.2811
vn 0.8810 0.3785 -0.2840
vn 0.8819 0.3788 -0.2807
vn 0.8813 0.3775 -0.2844
vn 0.5771 -0.6379 -0.5100
vn 0.5773 -0.6379 -0.5098
vn 0.5761 -0.6380 -0.5109
vn 0.5778 -0.6378 -0.5092
vn 0.0193 0.8513 -0.5242
vn 0.0188 0.8515 -0.5240
vn 0.0181 0.8520 -0.5232
vn 0.0201 0.8508 -0.5251
vn 0.7433 0.5990 -0.2978
vn 0.7367 0.6064 -0.2993
vn 0.7395 0.6048 -0.2957
vn 0.7409 0.5993 -0.3033
vn 0.8956 -0.4327 -0.1037
vn 0.8952 -0.4333 -0.1045
vn 0.8947 -0.4340 -0.1058
vn 0.8960 -0.4320 -0.1026
vn 0.9705 0.2322 -0.0655
vn 0.9705 0.2321 -0.0655
vn 0.9704 0.2324 -0.0654
vn 0.9705 0.2321 -0.0656
vn 0.1569 -0.9026 -0.4008
vn 0.1559 -0.9025 -0.4015
vn 0.1565 -0.9023 -0.4016
vn 0.1562 -0.9028 -0.4008
vn 0.5821 -0.7302 -0.3578
vn 0.5819 -0.7303 -0.3579
vn 0.5810 -0.7304 -0.3590
vn 0.5827 -0.7301 -0.3570
vn 0.9720 0.2125 -0.1005
vn 0.9718 0.2135 -0.0998
vn 0.9720 0.2121 -0.1007
vn 0.9717 0.2138 -0.1007
vn 0.9929 -0.0419 -0.1110
vn 0.9928 -0.0427 -0.1120
vn 0.9926 -0.0435 -0.1137
vn 0.9931 -0.0411 -0.1101
vn 0.9575 0.2837 0.0522
vn 0.9578 0.2824 0.0530
vn 0.9579 0.2822 0.0533
vn 0.9574 0.2841 0.0518
vn 0.6059 -0.7955 0.0090
vn 0.6092 -0.7929 0.0132
vn 0.6085 -0.7934 0.0167
vn 0.6071 -0.7946 0.0068
vn 0.0353 0.9742 -0.2230
vn 0.0352 0.9742 -0.2229
vn 0.0361 0.9744 -0.2221
vn 0.0344 0.9740 -0.2238
vn 0.1002 -0.9949 -0.0125
vn 0.1010 -0.9948 -0.0140
vn 0.1014 -0.9948 -0.0131
vn 0.0998 -0.9949 -0.0135
vn 0.5822 -0.8039 0.1215
vn 0.5838 -0.8026 0.1222
vn 0.5818 -0.8043 0.1206
vn 0.5842 -0.8023 0.1226
vn 0.9161 -0.3646 0.1665
vn 0.9155 -0.3656 0.1679
vn 0.9161 -0.3646 0.1669
vn 0.9156 -0.3656 0.1675
vn 0.6817 0.7166 -0.1477
vn 0.6844 0.7143 -0.1460
vn 0.6842 0.7151 -0.1429
vn 0.6815 0.7167 -0.1480
vn 0.9734 0.2166 0.0744
vn 0.9736 0.2157 0.0748
vn 0.9736 0.2155 0.0752
vn 0.9734 0.2168 0.0741
vn -0.2581 0.9630 -0.0775
vn -0.2586 0.9629 -0.0768
vn -0.2582 0.9630 -0.0768
vn -0.2586 0.9629 -0.0775
vn -0.8780 0.1138 -0.4649
vn -0.8772 0.1122 -0.4667
vn -0.8782 0.1135 -0.4646
vn -0.8770 0.1125 -0.4671
vn -0.2499 0.6213 -0.7427
vn -0.2498 0.6214 -0.7426
vn -0.2498 0.6213 -0.7427
vn -0.2499 0.6212 -0.7427
vn -0.8586 0.0371 -0.5112
vn -0.8589 0.0382 -0.5108
vn -0.8584 0.0356 -0.5118
vn -0.8591 0.0394 -0.5103
vn -0.8481 -0.1637 -0.5038
vn -0.8492 -0.1641 -0.5020
vn -0.8487 -0.1639 -0.5028
vn -0.8502 -0.1647 -0.5001
vn -0.8165 -0.0441 -0.5757
vn -0.8156 -0.0470 -0.5767
vn -0.8162 -0.0449 -0.5761
vn -0.8175 -0.0419 -0.5744
vn -0.1101 -0.9852 0.1316
vn -0.1103 -0.9851 0.1318
vn -0.1107 -0.9850 0.1321
vn -0.1096 -0.9853 0.1313
vn -0.9873 0.1062 -0.1184
vn -0.9872 0.1063 -0.1185
vn -0.9873 0.1061 -0.1183
vn -0.9872 0.1064 -0.1186
vn -0.2483 0.9680 -0.0367
vn -0.2480 0.9680 -0.0373
vn -0.2480 0.9680 -0.0375
vn -0.2482 0.9680 -0.0365
vn -0.8524 0.4997 -0.1538
vn -0.8525 0.4996 -0.1535
vn -0.8526 0.4996 -0.1532
vn -0.8523 0.4998 -0.1541
vn -0.9943 -0.0652 -0.0842
vn -0.9943 -0.0652 -0.0841
vn -0.8020 0.5931 0.0708
vn -0.8020 0.5932 0.0708
vn -0.2170 0.9563 0.1959
vn -0.8866 0.4370 -0.1513
vn -0.8866 0.4370 -0.1514
vn -0.2265 0.8766 -0.4246
vn -0.2266 0.8766 -0.4246
vn -0.9494 0.0534 -0.3096
vn -0.9493 0.0538 -0.3097
vn -0.9494 0.0531 -0.3095
vn -0.9492 0.0541 -0.3099
vn -0.9160 -0.1333 -0.3784
vn -0.9161 -0.1338 -0.3779
vn -0.9158 -0.1328 -0.3791
vn -0.8313 0.4905 -0.2614
vn -0.8315 0.4903 -0.2612
vn -0.8312 0.4906 -0.2615
vn -0.8316 0.4902 -0.2610
vn -0.2836 0.9523 -0.1124
vn -0.2835 0.9523 -0.1126
vn -0.2833 0.9524 -0.1130
vn -0.2837 0.9523 -0.1121
vn -0.9402 0.1344 -0.3130
vn -0.9403 0.1343 -0.3126
vn -0.9401 0.1346 -0.3133
vn -0.8476 -0.3517 -0.3973
vn -0.8477 -0.3515 -0.3974
vn -0.8476 -0.3524 -0.3968
vn -0.8477 -0.3508 -0.3979
vn -0.6016 -0.1754 -0.7793
vn -0.6014 -0.1756 -0.7794
vn -0.6015 -0.1737 -0.7798
vn -0.6016 -0.1781 -0.7787
vn -0.8854 -0.1007 -0.4538
vn -0.8863 -0.1021 -0.4518
vn -0.8849 -0.0990 -0.4552
vn -0.0917 -0.1622 -0.9825
vn -0.0911 -0.1617 -0.9826
vn -0.0921 -0.1625 -0.9824
vn -0.0929 -0.1632 -0.9822
vn -0.9049 -0.0023 -0.4256
vn -0.9060 0.0007 -0.4234
vn -0.9052 -0.0016 -0.4251
vn -0.9039 -0.0051 -0.4278
vn -0.6880 -0.1075 -0.7177
vn -0.6881 -0.1067 -0.7177
vn -0.6891 -0.1016 -0.7175
vn -0.6872 -0.1119 -0.7178
vn -0.9070 0.1303 -0.4005
vn -0.9071 0.1301 -0.4002
vn -0.9074 0.1300 -0.3998
vn -0.9068 0.1305 -0.4008
vn -0.1717 -0.8227 -0.5420
vn -0.1716 -0.8226 -0.5421
vn -0.1718 -0.8227 -0.5419
vn -0.1715 -0.8226 -0.5421
vn -0.8188 -0.3994 -0.4124
vn -0.8190 -0.3980 -0.4134
vn -0.8185 -0.4014 -0.4109
vn -0.8193 -0.3962 -0.4145
vn -0.8825 0.3778 -0.2802
vn -0.8814 0.3781 -0.2832
vn -0.8817 0.3771 -0.2835
vn -0.8823 0.3784 -0.2799
vn -0.5772 -0.6382 -0.5094
vn -0.5764 -0.6383 -0.5102
vn -0.5774 -0.6382 -0.5092
vn -0.5780 -0.6381 -0.5087
vn -0.0201 0.8514 -0.5242
vn -0.0189 0.8521 -0.5231
vn -0.0197 0.8515 -0.5239
vn -0.0210 0.8508 -0.5251
vn -0.7438 0.5986 -0.2973
vn -0.7372 0.6060 -0.2987
vn -0.7414 0.5989 -0.3027
vn -0.7400 0.6044 -0.2952
vn -0.8950 -0.4337 -0.1038
vn -0.8954 -0.4331 -0.1030
vn -0.8946 -0.4344 -0.1052
vn -0.8959 -0.4325 -0.1020
vn -0.9706 0.2317 -0.0648
vn -0.9706 0.2320 -0.0647
vn -0.9706 0.2316 -0.0648
vn -0.9707 0.2316 -0.0650
vn -0.1568 -0.9027 -0.4007
vn -0.1559 -0.9026 -0.4013
vn -0.1562 -0.9029 -0.4006
vn -0.1565 -0.9024 -0.4015
vn -0.5821 -0.7305 -0.3572
vn -0.5809 -0.7308 -0.3584
vn -0.5819 -0.7306 -0.3572
vn -0.5827 -0.7304 -0.3564
vn -0.9721 0.2121 -0.0997
vn -0.9722 0.2117 -0.0999
vn -0.9720 0.2130 -0.0991
vn -0.9719 0.2133 -0.1000
vn -0.9929 -0.0432 -0.1112
vn -0.9930 -0.0425 -0.1103
vn -0.9926 -0.0440 -0.1129
vn -0.9931 -0.0416 -0.1093
vn -0.9576 0.2832 0.0527
vn -0.9580 0.2819 0.0534
vn -0.9575 0.2836 0.0523
vn -0.9580 0.2816 0.0538
vn -0.6089 -0.7932 0.0137
vn -0.6056 -0.7957 0.0094
vn -0.6081 -0.7937 0.0170
vn -0.6067 -0.7949 0.0072
vn -0.0361 0.9741 -0.2231
vn -0.0359 0.9742 -0.2230
vn -0.0353 0.9740 -0.2238
vn -0.0367 0.9743 -0.2223
vn -0.1005 -0.9948 -0.0139
vn -0.0997 -0.9949 -0.0124
vn -0.1009 -0.9948 -0.0131
vn -0.0993 -0.9950 -0.0134
vn -0.5818 -0.8042 0.1218
vn -0.5833 -0.8029 0.1225
vn -0.5837 -0.8026 0.1229
vn -0.5813 -0.8046 0.1209
vn -0.9152 -0.3661 0.1683
vn -0.9159 -0.3652 0.1669
vn -0.9158 -0.3651 0.1674
vn -0.9153 -0.3661 0.1679
vn -0.6821 0.7162 -0.1475
vn -0.6849 0.7139 -0.1458
vn -0.6819 0.7163 -0.1479
vn -0.6847 0.7147 -0.1426
vn -0.9735 0.2160 0.0749
vn -0.9737 0.2152 0.0753
vn -0.9735 0.2162 0.0746
vn -0.9737 0.2150 0.0757
vn -0.9270 0.2656 -0.2648
vn -0.9270 0.2656 -0.2649
vn 0.9603 -0.2506 0.1226
vn 0.9266 0.2661 -0.2658
vn 0.9266 0.2661 -0.2657
vn -0.9600 -0.2511 0.1236
vn -0.9600 -0.2511 0.1235
vn 0.1668 0.6698 0.7235
vn 0.1671 0.6696 0.7237
vn 0.9836 -0.1146 0.1394
vn 0.1287 -0.9917 -0.0067
vn -0.1665 0.6697 0.7237
vn -0.9834 -0.1151 0.1404
vn -0.1282 -0.9917 -0.0066
vn 0.0173 0.2349 0.9719
vn 0.0009 -0.2405 -0.9706
vn 0.0010 -0.2405 -0.9706
vn 0.0009 -0.2405 -0.9707
vn 0.2662 0.9087 -0.3214
vn 0.2661 0.9088 -0.3214
vn -0.3039 -0.8995 0.3141
vn -0.3034 -0.8996 0.3142
vn -0.0165 0.2349 0.9719
vn -0.0018 -0.2405 -0.9706
vn -0.0018 -0.2405 -0.9707
vn -0.2668 0.9087 -0.3212
vn -0.2668 0.9086 -0.3212
vn 0.3046 -0.8993 0.3137
vn 0.3046 -0.8993 0.3138
vn 0.6909 -0.3668 0.6230
vn 0.6193 -0.0520 0.7834
vn 0.6193 -0.0520 0.7835
vn 0.6003 0.1856 0.7779
vn 0.5388 0.5467 0.6409
vn 0.5389 0.5466 0.6409
vn 0.7488 -0.2601 0.6097
vn 0.7488 -0.2600 0.6097
vn 0.9083 -0.0939 0.4077
vn 0.9083 -0.0938 0.4077
vn 0.5586 -0.4899 0.6693
vn 0.5586 -0.4898 0.6693
vn 0.9288 0.1601 0.3342
vn 0.8917 0.2514 0.3764
vn 0.5180 0.6561 0.5488
vn 0.5179 0.6561 0.5488
vn 0.5179 0.6561 0.5489
vn 0.1866 0.7725 0.6070
vn 0.1267 -0.7419 0.6584
vn 0.1264 -0.7417 0.6587
vn 0.1265 -0.7418 0.6586
vn 0.1841 -0.4131 0.8919
vn 0.1840 -0.4131 0.8919
vn 0.1840 -0.4130 0.8919
vn 0.2102 -0.0150 0.9775
vn 0.2057 0.1761 0.9626
vn 0.2059 0.1763 0.9626
vn 0.2058 0.1762 0.9626
vn 0.9773 0.1568 -0.1421
vn 0.9773 0.1571 -0.1423
vn 0.9772 0.1573 -0.1426
vn 0.9774 0.1566 -0.1418
vn 0.9682 -0.2388 -0.0752
vn 0.9682 -0.2387 -0.0752
vn 0.5255 -0.8472 0.0782
vn 0.5257 -0.8470 0.0785
vn 0.9831 -0.1754 0.0520
vn 0.9846 0.1620 0.0656
vn 0.9846 0.1621 0.0657
vn 0.9846 0.1619 0.0656
vn 0.9878 0.1338 0.0800
vn 0.9878 0.1339 0.0799
vn 0.9862 -0.1127 0.1217
vn 0.9861 -0.1127 0.1217
vn 0.9861 -0.1128 0.1218
vn 0.1382 -0.9823 -0.1262
vn 0.1383 -0.9823 -0.1261
vn 0.1381 -0.9823 -0.1264
vn 0.1386 -0.9823 -0.1259
vn 0.9836 -0.1144 0.1395
vn 0.0914 -0.9814 0.1687
vn 0.9726 -0.1786 0.1489
vn 0.9783 0.1908 0.0807
vn 0.5448 -0.8232 -0.1600
vn 0.5447 -0.8232 -0.1601
vn 0.5444 -0.8233 -0.1605
vn 0.5449 -0.8231 -0.1599
vn 0.9787 0.1531 0.1370
vn 0.9787 0.1531 0.1371
vn 0.5319 -0.8462 0.0330
vn 0.8695 -0.2805 -0.4065
vn 0.8696 -0.2806 -0.4064
vn 0.8695 -0.2799 -0.4071
vn 0.8696 -0.2814 -0.4057
vn 0.5612 -0.6815 -0.4697
vn 0.5615 -0.6814 -0.4695
vn 0.5610 -0.6816 -0.4698
vn 0.5617 -0.6814 -0.4693
vn 0.1563 -0.8874 -0.4337
vn 0.1566 -0.8875 -0.4335
vn 0.1565 -0.8875 -0.4335
vn 0.1564 -0.8874 -0.4337
vn -0.6901 -0.3672 0.6237
vn -0.6185 -0.0523 0.7841
vn -0.5996 0.1853 0.7785
vn -0.5387 0.5462 0.6415
vn -0.5386 0.5463 0.6415
vn -0.7481 -0.2604 0.6104
vn -0.7480 -0.2604 0.6104
vn -0.9078 -0.0943 0.4086
vn -0.5577 -0.4901 0.6699
vn -0.5577 -0.4902 0.6699
vn -0.9285 0.1596 0.3352
vn -0.9286 0.1596 0.3351
vn -0.8914 0.2510 0.3773
vn -0.5177 0.6559 0.5494
vn -0.5177 0.6559 0.5493
vn -0.1864 0.7724 0.6072
vn -0.1254 -0.7418 0.6589
vn -0.1255 -0.7418 0.6587
vn -0.1255 -0.7419 0.6587
vn -0.1830 -0.4132 0.8921
vn -0.1829 -0.4132 0.8921
vn -0.1829 -0.4131 0.8921
vn -0.2092 -0.0151 0.9778
vn -0.2093 -0.0151 0.9777
vn -0.2050 0.1762 0.9628
vn -0.2048 0.1760 0.9628
vn -0.2049 0.1761 0.9628
vn -0.9776 0.1563 -0.1411
vn -0.9775 0.1565 -0.1413
vn -0.9777 0.1561 -0.1408
vn -0.9774 0.1568 -0.1416
vn -0.9681 -0.2393 -0.0743
vn -0.9681 -0.2392 -0.0743
vn -0.9681 -0.2392 -0.0742
vn -0.5252 -0.8473 0.0790
vn -0.5250 -0.8474 0.0787
vn -0.9830 -0.1759 0.0530
vn -0.9846 0.1615 0.0666
vn -0.9846 0.1616 0.0666
vn -0.9878 0.1333 0.0810
vn -0.9878 0.1336 0.0805
vn -0.9860 -0.1132 0.1227
vn -0.9860 -0.1133 0.1227
vn -0.1380 -0.9824 -0.1260
vn -0.1382 -0.9824 -0.1259
vn -0.1379 -0.9824 -0.1261
vn -0.1378 -0.9824 -0.1262
vn -0.0908 -0.9815 0.1688
vn -0.9724 -0.1791 0.1499
vn -0.9723 -0.1791 0.1499
vn -0.9783 0.1903 0.0817
vn -0.5444 -0.8235 -0.1596
vn -0.5445 -0.8234 -0.1595
vn -0.5441 -0.8236 -0.1600
vn -0.5446 -0.8234 -0.1593
vn -0.9786 0.1526 0.1380
vn -0.5314 -0.8464 0.0335
vn -0.8698 -0.2809 -0.4056
vn -0.8698 -0.2810 -0.4055
vn -0.8699 -0.2818 -0.4048
vn -0.8697 -0.2803 -0.4062
vn -0.5613 -0.6818 -0.4691
vn -0.5611 -0.6819 -0.4692
vn -0.5615 -0.6818 -0.4689
vn -0.5618 -0.6817 -0.4687
vn -0.1564 -0.8875 -0.4335
vn -0.1567 -0.8875 -0.4333
vn -0.1565 -0.8875 -0.4335
vn -0.1565 -0.8875 -0.4334
vn -0.0412 0.2170 0.9753
vn 0.0412 -0.2170 -0.9753
vn 0.3018 0.9332 -0.1949
vn 0.9525 -0.2863 0.1039
vn -0.3018 -0.9332 0.1949
vn -0.9525 0.2863 -0.1039
vn 0.0421 0.2170 0.9753
vn -0.0421 -0.2170 -0.9753
vn -0.3025 0.9331 -0.1946
vn -0.9522 -0.2868 0.1049
vn 0.3025 -0.9331 0.1946
vn 0.9522 0.2868 -0.1049
vn -0.1033 0.7125 -0.6940
vn 0.3775 -0.8480 -0.3720
vn -0.2622 -0.8761 0.4047
vn -0.7380 0.6693 0.0855
vn 0.1021 0.7126 -0.6941
vn -0.3774 -0.8482 -0.3716
vn 0.2631 -0.8759 0.4044
vn 0.7378 0.6697 0.0848
vn -0.1460 0.6939 -0.7052
vn -0.1463 0.6939 -0.7051
vn -0.1462 0.6939 -0.7051
vn 0.3299 -0.8605 -0.3883
vn 0.3296 -0.8606 -0.3882
vn 0.3297 -0.8606 -0.3882
vn -0.2398 -0.8639 0.4429
vn -0.2398 -0.8640 0.4428
vn -0.2398 -0.8640 0.4427
vn -0.7136 0.6894 0.1243
vn -0.7136 0.6894 0.1244
vn -0.1766 0.6934 -0.6985
vn 0.2693 -0.8759 -0.4005
vn 0.2693 -0.8758 -0.4005
vn 0.2693 -0.8759 -0.4004
vn -0.2101 -0.8462 0.4897
vn -0.6570 0.7299 0.1888
vn -0.6570 0.7298 0.1888
vn -0.1776 0.7136 -0.6776
vn 0.2066 -0.8893 -0.4080
vn 0.2067 -0.8893 -0.4080
vn -0.1694 -0.8261 0.5375
vn -0.1693 -0.8261 0.5375
vn -0.1695 -0.8261 0.5374
vn -0.5579 0.7865 0.2650
vn -0.5579 0.7864 0.2650
vn -0.1363 0.7477 -0.6499
vn -0.1362 0.7477 -0.6499
vn 0.1569 -0.8985 -0.4099
vn -0.1182 -0.8076 0.5777
vn -0.4165 0.8448 0.3360
vn -0.0549 0.7785 -0.6252
vn 0.1269 -0.9033 -0.4097
vn -0.0606 -0.7947 0.6040
vn -0.2451 0.8885 0.3880
vn 0.0478 0.7913 -0.6096
vn 0.0478 0.7912 -0.6096
vn 0.1081 -0.9052 -0.4110
vn 0.1080 -0.9052 -0.4110
vn 0.1080 -0.9052 -0.4111
vn -0.0034 -0.7891 0.6143
vn -0.0035 -0.7891 0.6143
vn -0.0641 0.9072 0.4158
vn -0.0638 0.9073 0.4157
vn -0.0637 0.9073 0.4157
vn -0.0638 0.9072 0.4157
vn 0.1586 0.7841 -0.6001
vn 0.1586 0.7840 -0.6001
vn 0.0879 -0.9053 -0.4157
vn 0.0878 -0.9052 -0.4157
vn 0.0878 -0.9053 -0.4157
vn 0.0437 -0.7896 0.6120
vn 0.1109 0.9005 0.4204
vn 0.1452 0.6939 -0.7053
vn 0.1452 0.6939 -0.7052
vn -0.3296 -0.8607 -0.3879
vn -0.3298 -0.8606 -0.3880
vn -0.3296 -0.8608 -0.3879
vn 0.2407 -0.8637 0.4429
vn 0.2406 -0.8639 0.4425
vn 0.2407 -0.8639 0.4425
vn 0.7134 0.6897 0.1237
vn 0.7134 0.6898 0.1236
vn 0.7134 0.6898 0.1237
vn 0.1756 0.6935 -0.6987
vn -0.2692 -0.8760 -0.4002
vn 0.2110 -0.8461 0.4895
vn 0.6568 0.7302 0.1881
vn 0.6568 0.7302 0.1882
vn 0.6569 0.7302 0.1882
vn 0.1766 0.7137 -0.6778
vn -0.2066 -0.8894 -0.4078
vn -0.2067 -0.8894 -0.4077
vn 0.1704 -0.8260 0.5373
vn 0.1703 -0.8260 0.5373
vn 0.5578 0.7867 0.2645
vn 0.5578 0.7867 0.2644
vn 0.5578 0.7868 0.2644
vn 0.1352 0.7478 -0.6500
vn -0.1568 -0.8986 -0.4098
vn -0.1569 -0.8986 -0.4098
vn 0.1192 -0.8076 0.5776
vn 0.1191 -0.8076 0.5776
vn 0.4164 0.8450 0.3356
vn 0.0539 0.7785 -0.6253
vn 0.0539 0.7786 -0.6253
vn -0.1269 -0.9034 -0.4096
vn -0.1268 -0.9034 -0.4096
vn 0.0616 -0.7947 0.6039
vn 0.2451 0.8886 0.3877
vn 0.2450 0.8886 0.3877
vn -0.0488 0.7912 -0.6096
vn -0.1081 -0.9052 -0.4109
vn -0.1081 -0.9053 -0.4109
vn -0.1080 -0.9052 -0.4109
vn -0.1080 -0.9052 -0.4110
vn 0.0044 -0.7891 0.6142
vn 0.0045 -0.7891 0.6143
vn 0.0044 -0.7891 0.6143
vn 0.0635 0.9073 0.4156
vn 0.0638 0.9073 0.4157
vn 0.0637 0.9073 0.4156
vn 0.0636 0.9073 0.4156
vn -0.1596 0.7840 -0.5999
vn -0.1595 0.7840 -0.6000
vn -0.0877 -0.9053 -0.4156
vn -0.0878 -0.9053 -0.4156
vn -0.0427 -0.7896 0.6121
vn -0.0427 -0.7897 0.6121
vn -0.1109 0.9005 0.4205
vn -0.1110 0.9005 0.4205
usemtl Worker_Yellow
s off
f 8777/8673/7659 8778/8674/7659 8779/8675/7659
f 8780/8676/7659 8779/8675/7659 8778/8674/7659
f 8781/8677/7660 8782/8678/7660 8783/8679/7660
f 8784/8680/7660 8783/8679/7660 8782/8678/7660
f 8809/8681/7661 8810/8682/7661 8811/8683/7661
f 8812/8684/7661 8813/8685/7661 8814/8686/7661
f 8823/8687/7662 8824/8688/7662 8825/8689/7662
f 8826/8690/7662 8825/8689/7662 8824/8688/7662
f 8827/8691/7660 8828/8692/7660 8829/8693/7660
f 8830/8694/7660 8829/8693/7660 8828/8692/7660
f 8831/8695/7663 8832/8696/7663 8833/8697/7663
f 8834/8698/7663 8833/8697/7663 8832/8696/7663
f 8835/8699/7664 8836/8700/7664 8837/8701/7664
f 8838/8702/7664 8837/8701/7664 8836/8700/7664
f 8839/8703/7665 8840/8704/7665 8841/8705/7665
f 8840/8704/7665 8839/8703/7665 8842/8706/7665
f 8843/8707/7659 8844/8708/7659 8845/8709/7659
f 8847/8710/7666 8848/8711/7666 8849/8712/7666
f 8848/8711/7666 8847/8710/7666 8850/8713/7666
f 8898/8714/7667 8897/8715/7667 8896/8716/7667
f 9087/8717/7668 9088/8718/7668 9089/8719/7668
f 9087/8717/7668 9090/8720/7668 9088/8718/7668
f 9091/8721/7669 9092/8722/7669 9093/8723/7669
f 9091/8721/7669 9094/8724/7669 9092/8722/7669
f 8810/8682/7661 9119/8725/7661 8811/8683/7661
f 8810/8682/7661 8809/8681/7661 9120/8726/7661
f 9119/8725/7661 8810/8682/7661 9121/8727/7661
f 8813/8685/7661 9122/8728/7661 8814/8686/7661
f 8813/8685/7661 8812/8684/7661 9123/8729/7661
f 9122/8728/7661 8813/8685/7661 9124/8730/7661
f 9125/8731/7661 9126/8732/7661 9127/8733/7661
f 9126/8732/7661 9125/8731/7661 9128/8734/7661
f 9126/8732/7661 9129/8735/7661 9127/8733/7661
f 9126/8732/7661 9130/8736/7661 9129/8735/7661
f 9135/8737/7661 9136/8738/7661 9137/8739/7661
f 9136/8738/7661 9138/8740/7661 9139/8741/7661
f 9136/8738/7661 9139/8741/7661 9137/8739/7661
f 9136/8738/7661 9135/8737/7661 9140/8742/7661
f 9145/8743/7670 9146/8744/7670 9147/8745/7670
f 9145/8743/7670 9147/8745/7670 9148/8746/7670
f 9149/8747/7669 9150/8748/7669 9151/8749/7669
f 9149/8747/7669 9151/8749/7669 9152/8750/7669
f 9153/8751/7671 9154/8752/7671 9155/8753/7671
f 9155/8753/7671 9156/8754/7671 9153/8751/7671
f 9157/8755/7672 9158/8756/7672 9159/8757/7672
f 9157/8755/7673 9160/8758/7673 9158/8756/7673
f 9161/8759/7674 9162/8760/7674 9163/8761/7674
f 9162/8760/7674 9161/8759/7674 9164/8762/7674
f 9165/8763/7668 9168/8764/7668 9166/8765/7668
f 9169/8766/7675 9170/8767/7675 9171/8768/7675
f 9170/8767/7675 9169/8766/7675 9172/8769/7675
f 9173/8770/7676 9174/8771/7676 9175/8772/7676
f 9175/8772/7676 9176/8773/7676 9173/8770/7676
f 9217/8774/7677 9218/8775/7677 9219/8776/7677
f 9237/8777/7678 9238/8778/7678 9239/8779/7678
f 9240/8780/7679 9238/8778/7679 9237/8777/7679
s 1
f 8673/8781/7680 8674/8782/7680 8675/8783/7680
f 8674/8782/7680 8673/8781/7680 8676/8784/7680
f 8677/8785/7681 8678/8786/7682 8679/8787/7681
f 8678/8786/7682 8677/8785/7681 8680/8788/7682
f 8681/8789/7683 8682/8790/7684 8683/8791/7684
f 8682/8790/7684 8681/8789/7683 8684/8792/7683
f 8685/8793/7685 8686/8794/7686 8687/8795/7686
f 8688/8796/7686 8687/8795/7686 8686/8794/7686
f 8689/8797/7687 8690/8798/7688 8691/8799/7688
f 8690/8798/7688 8689/8797/7687 8692/8800/7688
f 8693/8801/7689 8694/8802/7689 8695/8803/7689
f 8696/8804/7689 8695/8803/7689 8694/8802/7689
f 8697/8805/7690 8698/8806/7690 8699/8807/7691
f 8700/8808/7690 8698/8806/7690 8697/8805/7690
f 8701/8809/7692 8702/8810/7693 8703/8811/7693
f 8704/8812/7693 8702/8810/7693 8701/8809/7692
f 8705/8813/7694 8706/8814/7694 8707/8815/7695
f 8706/8814/7694 8705/8813/7694 8708/8816/7694
f 8709/8817/7696 8710/8818/7697 8711/8819/7698
f 8710/8818/7697 8709/8817/7696 8712/8820/7697
f 8713/8821/7699 8714/8822/7700 8715/8823/7699
f 8714/8822/7700 8713/8821/7699 8716/8824/7701
f 8717/8825/7702 8718/8826/7703 8719/8827/7704
f 8718/8826/7703 8717/8825/7702 8720/8828/7705
f 8721/8829/7706 8722/8830/7706 8723/8831/7706
f 8722/8830/7706 8721/8829/7706 8724/8832/7706
f 8725/8833/7707 8726/8834/7707 8727/8835/7707
f 8726/8834/7707 8725/8833/7707 8728/8836/7707
f 8729/8837/7708 8730/8838/7709 8731/8839/7708
f 8730/8838/7709 8729/8837/7708 8732/8840/7708
f 8733/8841/7710 8734/8842/7711 8735/8843/7712
f 8736/8844/7713 8733/8841/7710 8735/8843/7712
f 8737/8845/7714 8738/8846/7714 8739/8847/7715
f 8738/8846/7714 8737/8845/7714 8740/8848/7714
f 8741/8849/7716 8742/8850/7717 8743/8851/7717
f 8742/8850/7717 8741/8849/7716 8744/8852/7717
f 8745/8853/7718 8746/8854/7719 8747/8855/7720
f 8746/8854/7719 8745/8853/7718 8748/8856/7718
f 8749/8857/7721 8750/8858/7722 8751/8859/7722
f 8750/8858/7722 8749/8857/7721 8752/8860/7723
f 8753/8861/7724 8754/8862/7724 8755/8863/7724
f 8754/8862/7724 8753/8861/7724 8756/8864/7724
f 8757/8865/7725 8758/8866/7725 8759/8867/7725
f 8758/8866/7725 8757/8865/7725 8760/8868/7725
f 8761/8869/7726 8762/8870/7727 8763/8871/7726
f 8762/8870/7727 8761/8869/7726 8764/8872/7726
f 8765/8873/7728 8766/8874/7729 8767/8875/7730
f 8767/8875/7730 8768/8876/7729 8765/8873/7728
f 8769/8877/7731 8770/8878/7731 8771/8879/7731
f 8770/8878/7731 8769/8877/7731 8772/8880/7731
f 8773/8881/7732 8774/8882/7733 8775/8883/7734
f 8774/8882/7733 8773/8881/7732 8776/8884/7733
f 8785/8885/7735 8786/8886/7735 8787/8887/7735
f 8788/8888/7735 8787/8887/7735 8786/8886/7735
f 8789/8889/7736 8790/8890/7736 8791/8891/7737
f 8792/8892/7736 8790/8890/7736 8789/8889/7736
f 8793/8893/7738 8794/8894/7738 8795/8895/7738
f 8794/8894/7738 8793/8893/7738 8796/8896/7738
f 8797/8897/7739 8798/8898/7739 8799/8899/7740
f 8800/8900/7740 8797/8897/7739 8799/8899/7740
f 8801/8901/7741 8802/8902/7742 8803/8903/7741
f 8802/8902/7742 8801/8901/7741 8804/8904/7741
f 8805/8905/7743 8806/8906/7744 8807/8907/7743
f 8806/8906/7744 8805/8905/7743 8808/8908/7743
f 8815/8909/7745 8816/8910/7745 8817/8911/7745
f 8816/8910/7745 8815/8909/7745 8818/8912/7745
f 8819/8913/7746 8820/8914/7746 8821/8915/7746
f 8819/8913/7746 8822/8916/7746 8820/8914/7746
f 8846/8917/7659 8845/8709/7659 8844/8708/7659
f 8851/8918/7747 8852/8919/7747 8853/8920/7747
f 8854/8921/7747 8853/8920/7747 8852/8919/7747
f 8855/8922/7748 8856/8923/7749 8857/8924/7750
f 8856/8923/7749 8855/8922/7748 8858/8925/7751
f 8859/8926/7752 8860/8927/7753 8861/8928/7752
f 8860/8927/7753 8859/8926/7752 8862/8929/7752
f 8863/8930/7754 8864/8931/7755 8865/8932/7756
f 8864/8931/7755 8863/8930/7754 8866/8933/7757
f 8867/8934/7758 8868/8935/7759 8869/8936/7759
f 8870/8937/7759 8867/8934/7758 8869/8936/7759
f 8871/8938/7760 8872/8939/7761 8873/8940/7762
f 8872/8939/7761 8871/8938/7760 8874/8941/7761
f 8875/8942/7763 8876/8943/7764 8877/8944/7764
f 8876/8943/7764 8875/8942/7763 8878/8945/7764
f 8879/8946/7765 8880/8947/7765 8881/8948/7765
f 8880/8947/7765 8879/8946/7765 8882/8949/7765
f 8883/8950/7766 8884/8951/7766 8885/8952/7767
f 8886/8953/7766 8885/8952/7767 8884/8951/7766
f 8887/8954/7768 8888/8955/7768 8889/8956/7769
f 8890/8957/7768 8887/8954/7768 8889/8956/7769
f 8891/8958/7770 8892/8959/7771 8893/8960/7772
f 8894/8961/7772 8891/8958/7770 8893/8960/7772
f 8895/8962/7773 8896/8716/7773 8897/8715/7773
f 8899/8963/7774 8900/8964/7775 8901/8965/7776
f 8900/8964/7775 8899/8963/7774 8902/8966/7776
f 8903/8967/7777 8904/8968/7777 8905/8969/7777
f 8904/8968/7777 8903/8967/7777 8906/8970/7777
f 8907/8971/7778 8908/8972/7778 8909/8973/7779
f 8908/8972/7778 8907/8971/7778 8910/8974/7779
f 8911/8975/7780 8912/8976/7780 8913/8977/7780
f 8914/8978/7780 8911/8975/7780 8913/8977/7780
f 8915/8979/7781 8916/8980/7782 8917/8981/7783
f 8918/8982/7784 8915/8979/7781 8917/8981/7783
f 8919/8983/7785 8920/8984/7785 8921/8985/7785
f 8920/8984/7785 8919/8983/7785 8922/8986/7785
f 8923/8987/7786 8924/8988/7787 8925/8989/7787
f 8924/8988/7787 8923/8987/7786 8926/8990/7787
f 8927/8991/7788 8928/8992/7788 8929/8993/7788
f 8928/8992/7788 8927/8991/7788 8930/8994/7788
f 8931/8995/7789 8932/8996/7789 8933/8997/7789
f 8932/8996/7789 8931/8995/7789 8934/8998/7789
f 8935/8999/7790 8936/9000/7791 8937/9001/7791
f 8936/9000/7791 8935/8999/7790 8938/9002/7791
f 8939/9003/7792 8940/9004/7793 8941/9005/7794
f 8940/9004/7793 8939/9003/7792 8942/9006/7792
f 8943/9007/7795 8944/9008/7795 8945/9009/7795
f 8946/9010/7795 8945/9009/7795 8944/9008/7795
f 8947/9011/7796 8948/9012/7797 8949/9013/7798
f 8948/9012/7797 8947/9011/7796 8950/9014/7798
f 8951/9015/7799 8952/9016/7800 8953/9017/7800
f 8952/9016/7800 8951/9015/7799 8954/9018/7799
f 8955/9019/7801 8956/9020/7802 8957/9021/7802
f 8956/9020/7802 8955/9019/7801 8958/9022/7802
f 8959/9023/7803 8960/9024/7803 8961/9025/7803
f 8960/9024/7803 8959/9023/7803 8962/9026/7803
f 8963/9027/7804 8964/9028/7805 8965/9029/7805
f 8964/9028/7805 8963/9027/7804 8966/9030/7804
f 8967/9031/7806 8968/9032/7807 8969/9033/7808
f 8968/9032/7807 8967/9031/7806 8970/9034/7809
f 8971/9035/7810 8972/9036/7811 8973/9037/7811
f 8972/9036/7811 8971/9035/7810 8974/9038/7811
f 8975/9039/7812 8976/9040/7813 8977/9041/7814
f 8976/9040/7813 8975/9039/7812 8978/9042/7814
f 8979/9043/7815 8980/9044/7815 8981/9045/7815
f 8980/9044/7815 8979/9043/7815 8982/9046/7815
f 8983/9047/7816 8984/9048/7816 8985/9049/7816
f 8984/9048/7816 8983/9047/7816 8986/9050/7816
f 8987/9051/7817 8988/9052/7817 8989/9053/7817
f 8988/9052/7817 8987/9051/7817 8990/9054/7818
f 8991/9055/7819 8992/9056/7820 8993/9057/7819
f 8992/9056/7820 8991/9055/7819 8994/9058/7820
f 8995/9059/7821 8996/9060/7821 8997/9061/7821
f 8995/9059/7821 8998/9062/7821 8996/9060/7821
f 8999/9063/7822 9000/9064/7822 9001/9065/7823
f 9000/9064/7822 8999/9063/7822 9002/9066/7823
f 9003/9067/7824 9004/9068/7824 9005/9069/7824
f 9003/9067/7824 9005/9069/7824 9006/9070/7824
f 9007/9071/7825 9008/9072/7825 9009/9073/7825
f 9009/9073/7825 9010/9074/7825 9007/9071/7825
f 9011/9075/7826 9012/9076/7826 9013/9077/7826
f 9011/9075/7826 9014/9078/7827 9012/9076/7826
f 9015/9079/7828 9016/9080/7828 9017/9081/7828
f 9016/9080/7828 9015/9079/7828 9018/9082/7828
f 9019/9083/7829 9020/9084/7830 9021/9085/7830
f 9022/9086/7829 9020/9084/7830 9019/9083/7829
f 9023/9087/7831 9024/9088/7832 9025/9089/7832
f 9026/9090/7832 9024/9088/7832 9023/9087/7831
f 9027/9091/7833 9028/9092/7833 9029/9093/7834
f 9027/9091/7833 9029/9093/7834 9030/9094/7833
f 9031/9095/7835 9032/9096/7835 9033/9097/7835
f 9032/9096/7835 9031/9095/7835 9034/9098/7835
f 9035/9099/7836 9036/9100/7837 9037/9101/7836
f 9035/9099/7836 9037/9101/7836 9038/9102/7837
f 9039/9103/7838 9040/9104/7838 9041/9105/7838
f 9040/9104/7838 9039/9103/7838 9042/9106/7838
f 9043/9107/7839 9044/9108/7840 9045/9109/7841
f 9046/9110/7841 9044/9108/7840 9043/9107/7839
f 9047/9111/7842 9048/9112/7842 9049/9113/7842
f 9048/9112/7842 9047/9111/7842 9050/9114/7842
f 9051/9115/7843 9052/9116/7844 9053/9117/7843
f 9051/9115/7843 9054/9118/7843 9052/9116/7844
f 9055/9119/7845 9056/9120/7845 9057/9121/7846
f 9055/9119/7845 9057/9121/7846 9058/9122/7845
f 9059/9123/7847 9060/9124/7848 9061/9125/7848
f 9059/9123/7847 9061/9125/7848 9062/9126/7849
f 9063/9127/7850 9064/9128/7851 9065/9129/7850
f 9064/9128/7851 9063/9127/7850 9066/9130/7850
f 9067/9131/7852 9068/9132/7853 9069/9133/7852
f 9067/9131/7852 9070/9134/7853 9068/9132/7853
f 9071/9135/7854 9072/9136/7855 9073/9137/7856
f 9072/9136/7855 9071/9135/7854 9074/9138/7856
f 9075/9139/7857 9076/9140/7858 9077/9141/7859
f 9078/9142/7857 9076/9140/7858 9075/9139/7857
f 9079/9143/7860 9080/9144/7861 9081/9145/7862
f 9080/9144/7861 9079/9143/7860 9082/9146/7862
f 9083/9147/7863 9084/9148/7863 9085/9149/7864
f 9083/9147/7863 9086/9150/7864 9084/9148/7863
f 9095/9151/7865 9096/9152/7865 9097/9153/7866
f 9095/9151/7865 9097/9153/7866 9098/9154/7865
f 9099/9155/7867 9100/9156/7867 9101/9157/7867
f 9100/9156/7867 9099/9155/7867 9102/9158/7867
f 9103/9159/7868 9104/9160/7868 9105/9161/7868
f 9106/9162/7868 9105/9161/7868 9104/9160/7868
f 9107/9163/7869 9108/9164/7869 9109/9165/7869
f 9108/9164/7869 9107/9163/7869 9110/9166/7869
f 9111/9167/7870 9112/9168/7871 9113/9169/7871
f 9112/9168/7871 9111/9167/7870 9114/9170/7871
f 9115/9171/7872 9116/9172/7872 9117/9173/7873
f 9116/9172/7872 9115/9171/7872 9118/9174/7874
f 9131/9175/7875 9132/9176/7875 9133/9177/7876
f 9132/9176/7875 9131/9175/7875 9134/9178/7875
f 9141/9179/7877 9142/9180/7877 9143/9181/7877
f 9144/9182/7877 9142/9180/7877 9141/9179/7877
f 9165/8763/7668 9166/8765/7668 9167/9183/7668
f 9177/9184/7878 9178/9185/7879 9179/9186/7880
f 9178/9185/7879 9177/9184/7878 9180/9187/7880
f 9181/9188/7881 9182/9189/7882 9183/9190/7881
f 9181/9188/7881 9184/9191/7881 9182/9189/7882
f 9185/9192/7883 9186/9193/7883 9187/9194/7884
f 9186/9193/7883 9185/9192/7883 9188/9195/7885
f 9189/9196/7886 9190/9197/7886 9191/9198/7886
f 9189/9196/7886 9191/9198/7886 9192/9199/7887
f 9193/9200/7888 9194/9201/7889 9195/9202/7889
f 9194/9201/7889 9193/9200/7888 9196/9203/7889
f 9197/9204/7890 9198/9205/7890 9199/9206/7890
f 9198/9205/7890 9197/9204/7890 9200/9207/7890
f 9201/9208/7891 9202/9209/7891 9203/9210/7891
f 9202/9209/7891 9201/9208/7891 9204/9211/7891
f 9205/9212/7892 9206/9213/7892 9207/9214/7892
f 9207/9214/7892 9208/9215/7892 9205/9212/7892
f 9209/9216/7893 9210/9217/7894 9211/9218/7893
f 9212/9219/7893 9210/9217/7894 9209/9216/7893
f 9213/9220/7895 9214/9221/7896 9215/9222/7897
f 9216/9223/7898 9214/9221/7896 9213/9220/7895
f 9217/8774/7899 9220/9224/7899 9218/8775/7899
f 9221/9225/7900 9222/9226/7901 9223/9227/7900
f 9222/9226/7901 9221/9225/7900 9224/9228/7900
f 9225/9229/7902 9226/9230/7903 9227/9231/7903
f 9226/9230/7903 9225/9229/7902 9228/9232/7903
f 9229/9233/7904 9230/9234/7905 9231/9235/7905
f 9230/9234/7905 9229/9233/7904 9232/9236/7906
f 9233/9237/7907 9234/9238/7908 9235/9239/7909
f 9236/9240/7909 9234/9238/7908 9233/9237/7907
f 9241/9241/7910 9242/9242/7911 9243/9243/7911
f 9242/9242/7911 9241/9241/7910 9244/9244/7911
f 9245/9245/7912 9246/9246/7912 9247/9247/7912
f 9245/9245/7912 9247/9247/7912 9248/9248/7912
f 9249/9249/7913 9250/9250/7914 9251/9251/7913
f 9249/9249/7913 9252/9252/7914 9250/9250/7914
f 9253/9253/7915 9254/9254/7915 9255/9255/7916
f 9254/9254/7915 9253/9253/7915 9256/9256/7916
f 9257/9257/7917 9258/9258/7917 9259/9259/7917
f 9257/9257/7917 9259/9259/7917 9260/9260/7917
f 9261/9261/7918 9262/9262/7919 9263/9263/7918
f 9261/9261/7918 9264/9264/7918 9262/9262/7919
f 9265/9265/7920 9266/9266/7920 9267/9267/7920
f 9266/9266/7920 9265/9265/7920 9268/9268/7920
f 9269/9269/7921 9270/9270/7922 9271/9271/7923
f 9270/9270/7922 9269/9269/7921 9272/9272/7923
f 9273/9273/7924 9274/9274/7924 9275/9275/7925
f 9274/9274/7924 9273/9273/7924 9276/9276/7924
f 9277/9277/7926 9278/9278/7926 9279/9279/7926
f 9279/9279/7926 9280/9280/7926 9277/9277/7926
f 9281/9281/7927 9282/9282/7927 9283/9283/7928
f 9284/9284/7928 9281/9281/7927 9283/9283/7928
f 9285/9285/7929 9286/9286/7929 9287/9287/7929
f 9286/9286/7929 9285/9285/7929 9288/9288/7929
f 9289/9289/7930 9290/9290/7931 9291/9291/7932
f 9292/9292/7933 9290/9290/7931 9289/9289/7930
f 9293/9293/7934 9294/9294/7935 9295/9295/7934
f 9296/9296/7934 9294/9294/7935 9293/9293/7934
f 9297/9297/7936 9298/9298/7936 9299/9299/7936
f 9300/9300/7936 9298/9298/7936 9297/9297/7936
f 9301/9301/7937 9302/9302/7937 9303/9303/7937
f 9302/9302/7937 9301/9301/7937 9304/9304/7937
usemtl Skin
s off
f 9441/9305/7938 9442/9306/7938 9443/9307/7938
f 9443/9307/7939 9442/9306/7939 9444/9308/7939
f 9443/9307/7940 9444/9308/7940 9445/9309/7940
f 9446/9310/7941 9447/9311/7941 9448/9312/7941
f 9449/9313/7942 9450/9314/7942 9451/9315/7942
f 9450/9314/7943 9442/9306/7943 9452/9316/7943
f 9453/9317/7944 9450/9314/7944 9449/9313/7944
f 9454/9318/7945 9441/9305/7945 9455/9319/7945
f 9454/9318/7946 9455/9319/7946 9456/9320/7946
f 9454/9318/7947 9442/9306/7947 9441/9305/7947
f 9442/9306/7948 9447/9311/7948 9446/9310/7948
f 9442/9306/7949 9450/9314/7949 9453/9317/7949
f 9442/9306/7950 9453/9317/7950 9447/9311/7950
f 9442/9306/7951 9454/9318/7951 9452/9316/7951
f 9457/9321/7952 9458/9322/7952 9459/9323/7952
f 9460/9324/7953 9458/9322/7953 9457/9321/7953
f 9461/9325/7954 9462/9326/7954 9463/9327/7954
f 9462/9326/7955 9461/9325/7955 9464/9328/7955
f 9465/9329/7956 9466/9330/7956 9467/9331/7956
f 9466/9330/7957 9465/9329/7957 9468/9332/7957
f 9469/9333/7958 9470/9334/7958 9471/9335/7958
f 9472/9336/7959 9470/9334/7959 9469/9333/7959
f 9473/9337/7960 9474/9338/7960 9475/9339/7960
f 9476/9340/7961 9474/9338/7961 9473/9337/7961
f 9477/9341/7962 9478/9342/7962 9479/9343/7962
f 9478/9342/7963 9477/9341/7963 9480/9344/7963
f 9485/9345/7964 9486/9346/7964 9487/9347/7964
f 9488/9348/7965 9486/9346/7965 9485/9345/7965
f 9489/9349/7966 9490/9350/7966 9491/9351/7966
f 9492/9352/7967 9490/9350/7967 9489/9349/7967
f 9493/9353/7968 9494/9354/7968 9495/9355/7968
f 9496/9356/7969 9494/9354/7969 9493/9353/7969
f 9497/9357/7970 9498/9358/7970 9499/9359/7970
f 9500/9360/7971 9498/9358/7971 9497/9357/7971
f 9501/9361/7972 9502/9362/7972 9503/9363/7972
f 9504/9364/7973 9502/9362/7973 9501/9361/7973
f 9505/9365/7974 9506/9366/7974 9507/9367/7974
f 9506/9366/7975 9505/9365/7975 9508/9368/7975
f 9509/9369/7976 9510/9370/7976 9511/9371/7976
f 9512/9372/7977 9510/9370/7977 9509/9369/7977
f 9513/9373/7978 9514/9374/7978 9515/9375/7978
f 9514/9374/7979 9513/9373/7979 9516/9376/7979
f 9517/9377/7980 9518/9378/7980 9519/9379/7980
f 9520/9380/7981 9518/9378/7981 9517/9377/7981
f 9645/9381/7982 9646/9382/7982 9647/9383/7982
f 9680/9384/7983 9681/9385/7984 9682/9386/7983
f 9681/9385/7985 9680/9384/7985 9683/9387/7985
f 9840/9388/7986 9841/9389/7986 9842/9390/7986
f 9875/9391/7987 9876/9392/7987 9877/9393/7987
f 9878/9394/7988 9876/9392/7988 9875/9391/7988
s 1
f 9305/9395/7989 9306/9396/7989 9307/9397/7989
f 9306/9396/7989 9305/9395/7989 9308/9398/7989
f 9309/9399/7990 9310/9400/7991 9311/9401/7991
f 9310/9400/7991 9309/9399/7990 9312/9402/7990
f 9313/9403/7992 9314/9404/7993 9315/9405/7992
f 9314/9404/7993 9313/9403/7992 9316/9406/7994
f 9317/9407/7995 9318/9408/7996 9319/9409/7995
f 9318/9408/7996 9317/9407/7995 9320/9410/7996
f 9321/9411/7997 9322/9412/7998 9323/9413/7998
f 9322/9412/7998 9321/9411/7997 9324/9414/7999
f 9325/9415/8000 9326/9416/8001 9327/9417/8000
f 9326/9416/8001 9325/9415/8000 9328/9418/8002
f 9329/9419/8003 9330/9420/8003 9331/9421/8004
f 9330/9420/8003 9329/9419/8003 9332/9422/8003
f 9333/9423/8005 9334/9424/8005 9335/9425/8005
f 9334/9424/8005 9333/9423/8005 9336/9426/8005
f 9337/9427/8006 9338/9428/8006 9339/9429/8006
f 9338/9428/8006 9337/9427/8006 9340/9430/8006
f 9341/9431/8007 9342/9432/8008 9343/9433/8007
f 9341/9431/8007 9344/9434/8007 9342/9432/8008
f 9345/9435/8009 9346/9436/8009 9347/9437/8010
f 9346/9436/8009 9345/9435/8009 9348/9438/8010
f 9349/9439/8011 9350/9440/8011 9351/9441/8011
f 9350/9440/8011 9349/9439/8011 9352/9442/8011
f 9353/9443/8012 9354/9444/8012 9355/9445/8013
f 9354/9444/8012 9353/9443/8012 9356/9446/8012
f 9357/9447/8014 9358/9448/8015 9359/9449/8015
f 9358/9448/8015 9357/9447/8014 9360/9450/8014
f 9361/9451/8016 9362/9452/8016 9363/9453/8016
f 9364/9454/8016 9362/9452/8016 9361/9451/8016
f 9365/9455/8017 9366/9456/8018 9367/9457/8017
f 9366/9456/8018 9365/9455/8017 9368/9458/8018
f 9369/9459/8019 9370/9460/8020 9371/9461/8019
f 9371/9461/8019 9372/9462/8019 9369/9459/8019
f 9373/9463/8021 9374/9464/8022 9375/9465/8021
f 9374/9464/8022 9373/9463/8021 9376/9466/8022
f 9377/9467/8023 9378/9468/8023 9379/9469/8023
f 9378/9468/8023 9377/9467/8023 9380/9470/8023
f 9381/9471/8024 9382/9472/8025 9383/9473/8026
f 9382/9472/8025 9381/9471/8024 9384/9474/8027
f 9385/9475/8028 9386/9476/8028 9387/9477/8028
f 9388/9478/8028 9385/9475/8028 9387/9477/8028
f 9389/9479/8029 9390/9480/8030 9391/9481/8029
f 9392/9482/8031 9389/9479/8029 9391/9481/8029
f 9393/9483/8032 9394/9484/8032 9395/9485/8032
f 9394/9484/8032 9393/9483/8032 9396/9486/8033
f 9397/9487/8034 9398/9488/8035 9399/9489/8035
f 9398/9488/8035 9397/9487/8034 9400/9490/8034
f 9401/9491/8036 9402/9492/8036 9403/9493/8036
f 9402/9492/8036 9401/9491/8036 9404/9494/8037
f 9405/9495/8038 9406/9496/8038 9407/9497/8038
f 9406/9496/8038 9405/9495/8038 9408/9498/8038
f 9409/9499/8039 9410/9500/8039 9411/9501/8039
f 9410/9500/8039 9409/9499/8039 9412/9502/8039
f 9413/9503/8040 9414/9504/8041 9415/9505/8042
f 9414/9504/8041 9413/9503/8040 9416/9506/8042
f 9417/9507/8043 9418/9508/8043 9419/9509/8043
f 9418/9508/8043 9417/9507/8043 9420/9510/8044
f 9421/9511/8045 9422/9512/8046 9423/9513/8046
f 9422/9512/8046 9421/9511/8045 9424/9514/8046
f 9425/9515/8047 9426/9516/8048 9427/9517/8048
f 9425/9515/8047 9428/9518/8047 9426/9516/8048
f 9429/9519/8049 9430/9520/8049 9431/9521/8049
f 9430/9520/8049 9429/9519/8049 9432/9522/8050
f 9433/9523/8051 9434/9524/8051 9435/9525/8051
f 9434/9524/8051 9433/9523/8051 9436/9526/8052
f 9437/9527/8053 9438/9528/8054 9439/9529/8053
f 9440/9530/8054 9438/9528/8054 9437/9527/8053
f 9481/9531/8055 9482/9532/8056 9483/9533/8057
f 9484/9534/8058 9482/9532/8056 9481/9531/8055
f 9521/9535/8059 9522/9536/8060 9523/9537/8061
f 9522/9536/8060 9521/9535/8059 9524/9538/8062
f 9525/9539/8063 9526/9540/8064 9527/9541/8065
f 9528/9542/8066 9526/9540/8064 9525/9539/8063
f 9529/9543/8067 9530/9544/8068 9531/9545/8067
f 9532/9546/8068 9531/9545/8067 9530/9544/8068
f 9533/9547/8069 9534/9548/8070 9535/9549/8071
f 9536/9550/8072 9534/9548/8070 9533/9547/8069
f 9537/9551/8073 9538/9552/8074 9539/9553/8075
f 9537/9551/8073 9540/9554/8076 9538/9552/8074
f 9541/9555/8077 9542/9556/8078 9543/9557/8079
f 9544/9558/8080 9542/9556/8078 9541/9555/8077
f 9545/9559/8081 9546/9560/8082 9547/9561/8083
f 9546/9560/8082 9545/9559/8081 9548/9562/8084
f 9549/9563/8085 9550/9564/8086 9551/9565/8087
f 9550/9564/8086 9549/9563/8085 9552/9566/8088
f 9553/9567/8089 9554/9568/8090 9555/9569/8091
f 9554/9568/8090 9553/9567/8089 9556/9570/8092
f 9557/9571/8093 9558/9572/8094 9559/9573/8095
f 9558/9572/8094 9557/9571/8093 9560/9574/8096
f 9561/9575/8097 9562/9576/8097 9563/9577/8098
f 9562/9576/8097 9561/9575/8097 9564/9578/8097
f 9565/9579/8099 9566/9580/8099 9567/9581/8099
f 9566/9580/8099 9565/9579/8099 9568/9582/8099
f 9569/9583/8100 9570/9584/8100 9571/9585/8100
f 9570/9584/8100 9569/9583/8100 9572/9586/8100
f 9573/9587/8101 9574/9588/8102 9575/9589/8102
f 9576/9590/8101 9574/9588/8102 9573/9587/8101
f 9577/9591/8103 9578/9592/8103 9579/9593/8103
f 9578/9592/8103 9577/9591/8103 9580/9594/8103
f 9581/9595/8104 9582/9596/8105 9583/9597/8106
f 9582/9596/8105 9581/9595/8104 9584/9598/8107
f 9585/9599/8108 9586/9600/8108 9587/9601/8109
f 9586/9600/8108 9585/9599/8108 9588/9602/8110
f 9589/9603/8111 9590/9604/8111 9591/9605/8112
f 9590/9604/8111 9589/9603/8111 9592/9606/8113
f 9593/9607/8114 9594/9608/8115 9595/9609/8116
f 9594/9608/8115 9593/9607/8114 9596/9610/8117
f 9597/9611/8118 9598/9612/8118 9599/9613/8119
f 9598/9612/8118 9597/9611/8118 9600/9614/8120
f 9601/9615/8121 9602/9616/8122 9603/9617/8123
f 9602/9616/8122 9601/9615/8121 9604/9618/8124
f 9605/9619/8125 9606/9620/8126 9607/9621/8127
f 9607/9621/8127 9608/9622/8128 9605/9619/8125
f 9609/9623/8129 9610/9624/8129 9611/9625/8130
f 9610/9624/8129 9609/9623/8129 9612/9626/8131
f 9613/9627/8132 9614/9628/8133 9615/9629/8134
f 9614/9628/8133 9613/9627/8132 9616/9630/8135
f 9617/9631/8136 9618/9632/8137 9619/9633/8138
f 9620/9634/8139 9618/9632/8137 9617/9631/8136
f 9621/9635/8140 9622/9636/8141 9623/9637/8142
f 9624/9638/8143 9621/9635/8140 9623/9637/8142
f 9625/9639/8144 9626/9640/8145 9627/9641/8146
f 9626/9640/8145 9625/9639/8144 9628/9642/8147
f 9629/9643/8148 9630/9644/8149 9631/9645/8150
f 9630/9644/8149 9629/9643/8148 9632/9646/8151
f 9633/9647/8152 9634/9648/8153 9635/9649/8154
f 9634/9648/8153 9633/9647/8152 9636/9650/8155
f 9637/9651/8156 9638/9652/8157 9639/9653/8158
f 9638/9652/8157 9637/9651/8156 9640/9654/8159
f 9641/9655/8160 9642/9656/8161 9643/9657/8162
f 9642/9656/8161 9641/9655/8160 9644/9658/8163
f 9648/9659/8164 9649/9660/8165 9650/9661/8166
f 9649/9660/8165 9648/9659/8164 9651/9662/8167
f 9652/9663/8168 9653/9664/8169 9654/9665/8170
f 9653/9664/8169 9652/9663/8168 9655/9666/8171
f 9656/9667/8172 9657/9668/8173 9658/9669/8174
f 9657/9668/8173 9656/9667/8172 9659/9670/8175
f 9660/9671/8176 9661/9672/8177 9662/9673/8178
f 9663/9674/8179 9661/9672/8177 9660/9671/8176
f 9664/9675/8180 9665/9676/8181 9666/9677/8182
f 9665/9676/8181 9664/9675/8180 9667/9678/8183
f 9668/9679/8184 9669/9680/8185 9670/9681/8186
f 9669/9680/8185 9668/9679/8184 9671/9682/8187
f 9672/9683/8188 9673/9684/8189 9674/9685/8190
f 9675/9686/8191 9673/9684/8189 9672/9683/8188
f 9676/9687/8192 9677/9688/8193 9678/9689/8194
f 9677/9688/8193 9676/9687/8192 9679/9690/8195
f 9684/9691/8196 9685/9692/8197 9686/9693/8198
f 9685/9692/8197 9684/9691/8196 9687/9694/8199
f 9688/9695/8200 9689/9696/8201 9690/9697/8202
f 9689/9696/8201 9688/9695/8200 9691/9698/8203
f 9692/9699/8204 9693/9700/8205 9694/9701/8206
f 9693/9700/8205 9692/9699/8204 9695/9702/8207
f 9696/9703/8208 9697/9704/8209 9698/9705/8210
f 9696/9703/8208 9699/9706/8211 9697/9704/8209
f 9700/9707/8212 9701/9708/8213 9702/9709/8214
f 9701/9708/8213 9700/9707/8212 9703/9710/8215
f 9704/9711/8216 9705/9712/8217 9706/9713/8218
f 9705/9712/8217 9704/9711/8216 9707/9714/8219
f 9708/9715/8220 9709/9716/8221 9710/9717/8222
f 9709/9716/8221 9708/9715/8220 9711/9718/8223
f 9712/9719/8224 9713/9720/8225 9714/9721/8226
f 9713/9720/8225 9712/9719/8224 9715/9722/8227
f 9716/9723/8228 9717/9724/8229 9718/9725/8230
f 9717/9724/8229 9716/9723/8228 9719/9726/8231
f 9720/9727/8232 9721/9728/8233 9722/9729/8234
f 9721/9728/8233 9720/9727/8232 9723/9730/8235
f 9724/9731/8236 9725/9732/8237 9726/9733/8238
f 9726/9733/8238 9727/9734/8239 9724/9731/8236
f 9728/9735/8240 9729/9736/8241 9730/9737/8242
f 9729/9736/8241 9728/9735/8240 9731/9738/8243
f 9732/9739/8244 9733/9740/8245 9734/9741/8246
f 9735/9742/8247 9734/9741/8246 9733/9740/8245
f 9736/9743/8248 9737/9744/8249 9738/9745/8250
f 9739/9746/8251 9736/9743/8248 9738/9745/8250
f 9740/9747/8252 9741/9748/8253 9742/9749/8254
f 9743/9750/8255 9741/9748/8253 9740/9747/8252
f 9744/9751/8256 9745/9752/8257 9746/9753/8258
f 9745/9752/8257 9744/9751/8256 9747/9754/8259
f 9748/9755/8260 9749/9756/8261 9750/9757/8262
f 9749/9756/8261 9748/9755/8260 9751/9758/8263
f 9752/9759/8264 9753/9760/8265 9754/9761/8266
f 9753/9760/8265 9752/9759/8264 9755/9762/8267
f 9756/9763/8268 9757/9764/8269 9758/9765/8268
f 9759/9766/8268 9756/9763/8268 9758/9765/8268
f 9760/9767/8270 9761/9768/8270 9762/9769/8271
f 9762/9769/8271 9763/9770/8270 9760/9767/8270
f 9764/9771/8272 9765/9772/8272 9766/9773/8272
f 9766/9773/8272 9767/9774/8272 9764/9771/8272
f 9768/9775/8273 9769/9776/8273 9770/9777/8273
f 9770/9777/8273 9771/9778/8274 9768/9775/8273
f 9772/9779/8275 9773/9780/8275 9774/9781/8275
f 9773/9780/8275 9772/9779/8275 9775/9782/8276
f 9776/9783/8277 9777/9784/8278 9778/9785/8279
f 9777/9784/8278 9776/9783/8277 9779/9786/8280
f 9780/9787/8281 9781/9788/8281 9782/9789/8282
f 9781/9788/8281 9780/9787/8281 9783/9790/8283
f 9784/9791/8284 9785/9792/8285 9786/9793/8286
f 9785/9792/8285 9784/9791/8284 9787/9794/8287
f 9788/9795/8288 9789/9796/8289 9790/9797/8290
f 9789/9796/8289 9788/9795/8288 9791/9798/8291
f 9792/9799/8292 9793/9800/8292 9794/9801/8293
f 9793/9800/8292 9792/9799/8292 9795/9802/8294
f 9796/9803/8295 9797/9804/8296 9798/9805/8297
f 9797/9804/8296 9796/9803/8295 9799/9806/8298
f 9800/9807/8299 9801/9808/8300 9802/9809/8301
f 9801/9808/8300 9800/9807/8299 9803/9810/8302
f 9804/9811/8303 9805/9812/8303 9806/9813/8304
f 9805/9812/8303 9804/9811/8303 9807/9814/8305
f 9808/9815/8306 9809/9816/8307 9810/9817/8308
f 9808/9815/8306 9810/9817/8308 9811/9818/8309
f 9812/9819/8310 9813/9820/8311 9814/9821/8312
f 9812/9819/8310 9814/9821/8312 9815/9822/8313
f 9816/9823/8314 9817/9824/8315 9818/9825/8316
f 9819/9826/8317 9817/9824/8315 9816/9823/8314
f 9820/9827/8318 9821/9828/8319 9822/9829/8320
f 9821/9828/8319 9820/9827/8318 9823/9830/8321
f 9824/9831/8322 9825/9832/8323 9826/9833/8324
f 9825/9832/8323 9824/9831/8322 9827/9834/8325
f 9828/9835/8326 9829/9836/8327 9830/9837/8328
f 9829/9836/8327 9828/9835/8326 9831/9838/8329
f 9832/9839/8330 9833/9840/8331 9834/9841/8332
f 9833/9840/8331 9832/9839/8330 9835/9842/8333
f 9836/9843/8334 9837/9844/8335 9838/9845/8336
f 9838/9845/8336 9839/9846/8337 9836/9843/8334
f 9843/9847/8338 9844/9848/8339 9845/9849/8340
f 9845/9849/8340 9846/9850/8341 9843/9847/8338
f 9847/9851/8342 9848/9852/8343 9849/9853/8344
f 9850/9854/8345 9848/9852/8343 9847/9851/8342
f 9851/9855/8346 9852/9856/8347 9853/9857/8348
f 9851/9855/8346 9854/9858/8349 9852/9856/8347
f 9855/9859/8350 9856/9860/8351 9857/9861/8352
f 9858/9862/8353 9855/9859/8350 9857/9861/8352
f 9859/9863/8354 9860/9864/8355 9861/9865/8356
f 9860/9864/8355 9859/9863/8354 9862/9866/8357
f 9863/9867/8358 9864/9868/8359 9865/9869/8360
f 9866/9870/8361 9863/9867/8358 9865/9869/8360
f 9867/9871/8362 9868/9872/8363 9869/9873/8364
f 9869/9873/8364 9870/9874/8365 9867/9871/8362
f 9871/9875/8366 9872/9876/8367 9873/9877/8368
f 9871/9875/8366 9874/9878/8369 9872/9876/8367
f 9879/9879/8370 9880/9880/8371 9881/9881/8372
f 9880/9880/8371 9879/9879/8370 9882/9882/8373
f 9883/9883/8374 9884/9884/8375 9885/9885/8376
f 9883/9883/8374 9886/9886/8377 9884/9884/8375
f 9887/9887/8378 9888/9888/8379 9889/9889/8380
f 9888/9888/8379 9887/9887/8378 9890/9890/8381
f 9891/9891/8382 9892/9892/8383 9893/9893/8384
f 9892/9892/8383 9891/9891/8382 9894/9894/8385
f 9895/9895/8386 9896/9896/8387 9897/9897/8388
f 9898/9898/8389 9896/9896/8387 9895/9895/8386
f 9899/9899/8390 9900/9900/8391 9901/9901/8392
f 9902/9902/8393 9900/9900/8391 9899/9899/8390
f 9903/9903/8394 9904/9904/8395 9905/9905/8396
f 9904/9904/8395 9903/9903/8394 9906/9906/8397
f 9907/9907/8398 9908/9908/8399 9909/9909/8400
f 9908/9908/8399 9907/9907/8398 9910/9910/8401
usemtl Eyebrows
s off
f 9915/9911/8402 9916/9912/8402 9917/9913/8402
f 9916/9912/8403 9915/9911/8403 9918/9914/8403
f 9919/9915/8404 9920/9916/8404 9921/9917/8404
f 9920/9916/8404 9919/9915/8404 9922/9918/8404
f 9939/9919/8405 9940/9920/8405 9941/9921/8405
f 9941/9921/8406 9942/9922/8406 9939/9919/8406
f 9943/9923/8407 9944/9924/8407 9945/9925/8407
f 9944/9924/8408 9943/9923/8408 9946/9926/8408
f 10019/9927/8409 10020/9928/8409 10021/9929/8409
f 10020/9928/8410 10019/9927/8410 10022/9930/8410
f 10055/9931/8411 10056/9932/8411 10057/9933/8411
f 10083/9934/8412 10084/9935/8412 10085/9936/8412
f 10084/9935/8412 10083/9934/8412 10086/9937/8412
f 10159/9938/8413 10160/9939/8413 10161/9940/8413
f 10160/9939/8413 10159/9938/8413 10162/9941/8413
f 10195/9942/8414 10196/9943/8414 10197/9944/8414
f 10223/9945/8415 10224/9946/8415 10225/9947/8415
f 10224/9946/8415 10223/9945/8415 10226/9948/8415
s 1
f 9911/9949/8416 9912/9950/8416 9913/9951/8416
f 9914/9952/8416 9913/9951/8416 9912/9950/8416
f 9923/9953/8417 9924/9954/8418 9925/9955/8419
f 9924/9954/8418 9923/9953/8417 9926/9956/8418
f 9927/9957/8420 9928/9958/8421 9929/9959/8421
f 9928/9958/8421 9927/9957/8420 9930/9960/8421
f 9931/9961/8422 9932/9962/8423 9933/9963/8422
f 9931/9961/8422 9933/9963/8422 9934/9964/8422
f 9935/9965/8424 9936/9966/8424 9937/9967/8424
f 9936/9966/8424 9935/9965/8424 9938/9968/8424
f 9947/9969/8425 9948/9970/8425 9949/9971/8426
f 9948/9970/8425 9947/9969/8425 9950/9972/8425
f 9951/9973/8427 9952/9974/8428 9953/9975/8428
f 9951/9973/8427 9954/9976/8427 9952/9974/8428
f 9955/9977/8429 9956/9978/8430 9957/9979/8430
f 9956/9978/8430 9955/9977/8429 9958/9980/8430
f 9959/9981/8431 9960/9982/8431 9961/9983/8431
f 9960/9982/8431 9959/9981/8431 9962/9984/8431
f 9963/9985/8432 9964/9986/8433 9965/9987/8432
f 9964/9986/8433 9963/9985/8432 9966/9988/8432
f 9967/9989/8434 9968/9990/8434 9969/9991/8434
f 9968/9990/8434 9967/9989/8434 9970/9992/8434
f 9971/9993/8435 9972/9994/8436 9973/9995/8436
f 9972/9994/8436 9971/9993/8435 9974/9996/8436
f 9975/9997/8437 9976/9998/8438 9977/9999/8438
f 9976/9998/8438 9975/9997/8437 9978/10000/8437
f 9979/10001/8439 9980/10002/8440 9981/10003/8439
f 9980/10002/8440 9979/10001/8439 9982/10004/8439
f 9983/10005/8441 9984/10006/8441 9985/10007/8442
f 9985/10007/8442 9984/10006/8441 9986/10008/8442
f 9987/10009/8443 9988/10010/8443 9989/10011/8443
f 9988/10010/8443 9987/10009/8443 9990/10012/8443
f 9991/10013/8444 9992/10014/8444 9993/10015/8444
f 9992/10014/8444 9991/10013/8444 9994/10016/8444
f 9995/10017/8445 9996/10018/8446 9997/10019/8445
f 9996/10018/8446 9995/10017/8445 9998/10020/8447
f 9999/10021/8448 10000/10022/8448 10001/10023/8448
f 10000/10022/8448 9999/10021/8448 10002/10024/8448
f 10003/10025/8449 10004/10026/8450 10005/10027/8451
f 10004/10026/8450 10003/10025/8449 10006/10028/8451
f 10007/10029/8452 10008/10030/8453 10009/10031/8452
f 10008/10030/8453 10007/10029/8452 10010/10032/8454
f 10011/10033/8455 10012/10034/8455 10013/10035/8455
f 10012/10034/8455 10011/10033/8455 10014/10036/8455
f 10015/10037/8456 10016/10038/8457 10017/10039/8458
f 10016/10038/8457 10015/10037/8456 10018/10040/8458
f 10023/10041/8459 10024/10042/8460 10025/10043/8461
f 10024/10042/8460 10023/10041/8459 10026/10044/8462
f 10027/10045/8463 10028/10046/8463 10029/10047/8463
f 10030/10048/8464 10028/10046/8463 10027/10045/8463
f 10031/10049/8465 10032/10050/8466 10033/10051/8465
f 10032/10050/8466 10031/10049/8465 10034/10052/8465
f 10035/10053/8467 10036/10054/8467 10037/10055/8467
f 10036/10054/8467 10035/10053/8467 10038/10056/8467
f 10039/10057/8468 10040/10058/8469 10041/10059/8470
f 10042/10060/8469 10040/10058/8469 10039/10057/8468
f 10043/10061/8471 10044/10062/8472 10045/10063/8471
f 10044/10062/8472 10043/10061/8471 10046/10064/8471
f 10047/10065/8473 10048/10066/8474 10049/10067/8475
f 10048/10066/8474 10047/10065/8473 10050/10068/8473
f 10051/10069/8476 10052/10070/8477 10053/10071/8478
f 10052/10070/8477 10051/10069/8476 10054/10072/8479
f 10056/9932/8480 10055/9931/8480 10058/10073/8480
f 10059/10074/8481 10060/10075/8481 10061/10076/8481
f 10060/10075/8481 10059/10074/8481 10062/10077/8481
f 10063/10078/8482 10064/10079/8482 10065/10080/8482
f 10064/10079/8482 10063/10078/8482 10066/10081/8482
f 10067/10082/8483 10068/10083/8483 10069/10084/8483
f 10068/10083/8483 10067/10082/8483 10070/10085/8483
f 10071/10086/8484 10072/10087/8485 10073/10088/8486
f 10072/10087/8485 10071/10086/8484 10074/10089/8487
f 10075/10090/8488 10076/10091/8489 10077/10092/8488
f 10076/10091/8489 10075/10090/8488 10078/10093/8488
f 10079/10094/8490 10080/10095/8490 10081/10096/8490
f 10080/10095/8490 10079/10094/8490 10082/10097/8490
f 10087/10098/8491 10088/10099/8492 10089/10100/8493
f 10088/10099/8492 10087/10098/8491 10090/10101/8494
f 10091/10102/8495 10092/10103/8496 10093/10104/8497
f 10092/10103/8496 10091/10102/8495 10094/10105/8498
f 10095/10106/8499 10096/10107/8500 10097/10108/8501
f 10096/10107/8500 10095/10106/8499 10098/10109/8502
f 10099/10110/8503 10100/10111/8503 10101/10112/8503
f 10100/10111/8503 10099/10110/8503 10102/10113/8503
f 10103/10114/8504 10104/10115/8504 10105/10116/8504
f 10106/10117/8504 10104/10115/8504 10103/10114/8504
f 10107/10118/8505 10108/10119/8505 10109/10120/8505
f 10108/10119/8505 10107/10118/8505 10110/10121/8505
f 10111/10122/8506 10112/10123/8507 10113/10124/8507
f 10112/10123/8507 10111/10122/8506 10114/10125/8507
f 10115/10126/8508 10116/10127/8508 10117/10128/8508
f 10117/10128/8508 10118/10129/8509 10115/10126/8508
f 10119/10130/8510 10120/10131/8510 10121/10132/8510
f 10120/10131/8510 10119/10130/8510 10122/10133/8510
f 10123/10134/8511 10124/10135/8512 10125/10136/8511
f 10126/10137/8512 10123/10134/8511 10125/10136/8511
f 10127/10138/8513 10128/10139/8514 10129/10140/8514
f 10128/10139/8514 10127/10138/8513 10130/10141/8514
f 10131/10142/8515 10132/10143/8515 10133/10144/8515
f 10132/10143/8515 10131/10142/8515 10134/10145/8515
f 10135/10146/8516 10136/10147/8517 10137/10148/8516
f 10137/10148/8516 10138/10149/8516 10135/10146/8516
f 10139/10150/8518 10140/10151/8518 10141/10152/8518
f 10141/10152/8518 10142/10153/8518 10139/10150/8518
f 10143/10154/8519 10144/10155/8520 10145/10156/8520
f 10144/10155/8520 10143/10154/8519 10146/10157/8521
f 10147/10158/8522 10148/10159/8523 10149/10160/8524
f 10148/10159/8523 10147/10158/8522 10150/10161/8522
f 10151/10162/8525 10152/10163/8526 10153/10164/8525
f 10151/10162/8525 10154/10165/8526 10152/10163/8526
f 10155/10166/8527 10156/10167/8528 10157/10168/8529
f 10155/10166/8527 10158/10169/8529 10156/10167/8528
f 10163/10170/8530 10164/10171/8531 10165/10172/8532
f 10164/10171/8531 10163/10170/8530 10166/10173/8533
f 10167/10174/8534 10168/10175/8534 10169/10176/8535
f 10167/10174/8534 10170/10177/8536 10168/10175/8534
f 10171/10178/8537 10172/10179/8538 10173/10180/8538
f 10171/10178/8537 10174/10181/8538 10172/10179/8538
f 10175/10182/8539 10176/10183/8539 10177/10184/8539
f 10176/10183/8539 10175/10182/8539 10178/10185/8539
f 10179/10186/8540 10180/10187/8540 10181/10188/8541
f 10181/10188/8541 10182/10189/8540 10179/10186/8540
f 10183/10190/8542 10184/10191/8543 10185/10192/8542
f 10184/10191/8543 10183/10190/8542 10186/10193/8542
f 10187/10194/8544 10188/10195/8544 10189/10196/8544
f 10188/10195/8544 10187/10194/8544 10190/10197/8545
f 10191/10198/8546 10192/10199/8547 10193/10200/8548
f 10191/10198/8546 10193/10200/8548 10194/10201/8549
f 10197/9944/8414 10198/10202/8414 10195/9942/8414
f 10199/10203/8550 10200/10204/8550 10201/10205/8550
f 10200/10204/8550 10199/10203/8550 10202/10206/8550
f 10203/10207/8551 10204/10208/8552 10205/10209/8551
f 10203/10207/8551 10205/10209/8551 10206/10210/8551
f 10207/10211/8553 10208/10212/8553 10209/10213/8553
f 10208/10212/8553 10207/10211/8553 10210/10214/8553
f 10211/10215/8554 10212/10216/8555 10213/10217/8556
f 10211/10215/8554 10214/10218/8557 10212/10216/8555
f 10215/10219/8558 10216/10220/8558 10217/10221/8558
f 10216/10220/8558 10215/10219/8558 10218/10222/8558
f 10219/10223/8559 10220/10224/8559 10221/10225/8559
f 10220/10224/8559 10219/10223/8559 10222/10226/8559
f 10227/10227/8560 10228/10228/8561 10229/10229/8562
f 10228/10228/8561 10227/10227/8560 10230/10230/8563
f 10231/10231/8564 10232/10232/8565 10233/10233/8566
f 10233/10233/8566 10234/10234/8567 10231/10231/8564
f 10235/10235/8568 10236/10236/8569 10237/10237/8570
f 10236/10236/8569 10235/10235/8568 10238/10238/8571
usemtl Eye
s off
f 10239/10239/8572 10240/10240/8572 10241/10241/8572
f 10241/10241/8572 10242/10242/8572 10239/10239/8572
f 10243/10243/8573 10244/10244/8573 10245/10245/8573
f 10244/10244/8573 10243/10243/8573 10246/10246/8573
f 10247/10247/8574 10248/10248/8574 10249/10249/8574
f 10247/10247/8574 10250/10250/8574 10248/10248/8574
f 10251/10251/8575 10252/10252/8575 10253/10253/8575
f 10252/10252/8575 10251/10251/8575 10254/10254/8575
f 10255/10255/8576 10256/10256/8576 10257/10257/8576
f 10256/10256/8576 10255/10255/8576 10258/10258/8576
f 10259/10259/8577 10260/10260/8577 10261/10261/8577
f 10261/10261/8577 10262/10262/8577 10259/10259/8577
f 10263/10263/8578 10264/10264/8578 10265/10265/8578
f 10264/10264/8578 10263/10263/8578 10266/10266/8578
f 10267/10267/8579 10268/10268/8579 10269/10269/8579
f 10268/10268/8579 10267/10267/8579 10270/10270/8579
f 10271/10271/8580 10272/10272/8580 10273/10273/8580
f 10272/10272/8580 10271/10271/8580 10274/10274/8580
f 10275/10275/8581 10276/10276/8581 10277/10277/8581
f 10276/10276/8581 10275/10275/8581 10278/10278/8581
f 10279/10279/8582 10280/10280/8582 10281/10281/8582
f 10280/10280/8582 10279/10279/8582 10282/10282/8582
f 10283/10283/8583 10284/10284/8583 10285/10285/8583
f 10284/10284/8583 10283/10283/8583 10286/10286/8583
usemtl Moustache
f 10287/10287/8584 10288/10288/8584 10289/10289/8584
f 10290/10290/8585 10291/10291/8585 10292/10292/8585
f 10293/10293/8586 10294/10294/8586 10295/10295/8586
f 10296/10296/8587 10297/10297/8587 10298/10298/8587
f 10411/10299/8588 10412/10300/8588 10413/10301/8588
f 10414/10302/8589 10415/10303/8589 10416/10304/8589
f 10417/10305/8590 10418/10306/8590 10419/10307/8590
f 10420/10308/8591 10421/10309/8591 10422/10310/8591
s 1
f 10299/10311/8592 10300/10312/8593 10301/10313/8593
f 10299/10311/8592 10301/10313/8593 10302/10314/8594
f 10303/10315/8595 10304/10316/8596 10305/10317/8596
f 10304/10316/8596 10303/10315/8595 10306/10318/8597
f 10307/10319/8598 10308/10320/8599 10309/10321/8599
f 10310/10322/8600 10307/10319/8598 10309/10321/8599
f 10311/10323/8601 10312/10324/8602 10313/10325/8602
f 10312/10324/8602 10311/10323/8601 10314/10326/8602
f 10315/10327/8603 10316/10328/8603 10317/10329/8603
f 10317/10329/8603 10318/10330/8603 10315/10327/8603
f 10319/10331/8604 10320/10332/8605 10321/10333/8605
f 10320/10332/8605 10319/10331/8604 10322/10334/8606
f 10323/10335/8607 10324/10336/8607 10325/10337/8607
f 10325/10337/8607 10326/10338/8607 10323/10335/8607
f 10327/10339/8608 10328/10340/8608 10329/10341/8608
f 10328/10340/8608 10327/10339/8608 10330/10342/8609
f 10331/10343/8610 10332/10344/8610 10333/10345/8610
f 10333/10345/8610 10334/10346/8610 10331/10343/8610
f 10335/10347/8611 10336/10348/8612 10337/10349/8611
f 10336/10348/8612 10335/10347/8611 10338/10350/8612
f 10339/10351/8613 10340/10352/8613 10341/10353/8614
f 10340/10352/8613 10339/10351/8613 10342/10354/8615
f 10343/10355/8616 10344/10356/8616 10345/10357/8617
f 10344/10356/8616 10343/10355/8616 10346/10358/8616
f 10347/10359/8618 10348/10360/8619 10349/10361/8619
f 10349/10361/8619 10350/10362/8618 10347/10359/8618
f 10351/10363/8620 10352/10364/8620 10353/10365/8620
f 10352/10364/8620 10351/10363/8620 10354/10366/8620
f 10355/10367/8621 10356/10368/8621 10357/10369/8621
f 10356/10368/8621 10355/10367/8621 10358/10370/8621
f 10359/10371/8622 10360/10372/8622 10361/10373/8622
f 10360/10372/8622 10359/10371/8622 10362/10374/8622
f 10363/10375/8623 10364/10376/8623 10365/10377/8623
f 10365/10377/8623 10366/10378/8623 10363/10375/8623
f 10367/10379/8624 10368/10380/8624 10369/10381/8624
f 10368/10380/8624 10367/10379/8624 10370/10382/8624
f 10371/10383/8625 10372/10384/8625 10373/10385/8625
f 10372/10384/8625 10371/10383/8625 10374/10386/8625
f 10375/10387/8626 10376/10388/8626 10377/10389/8626
f 10376/10388/8626 10375/10387/8626 10378/10390/8626
f 10379/10391/8627 10380/10392/8627 10381/10393/8628
f 10381/10393/8628 10382/10394/8627 10379/10391/8627
f 10383/10395/8629 10384/10396/8629 10385/10397/8630
f 10384/10396/8629 10383/10395/8629 10386/10398/8631
f 10387/10399/8632 10388/10400/8633 10389/10401/8632
f 10388/10400/8633 10387/10399/8632 10390/10402/8632
f 10391/10403/8634 10392/10404/8635 10393/10405/8636
f 10393/10405/8636 10394/10406/8637 10391/10403/8634
f 10395/10407/8638 10396/10408/8639 10397/10409/8639
f 10396/10408/8639 10395/10407/8638 10398/10410/8638
f 10399/10411/8640 10400/10412/8641 10401/10413/8642
f 10400/10412/8641 10399/10411/8640 10402/10414/8642
f 10403/10415/8643 10404/10416/8643 10405/10417/8643
f 10404/10416/8643 10403/10415/8643 10406/10418/8643
f 10407/10419/8644 10408/10420/8644 10409/10421/8644
f 10409/10421/8644 10410/10422/8644 10407/10419/8644
f 10423/10423/8645 10424/10424/8646 10425/10425/8645
f 10424/10424/8646 10423/10423/8645 10426/10426/8646
f 10427/10427/8647 10428/10428/8648 10429/10429/8649
f 10428/10428/8648 10427/10427/8647 10430/10430/8649
f 10431/10431/8650 10432/10432/8651 10433/10433/8652
f 10432/10432/8651 10431/10431/8650 10434/10434/8651
f 10435/10435/8653 10436/10436/8654 10437/10437/8655
f 10436/10436/8654 10435/10435/8653 10438/10438/8653
f 10439/10439/8656 10440/10440/8656 10441/10441/8656
f 10440/10440/8656 10439/10439/8656 10442/10442/8656
f 10443/10443/8657 10444/10444/8657 10445/10445/8657
f 10444/10444/8657 10443/10443/8657 10446/10446/8657
f 10447/10447/8658 10448/10448/8658 10449/10449/8658
f 10448/10448/8658 10447/10447/8658 10450/10450/8658
f 10451/10451/8659 10452/10452/8659 10453/10453/8660
f 10452/10452/8659 10451/10451/8659 10454/10454/8661
f 10455/10455/8662 10456/10456/8662 10457/10457/8662
f 10456/10456/8662 10455/10455/8662 10458/10458/8662
f 10459/10459/8663 10460/10460/8663 10461/10461/8663
f 10460/10460/8663 10459/10459/8663 10462/10462/8664
f 10463/10463/8665 10464/10464/8666 10465/10465/8665
f 10464/10464/8666 10463/10463/8665 10466/10466/8666
f 10467/10467/8667 10468/10468/8668 10469/10469/8667
f 10468/10468/8668 10467/10467/8667 10470/10470/8669
f 10471/10471/8670 10472/10472/8670 10473/10473/8670
f 10472/10472/8670 10471/10471/8670 10474/10474/8670
f 10475/10475/8671 10476/10476/8672 10477/10477/8671
f 10476/10476/8672 10475/10475/8671 10478/10478/8672
f 10479/10479/8673 10480/10480/8674 10481/10481/8673
f 10480/10480/8674 10479/10479/8673 10482/10482/8674
f 10483/10483/8675 10484/10484/8675 10485/10485/8675
f 10484/10484/8675 10483/10483/8675 10486/10486/8675
f 10487/10487/8676 10488/10488/8676 10489/10489/8677
f 10488/10488/8676 10487/10487/8676 10490/10490/8676
f 10491/10491/8678 10492/10492/8679 10493/10493/8678
f 10492/10492/8679 10491/10491/8678 10494/10494/8678
f 10495/10495/8680 10496/10496/8680 10497/10497/8680
f 10496/10496/8680 10495/10495/8680 10498/10498/8680
f 10499/10499/8681 10500/10500/8681 10501/10501/8681
f 10500/10500/8681 10499/10499/8681 10502/10502/8682
f 10503/10503/8683 10504/10504/8683 10505/10505/8683
f 10504/10504/8683 10503/10503/8683 10506/10506/8683
f 10507/10507/8684 10508/10508/8685 10509/10509/8686
f 10510/10510/8687 10508/10508/8685 10507/10507/8684
f 10511/10511/8688 10512/10512/8689 10513/10513/8690
f 10512/10512/8689 10511/10511/8688 10514/10514/8689
f 10515/10515/8691 10516/10516/8692 10517/10517/8693
f 10516/10516/8692 10515/10515/8691 10518/10518/8694
f 10519/10519/8695 10520/10520/8696 10521/10521/8695
f 10520/10520/8696 10519/10519/8695 10522/10522/8696
f 10523/10523/8697 10524/10524/8698 10525/10525/8697
f 10523/10523/8697 10525/10525/8697 10526/10526/8697
f 10527/10527/8699 10528/10528/8700 10529/10529/8700
f 10528/10528/8700 10527/10527/8699 10530/10530/8699
f 10531/10531/8701 10532/10532/8702 10533/10533/8702
f 10534/10534/8702 10532/10532/8702 10531/10531/8701
